source,disposition,destination,required extraction,completion proof
docs/CONTRIBUTING.md,rewrite-and-keep,/extend/contributing/documentation,Keep public contribution guidance; remove internal migration workflow.,pending rewrite; source path existence verified
docs/DOCUMENTATION_TOPIC_MAP.md,delete-after-replacement,docs/blueprint/02-three-track-site-map.md,Replace the stale internal map with the approved three-track site map and generated coverage data.,pending rewrite; source path existence verified
docs/README.md,rewrite-and-keep,/,Replace with the three independent reader entrances and global search.,pending rewrite; source path existence verified
docs/ROADMAP.md,move-out-of-product-docs,project planning or website roadmap,Keep future work separate from current platform guarantees.,pending rewrite; source path existence verified
docs/architecture/README.md,review-extract-then-delete,/architecture or /decisions,"Classify each claim as current, decision, proposal, or obsolete before removal.",pending rewrite; source path existence verified
docs/architecture/buster-v2-runtime.md,review-extract-then-delete,/architecture or /decisions,"Classify each claim as current, decision, proposal, or obsolete before removal.",pending rewrite; source path existence verified
docs/architecture/capability-provider-routing.md,split-rewrite-then-delete,/architecture and /decisions,"Separate current behavior from decisions and proposals; rewrite canonical pages, then remove the mixed source document.",pending rewrite; source path existence verified
docs/architecture/echo-review-governance-implementation-plan.md,extract-then-delete,"/architecture, /use, /extend, /decisions",Extract verified current facts and durable reasoning; delete phase history and implementation bookkeeping after coverage is proven.,pending rewrite; source path existence verified
docs/architecture/echo-review-phase-1-baseline.md,extract-then-delete,"/architecture, /use, /extend, /decisions",Extract verified current facts and durable reasoning; delete phase history and implementation bookkeeping after coverage is proven.,pending rewrite; source path existence verified
docs/architecture/echo-review-phase-2-design.md,extract-then-delete,"/architecture, /use, /extend, /decisions",Extract verified current facts and durable reasoning; delete phase history and implementation bookkeeping after coverage is proven.,pending rewrite; source path existence verified
docs/architecture/echo-review-phase-3-design.md,extract-then-delete,"/architecture, /use, /extend, /decisions",Extract verified current facts and durable reasoning; delete phase history and implementation bookkeeping after coverage is proven.,pending rewrite; source path existence verified
docs/architecture/echo-review-phase-4-design.md,extract-then-delete,"/architecture, /use, /extend, /decisions",Extract verified current facts and durable reasoning; delete phase history and implementation bookkeeping after coverage is proven.,pending rewrite; source path existence verified
docs/architecture/echo-review-phase-4-plan.md,extract-then-delete,"/architecture, /use, /extend, /decisions",Extract verified current facts and durable reasoning; delete phase history and implementation bookkeeping after coverage is proven.,pending rewrite; source path existence verified
docs/architecture/echo-review-phase-5-design.md,extract-then-delete,"/architecture, /use, /extend, /decisions",Extract verified current facts and durable reasoning; delete phase history and implementation bookkeeping after coverage is proven.,pending rewrite; source path existence verified
docs/architecture/echo-review-phase-5-plan.md,extract-then-delete,"/architecture, /use, /extend, /decisions",Extract verified current facts and durable reasoning; delete phase history and implementation bookkeeping after coverage is proven.,pending rewrite; source path existence verified
docs/architecture/echo-review-phase-6-design.md,extract-then-delete,"/architecture, /use, /extend, /decisions",Extract verified current facts and durable reasoning; delete phase history and implementation bookkeeping after coverage is proven.,pending rewrite; source path existence verified
docs/architecture/echo-review-phase-6-plan.md,extract-then-delete,"/architecture, /use, /extend, /decisions",Extract verified current facts and durable reasoning; delete phase history and implementation bookkeeping after coverage is proven.,pending rewrite; source path existence verified
docs/architecture/echo-review-phase-7-design.md,extract-then-delete,"/architecture, /use, /extend, /decisions",Extract verified current facts and durable reasoning; delete phase history and implementation bookkeeping after coverage is proven.,pending rewrite; source path existence verified
docs/architecture/echo-review-phase-7-plan.md,extract-then-delete,"/architecture, /use, /extend, /decisions",Extract verified current facts and durable reasoning; delete phase history and implementation bookkeeping after coverage is proven.,pending rewrite; source path existence verified
docs/architecture/echo-review-phase-8-design.md,extract-then-delete,"/architecture, /use, /extend, /decisions",Extract verified current facts and durable reasoning; delete phase history and implementation bookkeeping after coverage is proven.,pending rewrite; source path existence verified
docs/architecture/echo-review-phase-8-plan.md,extract-then-delete,"/architecture, /use, /extend, /decisions",Extract verified current facts and durable reasoning; delete phase history and implementation bookkeeping after coverage is proven.,pending rewrite; source path existence verified
docs/architecture/echo-review-phase-9-evaluation.md,extract-then-delete,"/architecture, /use, /extend, /decisions",Extract verified current facts and durable reasoning; delete phase history and implementation bookkeeping after coverage is proven.,pending rewrite; source path existence verified
docs/architecture/echo-review-phase-9-hardening.md,extract-then-delete,"/architecture, /use, /extend, /decisions",Extract verified current facts and durable reasoning; delete phase history and implementation bookkeeping after coverage is proven.,pending rewrite; source path existence verified
docs/architecture/echo-review-roadmap.md,extract-then-delete,"/architecture, /use, /extend, /decisions",Extract verified current facts and durable reasoning; delete phase history and implementation bookkeeping after coverage is proven.,pending rewrite; source path existence verified
docs/architecture/echo-review-scalability-plan.md,review-extract-then-delete,/architecture or /decisions,"Classify each claim as current, decision, proposal, or obsolete before removal.",pending rewrite; source path existence verified
docs/architecture/lifecycle-and-state.md,split-rewrite-then-delete,/architecture and /decisions,"Separate current behavior from decisions and proposals; rewrite canonical pages, then remove the mixed source document.",pending rewrite; source path existence verified
docs/architecture/nova-project-runtime.md,review-extract-then-delete,/architecture or /decisions,"Classify each claim as current, decision, proposal, or obsolete before removal.",pending rewrite; source path existence verified
docs/architecture/ops-pod.md,review-extract-then-delete,/architecture or /decisions,"Classify each claim as current, decision, proposal, or obsolete before removal.",pending rewrite; source path existence verified
docs/architecture/pipeline-observability-foundation.md,review-extract-then-delete,/architecture or /decisions,"Classify each claim as current, decision, proposal, or obsolete before removal.",pending rewrite; source path existence verified
docs/architecture/pipeline-observability-phase-5-7-a-audit.md,extract-then-delete,"/architecture, /use, /extend, /decisions",Extract verified current facts and durable reasoning; delete phase history and implementation bookkeeping after coverage is proven.,pending rewrite; source path existence verified
docs/architecture/pipeline-observability-phase-5-7-a-inventory.json,extract-decisions-then-delete,/decisions,Promote durable decisions with current code evidence; discard phase bookkeeping.,pending rewrite; source path existence verified
docs/architecture/pipeline-observability-phase-5-7-b-audit.md,extract-then-delete,"/architecture, /use, /extend, /decisions",Extract verified current facts and durable reasoning; delete phase history and implementation bookkeeping after coverage is proven.,pending rewrite; source path existence verified
docs/architecture/pipeline-observability-phase-5-7-c-audit.md,extract-then-delete,"/architecture, /use, /extend, /decisions",Extract verified current facts and durable reasoning; delete phase history and implementation bookkeeping after coverage is proven.,pending rewrite; source path existence verified
docs/architecture/pipeline-observability-phase-5-7-d-audit.md,extract-then-delete,"/architecture, /use, /extend, /decisions",Extract verified current facts and durable reasoning; delete phase history and implementation bookkeeping after coverage is proven.,pending rewrite; source path existence verified
docs/architecture/pipeline-observability-phase-5-7-e-audit.md,extract-then-delete,"/architecture, /use, /extend, /decisions",Extract verified current facts and durable reasoning; delete phase history and implementation bookkeeping after coverage is proven.,pending rewrite; source path existence verified
docs/architecture/pipeline-observability-phase-5-7-f-audit.md,extract-then-delete,"/architecture, /use, /extend, /decisions",Extract verified current facts and durable reasoning; delete phase history and implementation bookkeeping after coverage is proven.,pending rewrite; source path existence verified
docs/architecture/pipeline-observability-phase-5-7-final-audit.md,extract-then-delete,"/architecture, /use, /extend, /decisions",Extract verified current facts and durable reasoning; delete phase history and implementation bookkeeping after coverage is proven.,pending rewrite; source path existence verified
docs/architecture/pipeline-reliability-remediation.md,review-extract-then-delete,/architecture or /decisions,"Classify each claim as current, decision, proposal, or obsolete before removal.",pending rewrite; source path existence verified
docs/architecture/pipeline-runtime-packaging-phase-5-6-a-audit.md,extract-then-delete,"/architecture, /use, /extend, /decisions",Extract verified current facts and durable reasoning; delete phase history and implementation bookkeeping after coverage is proven.,pending rewrite; source path existence verified
docs/architecture/pipeline-runtime-packaging-phase-5-6-b-audit.md,extract-then-delete,"/architecture, /use, /extend, /decisions",Extract verified current facts and durable reasoning; delete phase history and implementation bookkeeping after coverage is proven.,pending rewrite; source path existence verified
docs/architecture/pipeline-runtime-packaging-phase-5-6-c-audit.md,extract-then-delete,"/architecture, /use, /extend, /decisions",Extract verified current facts and durable reasoning; delete phase history and implementation bookkeeping after coverage is proven.,pending rewrite; source path existence verified
docs/architecture/pipeline-runtime-packaging-phase-5-6-d-audit.md,extract-then-delete,"/architecture, /use, /extend, /decisions",Extract verified current facts and durable reasoning; delete phase history and implementation bookkeeping after coverage is proven.,pending rewrite; source path existence verified
docs/architecture/pipeline-runtime-packaging-phase-5-6-e-audit.md,extract-then-delete,"/architecture, /use, /extend, /decisions",Extract verified current facts and durable reasoning; delete phase history and implementation bookkeeping after coverage is proven.,pending rewrite; source path existence verified
docs/architecture/pipeline-runtime-packaging-phase-5-6-f-audit.md,extract-then-delete,"/architecture, /use, /extend, /decisions",Extract verified current facts and durable reasoning; delete phase history and implementation bookkeeping after coverage is proven.,pending rewrite; source path existence verified
docs/architecture/pipeline-runtime-packaging-phase-5-6-final-audit.md,extract-then-delete,"/architecture, /use, /extend, /decisions",Extract verified current facts and durable reasoning; delete phase history and implementation bookkeeping after coverage is proven.,pending rewrite; source path existence verified
docs/architecture/pipeline-runtime-packaging.md,split-rewrite-then-delete,/architecture and /decisions,"Separate current behavior from decisions and proposals; rewrite canonical pages, then remove the mixed source document.",pending rewrite; source path existence verified
docs/architecture/pipeline-test-gate-a11y-baseline.json,extract-decisions-then-delete,/decisions,Promote durable decisions with current code evidence; discard phase bookkeeping.,pending rewrite; source path existence verified
docs/architecture/pipeline-test-gate-a11y-configuration-reference.md,review-extract-then-delete,/architecture or /decisions,"Classify each claim as current, decision, proposal, or obsolete before removal.",pending rewrite; source path existence verified
docs/architecture/pipeline-test-gate-a11y-cutover-inventory.json,extract-decisions-then-delete,/decisions,Promote durable decisions with current code evidence; discard phase bookkeeping.,pending rewrite; source path existence verified
docs/architecture/pipeline-test-gate-a11y-cutover-plan.md,review-extract-then-delete,/architecture or /decisions,"Classify each claim as current, decision, proposal, or obsolete before removal.",pending rewrite; source path existence verified
docs/architecture/pipeline-test-gate-a11y-documentation-manifest.json,extract-decisions-then-delete,/decisions,Promote durable decisions with current code evidence; discard phase bookkeeping.,pending rewrite; source path existence verified
docs/architecture/pipeline-test-gate-a11y-error-reference.md,review-extract-then-delete,/architecture or /decisions,"Classify each claim as current, decision, proposal, or obsolete before removal.",pending rewrite; source path existence verified
docs/architecture/pipeline-test-gate-a11y-implementation-plan.md,extract-then-delete,"/architecture, /use, /extend, /decisions",Extract verified current facts and durable reasoning; delete phase history and implementation bookkeeping after coverage is proven.,pending rewrite; source path existence verified
docs/architecture/pipeline-test-gate-a11y-operator-guide.md,review-extract-then-delete,/architecture or /decisions,"Classify each claim as current, decision, proposal, or obsolete before removal.",pending rewrite; source path existence verified
docs/architecture/pipeline-test-gate-a11y-parity-ledger.json,extract-decisions-then-delete,/decisions,Promote durable decisions with current code evidence; discard phase bookkeeping.,pending rewrite; source path existence verified
docs/architecture/pipeline-test-gate-a11y-parity-plan.md,review-extract-then-delete,/architecture or /decisions,"Classify each claim as current, decision, proposal, or obsolete before removal.",pending rewrite; source path existence verified
docs/architecture/pipeline-test-gate-a11y-security-model.md,split-rewrite-then-delete,/architecture and /decisions,"Separate current behavior from decisions and proposals; rewrite canonical pages, then remove the mixed source document.",pending rewrite; source path existence verified
docs/architecture/pipeline-test-gate-a11y-user-guide.md,review-extract-then-delete,/architecture or /decisions,"Classify each claim as current, decision, proposal, or obsolete before removal.",pending rewrite; source path existence verified
docs/architecture/pipeline-test-gate-api-baseline.json,extract-decisions-then-delete,/decisions,Promote durable decisions with current code evidence; discard phase bookkeeping.,pending rewrite; source path existence verified
docs/architecture/pipeline-test-gate-api-configuration-reference.md,review-extract-then-delete,/architecture or /decisions,"Classify each claim as current, decision, proposal, or obsolete before removal.",pending rewrite; source path existence verified
docs/architecture/pipeline-test-gate-api-cutover-inventory.json,extract-decisions-then-delete,/decisions,Promote durable decisions with current code evidence; discard phase bookkeeping.,pending rewrite; source path existence verified
docs/architecture/pipeline-test-gate-api-cutover-plan.md,review-extract-then-delete,/architecture or /decisions,"Classify each claim as current, decision, proposal, or obsolete before removal.",pending rewrite; source path existence verified
docs/architecture/pipeline-test-gate-api-error-reference.md,review-extract-then-delete,/architecture or /decisions,"Classify each claim as current, decision, proposal, or obsolete before removal.",pending rewrite; source path existence verified
docs/architecture/pipeline-test-gate-api-flow-documentation-manifest.json,extract-decisions-then-delete,/decisions,Promote durable decisions with current code evidence; discard phase bookkeeping.,pending rewrite; source path existence verified
docs/architecture/pipeline-test-gate-api-implementation-plan.md,extract-then-delete,"/architecture, /use, /extend, /decisions",Extract verified current facts and durable reasoning; delete phase history and implementation bookkeeping after coverage is proven.,pending rewrite; source path existence verified
docs/architecture/pipeline-test-gate-api-operator-guide.md,review-extract-then-delete,/architecture or /decisions,"Classify each claim as current, decision, proposal, or obsolete before removal.",pending rewrite; source path existence verified
docs/architecture/pipeline-test-gate-api-parity-ledger.json,extract-decisions-then-delete,/decisions,Promote durable decisions with current code evidence; discard phase bookkeeping.,pending rewrite; source path existence verified
docs/architecture/pipeline-test-gate-api-parity-plan.md,review-extract-then-delete,/architecture or /decisions,"Classify each claim as current, decision, proposal, or obsolete before removal.",pending rewrite; source path existence verified
docs/architecture/pipeline-test-gate-api-security-model.md,split-rewrite-then-delete,/architecture and /decisions,"Separate current behavior from decisions and proposals; rewrite canonical pages, then remove the mixed source document.",pending rewrite; source path existence verified
docs/architecture/pipeline-test-gate-api-three-phase-audit.md,extract-then-delete,"/architecture, /use, /extend, /decisions",Extract verified current facts and durable reasoning; delete phase history and implementation bookkeeping after coverage is proven.,pending rewrite; source path existence verified
docs/architecture/pipeline-test-gate-api-user-guide.md,review-extract-then-delete,/architecture or /decisions,"Classify each claim as current, decision, proposal, or obsolete before removal.",pending rewrite; source path existence verified
docs/architecture/pipeline-test-gate-container-build-baseline.json,extract-decisions-then-delete,/decisions,Promote durable decisions with current code evidence; discard phase bookkeeping.,pending rewrite; source path existence verified
docs/architecture/pipeline-test-gate-container-build-configuration-reference.md,review-extract-then-delete,/architecture or /decisions,"Classify each claim as current, decision, proposal, or obsolete before removal.",pending rewrite; source path existence verified
docs/architecture/pipeline-test-gate-container-build-cutover-final-audit.md,extract-then-delete,"/architecture, /use, /extend, /decisions",Extract verified current facts and durable reasoning; delete phase history and implementation bookkeeping after coverage is proven.,pending rewrite; source path existence verified
docs/architecture/pipeline-test-gate-container-build-cutover-inventory.json,extract-decisions-then-delete,/decisions,Promote durable decisions with current code evidence; discard phase bookkeeping.,pending rewrite; source path existence verified
docs/architecture/pipeline-test-gate-container-build-cutover-plan.md,review-extract-then-delete,/architecture or /decisions,"Classify each claim as current, decision, proposal, or obsolete before removal.",pending rewrite; source path existence verified
docs/architecture/pipeline-test-gate-container-build-documentation-manifest.json,extract-decisions-then-delete,/decisions,Promote durable decisions with current code evidence; discard phase bookkeeping.,pending rewrite; source path existence verified
docs/architecture/pipeline-test-gate-container-build-error-reference.md,review-extract-then-delete,/architecture or /decisions,"Classify each claim as current, decision, proposal, or obsolete before removal.",pending rewrite; source path existence verified
docs/architecture/pipeline-test-gate-container-build-implementation-final-audit.md,extract-then-delete,"/architecture, /use, /extend, /decisions",Extract verified current facts and durable reasoning; delete phase history and implementation bookkeeping after coverage is proven.,pending rewrite; source path existence verified
docs/architecture/pipeline-test-gate-container-build-implementation-plan.md,extract-then-delete,"/architecture, /use, /extend, /decisions",Extract verified current facts and durable reasoning; delete phase history and implementation bookkeeping after coverage is proven.,pending rewrite; source path existence verified
docs/architecture/pipeline-test-gate-container-build-operator-guide.md,review-extract-then-delete,/architecture or /decisions,"Classify each claim as current, decision, proposal, or obsolete before removal.",pending rewrite; source path existence verified
docs/architecture/pipeline-test-gate-container-build-parity-final-audit.md,extract-then-delete,"/architecture, /use, /extend, /decisions",Extract verified current facts and durable reasoning; delete phase history and implementation bookkeeping after coverage is proven.,pending rewrite; source path existence verified
docs/architecture/pipeline-test-gate-container-build-parity-ledger.json,extract-decisions-then-delete,/decisions,Promote durable decisions with current code evidence; discard phase bookkeeping.,pending rewrite; source path existence verified
docs/architecture/pipeline-test-gate-container-build-parity-plan.md,review-extract-then-delete,/architecture or /decisions,"Classify each claim as current, decision, proposal, or obsolete before removal.",pending rewrite; source path existence verified
docs/architecture/pipeline-test-gate-container-build-security-model.md,split-rewrite-then-delete,/architecture and /decisions,"Separate current behavior from decisions and proposals; rewrite canonical pages, then remove the mixed source document.",pending rewrite; source path existence verified
docs/architecture/pipeline-test-gate-container-build-user-guide.md,review-extract-then-delete,/architecture or /decisions,"Classify each claim as current, decision, proposal, or obsolete before removal.",pending rewrite; source path existence verified
docs/architecture/pipeline-test-gate-decision-ledger.json,extract-decisions-then-delete,/decisions,Promote durable decisions with current code evidence; discard phase bookkeeping.,pending rewrite; source path existence verified
docs/architecture/pipeline-test-gate-design.md,split-rewrite-then-delete,/architecture and /decisions,"Separate current behavior from decisions and proposals; rewrite canonical pages, then remove the mixed source document.",pending rewrite; source path existence verified
docs/architecture/pipeline-test-gate-e2e-baseline.json,extract-decisions-then-delete,/decisions,Promote durable decisions with current code evidence; discard phase bookkeeping.,pending rewrite; source path existence verified
docs/architecture/pipeline-test-gate-e2e-configuration-reference.md,review-extract-then-delete,/architecture or /decisions,"Classify each claim as current, decision, proposal, or obsolete before removal.",pending rewrite; source path existence verified
docs/architecture/pipeline-test-gate-e2e-cutover-inventory.json,extract-decisions-then-delete,/decisions,Promote durable decisions with current code evidence; discard phase bookkeeping.,pending rewrite; source path existence verified
docs/architecture/pipeline-test-gate-e2e-documentation-manifest.json,extract-decisions-then-delete,/decisions,Promote durable decisions with current code evidence; discard phase bookkeeping.,pending rewrite; source path existence verified
docs/architecture/pipeline-test-gate-e2e-error-reference.md,review-extract-then-delete,/architecture or /decisions,"Classify each claim as current, decision, proposal, or obsolete before removal.",pending rewrite; source path existence verified
docs/architecture/pipeline-test-gate-e2e-operator-guide.md,review-extract-then-delete,/architecture or /decisions,"Classify each claim as current, decision, proposal, or obsolete before removal.",pending rewrite; source path existence verified
docs/architecture/pipeline-test-gate-e2e-parity-ledger.json,extract-decisions-then-delete,/decisions,Promote durable decisions with current code evidence; discard phase bookkeeping.,pending rewrite; source path existence verified
docs/architecture/pipeline-test-gate-e2e-phase-10-cutover-plan.md,extract-then-delete,"/architecture, /use, /extend, /decisions",Extract verified current facts and durable reasoning; delete phase history and implementation bookkeeping after coverage is proven.,pending rewrite; source path existence verified
docs/architecture/pipeline-test-gate-e2e-phase-8-plan.md,extract-then-delete,"/architecture, /use, /extend, /decisions",Extract verified current facts and durable reasoning; delete phase history and implementation bookkeeping after coverage is proven.,pending rewrite; source path existence verified
docs/architecture/pipeline-test-gate-e2e-phase-9-parity-plan.md,extract-then-delete,"/architecture, /use, /extend, /decisions",Extract verified current facts and durable reasoning; delete phase history and implementation bookkeeping after coverage is proven.,pending rewrite; source path existence verified
docs/architecture/pipeline-test-gate-e2e-security-model.md,split-rewrite-then-delete,/architecture and /decisions,"Separate current behavior from decisions and proposals; rewrite canonical pages, then remove the mixed source document.",pending rewrite; source path existence verified
docs/architecture/pipeline-test-gate-e2e-user-guide.md,review-extract-then-delete,/architecture or /decisions,"Classify each claim as current, decision, proposal, or obsolete before removal.",pending rewrite; source path existence verified
docs/architecture/pipeline-test-gate-http-baseline.json,extract-decisions-then-delete,/decisions,Promote durable decisions with current code evidence; discard phase bookkeeping.,pending rewrite; source path existence verified
docs/architecture/pipeline-test-gate-http-configuration-reference.md,review-extract-then-delete,/architecture or /decisions,"Classify each claim as current, decision, proposal, or obsolete before removal.",pending rewrite; source path existence verified
docs/architecture/pipeline-test-gate-http-cutover-final-audit.md,extract-then-delete,"/architecture, /use, /extend, /decisions",Extract verified current facts and durable reasoning; delete phase history and implementation bookkeeping after coverage is proven.,pending rewrite; source path existence verified
docs/architecture/pipeline-test-gate-http-cutover-inventory.json,extract-decisions-then-delete,/decisions,Promote durable decisions with current code evidence; discard phase bookkeeping.,pending rewrite; source path existence verified
docs/architecture/pipeline-test-gate-http-documentation-manifest.json,extract-decisions-then-delete,/decisions,Promote durable decisions with current code evidence; discard phase bookkeeping.,pending rewrite; source path existence verified
docs/architecture/pipeline-test-gate-http-error-reference.md,review-extract-then-delete,/architecture or /decisions,"Classify each claim as current, decision, proposal, or obsolete before removal.",pending rewrite; source path existence verified
docs/architecture/pipeline-test-gate-http-implementation-plan.md,extract-then-delete,"/architecture, /use, /extend, /decisions",Extract verified current facts and durable reasoning; delete phase history and implementation bookkeeping after coverage is proven.,pending rewrite; source path existence verified
docs/architecture/pipeline-test-gate-http-operator-guide.md,review-extract-then-delete,/architecture or /decisions,"Classify each claim as current, decision, proposal, or obsolete before removal.",pending rewrite; source path existence verified
docs/architecture/pipeline-test-gate-http-parity-final-audit.md,extract-then-delete,"/architecture, /use, /extend, /decisions",Extract verified current facts and durable reasoning; delete phase history and implementation bookkeeping after coverage is proven.,pending rewrite; source path existence verified
docs/architecture/pipeline-test-gate-http-parity-ledger.json,extract-decisions-then-delete,/decisions,Promote durable decisions with current code evidence; discard phase bookkeeping.,pending rewrite; source path existence verified
docs/architecture/pipeline-test-gate-http-security-model.md,split-rewrite-then-delete,/architecture and /decisions,"Separate current behavior from decisions and proposals; rewrite canonical pages, then remove the mixed source document.",pending rewrite; source path existence verified
docs/architecture/pipeline-test-gate-http-user-guide.md,review-extract-then-delete,/architecture or /decisions,"Classify each claim as current, decision, proposal, or obsolete before removal.",pending rewrite; source path existence verified
docs/architecture/pipeline-test-gate-implementation-plan.md,extract-then-delete,"/architecture, /use, /extend, /decisions",Extract verified current facts and durable reasoning; delete phase history and implementation bookkeeping after coverage is proven.,pending rewrite; source path existence verified
docs/architecture/pipeline-test-gate-kubernetes-fixture-baseline.json,extract-decisions-then-delete,/decisions,Promote durable decisions with current code evidence; discard phase bookkeeping.,pending rewrite; source path existence verified
docs/architecture/pipeline-test-gate-kubernetes-fixture-configuration-reference.md,review-extract-then-delete,/architecture or /decisions,"Classify each claim as current, decision, proposal, or obsolete before removal.",pending rewrite; source path existence verified
docs/architecture/pipeline-test-gate-kubernetes-fixture-cutover-final-audit.md,extract-then-delete,"/architecture, /use, /extend, /decisions",Extract verified current facts and durable reasoning; delete phase history and implementation bookkeeping after coverage is proven.,pending rewrite; source path existence verified
docs/architecture/pipeline-test-gate-kubernetes-fixture-cutover-inventory.json,extract-decisions-then-delete,/decisions,Promote durable decisions with current code evidence; discard phase bookkeeping.,pending rewrite; source path existence verified
docs/architecture/pipeline-test-gate-kubernetes-fixture-documentation-manifest.json,extract-decisions-then-delete,/decisions,Promote durable decisions with current code evidence; discard phase bookkeeping.,pending rewrite; source path existence verified
docs/architecture/pipeline-test-gate-kubernetes-fixture-error-reference.md,review-extract-then-delete,/architecture or /decisions,"Classify each claim as current, decision, proposal, or obsolete before removal.",pending rewrite; source path existence verified
docs/architecture/pipeline-test-gate-kubernetes-fixture-implementation-final-audit.md,extract-then-delete,"/architecture, /use, /extend, /decisions",Extract verified current facts and durable reasoning; delete phase history and implementation bookkeeping after coverage is proven.,pending rewrite; source path existence verified
docs/architecture/pipeline-test-gate-kubernetes-fixture-implementation-plan.md,extract-then-delete,"/architecture, /use, /extend, /decisions",Extract verified current facts and durable reasoning; delete phase history and implementation bookkeeping after coverage is proven.,pending rewrite; source path existence verified
docs/architecture/pipeline-test-gate-kubernetes-fixture-operator-guide.md,review-extract-then-delete,/architecture or /decisions,"Classify each claim as current, decision, proposal, or obsolete before removal.",pending rewrite; source path existence verified
docs/architecture/pipeline-test-gate-kubernetes-fixture-parity-final-audit.md,extract-then-delete,"/architecture, /use, /extend, /decisions",Extract verified current facts and durable reasoning; delete phase history and implementation bookkeeping after coverage is proven.,pending rewrite; source path existence verified
docs/architecture/pipeline-test-gate-kubernetes-fixture-parity-ledger.json,extract-decisions-then-delete,/decisions,Promote durable decisions with current code evidence; discard phase bookkeeping.,pending rewrite; source path existence verified
docs/architecture/pipeline-test-gate-kubernetes-fixture-security-model.md,split-rewrite-then-delete,/architecture and /decisions,"Separate current behavior from decisions and proposals; rewrite canonical pages, then remove the mixed source document.",pending rewrite; source path existence verified
docs/architecture/pipeline-test-gate-kubernetes-fixture-three-phase-audit.md,extract-then-delete,"/architecture, /use, /extend, /decisions",Extract verified current facts and durable reasoning; delete phase history and implementation bookkeeping after coverage is proven.,pending rewrite; source path existence verified
docs/architecture/pipeline-test-gate-kubernetes-fixture-user-guide.md,review-extract-then-delete,/architecture or /decisions,"Classify each claim as current, decision, proposal, or obsolete before removal.",pending rewrite; source path existence verified
docs/architecture/pipeline-test-gate-lighthouse-baseline.json,extract-decisions-then-delete,/decisions,Promote durable decisions with current code evidence; discard phase bookkeeping.,pending rewrite; source path existence verified
docs/architecture/pipeline-test-gate-lighthouse-configuration-reference.md,review-extract-then-delete,/architecture or /decisions,"Classify each claim as current, decision, proposal, or obsolete before removal.",pending rewrite; source path existence verified
docs/architecture/pipeline-test-gate-lighthouse-cutover-inventory.json,extract-decisions-then-delete,/decisions,Promote durable decisions with current code evidence; discard phase bookkeeping.,pending rewrite; source path existence verified
docs/architecture/pipeline-test-gate-lighthouse-cutover-plan.md,review-extract-then-delete,/architecture or /decisions,"Classify each claim as current, decision, proposal, or obsolete before removal.",pending rewrite; source path existence verified
docs/architecture/pipeline-test-gate-lighthouse-documentation-manifest.json,extract-decisions-then-delete,/decisions,Promote durable decisions with current code evidence; discard phase bookkeeping.,pending rewrite; source path existence verified
docs/architecture/pipeline-test-gate-lighthouse-error-reference.md,review-extract-then-delete,/architecture or /decisions,"Classify each claim as current, decision, proposal, or obsolete before removal.",pending rewrite; source path existence verified
docs/architecture/pipeline-test-gate-lighthouse-implementation-plan.md,extract-then-delete,"/architecture, /use, /extend, /decisions",Extract verified current facts and durable reasoning; delete phase history and implementation bookkeeping after coverage is proven.,pending rewrite; source path existence verified
docs/architecture/pipeline-test-gate-lighthouse-operator-guide.md,review-extract-then-delete,/architecture or /decisions,"Classify each claim as current, decision, proposal, or obsolete before removal.",pending rewrite; source path existence verified
docs/architecture/pipeline-test-gate-lighthouse-parity-ledger.json,extract-decisions-then-delete,/decisions,Promote durable decisions with current code evidence; discard phase bookkeeping.,pending rewrite; source path existence verified
docs/architecture/pipeline-test-gate-lighthouse-parity-plan.md,review-extract-then-delete,/architecture or /decisions,"Classify each claim as current, decision, proposal, or obsolete before removal.",pending rewrite; source path existence verified
docs/architecture/pipeline-test-gate-lighthouse-security-model.md,split-rewrite-then-delete,/architecture and /decisions,"Separate current behavior from decisions and proposals; rewrite canonical pages, then remove the mixed source document.",pending rewrite; source path existence verified
docs/architecture/pipeline-test-gate-lighthouse-user-guide.md,review-extract-then-delete,/architecture or /decisions,"Classify each claim as current, decision, proposal, or obsolete before removal.",pending rewrite; source path existence verified
docs/architecture/pipeline-test-gate-manifest-lint-baseline.json,extract-decisions-then-delete,/decisions,Promote durable decisions with current code evidence; discard phase bookkeeping.,pending rewrite; source path existence verified
docs/architecture/pipeline-test-gate-manifest-lint-comparison.md,review-extract-then-delete,/architecture or /decisions,"Classify each claim as current, decision, proposal, or obsolete before removal.",pending rewrite; source path existence verified
docs/architecture/pipeline-test-gate-manifest-lint-cutover-final-audit.md,extract-then-delete,"/architecture, /use, /extend, /decisions",Extract verified current facts and durable reasoning; delete phase history and implementation bookkeeping after coverage is proven.,pending rewrite; source path existence verified
docs/architecture/pipeline-test-gate-manifest-lint-cutover-inventory.json,extract-decisions-then-delete,/decisions,Promote durable decisions with current code evidence; discard phase bookkeeping.,pending rewrite; source path existence verified
docs/architecture/pipeline-test-gate-manifest-lint-cutover-plan.md,review-extract-then-delete,/architecture or /decisions,"Classify each claim as current, decision, proposal, or obsolete before removal.",pending rewrite; source path existence verified
docs/architecture/pipeline-test-gate-manifest-lint-final-audit.md,extract-then-delete,"/architecture, /use, /extend, /decisions",Extract verified current facts and durable reasoning; delete phase history and implementation bookkeeping after coverage is proven.,pending rewrite; source path existence verified
docs/architecture/pipeline-test-gate-manifest-lint-implementation-plan.md,extract-then-delete,"/architecture, /use, /extend, /decisions",Extract verified current facts and durable reasoning; delete phase history and implementation bookkeeping after coverage is proven.,pending rewrite; source path existence verified
docs/architecture/pipeline-test-gate-manifest-lint-operator-guide.md,review-extract-then-delete,/architecture or /decisions,"Classify each claim as current, decision, proposal, or obsolete before removal.",pending rewrite; source path existence verified
docs/architecture/pipeline-test-gate-manifest-lint-parity-final-audit.md,extract-then-delete,"/architecture, /use, /extend, /decisions",Extract verified current facts and durable reasoning; delete phase history and implementation bookkeeping after coverage is proven.,pending rewrite; source path existence verified
docs/architecture/pipeline-test-gate-manifest-lint-parity-ledger.json,extract-decisions-then-delete,/decisions,Promote durable decisions with current code evidence; discard phase bookkeeping.,pending rewrite; source path existence verified
docs/architecture/pipeline-test-gate-manifest-lint-parity-plan.md,review-extract-then-delete,/architecture or /decisions,"Classify each claim as current, decision, proposal, or obsolete before removal.",pending rewrite; source path existence verified
docs/architecture/pipeline-test-gate-manifest-lint-parity-report.md,review-extract-then-delete,/architecture or /decisions,"Classify each claim as current, decision, proposal, or obsolete before removal.",pending rewrite; source path existence verified
docs/architecture/pipeline-test-gate-manifest-lint-user-guide.md,review-extract-then-delete,/architecture or /decisions,"Classify each claim as current, decision, proposal, or obsolete before removal.",pending rewrite; source path existence verified
docs/architecture/pipeline-test-gate-manifest-policy-pack-author-guide.md,review-extract-then-delete,/architecture or /decisions,"Classify each claim as current, decision, proposal, or obsolete before removal.",pending rewrite; source path existence verified
docs/architecture/pipeline-test-gate-openapi-documentation-manifest.json,extract-decisions-then-delete,/decisions,Promote durable decisions with current code evidence; discard phase bookkeeping.,pending rewrite; source path existence verified
docs/architecture/pipeline-test-gate-phase-10-final-audit.md,extract-then-delete,"/architecture, /use, /extend, /decisions",Extract verified current facts and durable reasoning; delete phase history and implementation bookkeeping after coverage is proven.,pending rewrite; source path existence verified
docs/architecture/pipeline-test-gate-phase-10-plan.md,extract-then-delete,"/architecture, /use, /extend, /decisions",Extract verified current facts and durable reasoning; delete phase history and implementation bookkeeping after coverage is proven.,pending rewrite; source path existence verified
docs/architecture/pipeline-test-gate-phase-2-audit.md,extract-then-delete,"/architecture, /use, /extend, /decisions",Extract verified current facts and durable reasoning; delete phase history and implementation bookkeeping after coverage is proven.,pending rewrite; source path existence verified
docs/architecture/pipeline-test-gate-phase-3-audit.md,extract-then-delete,"/architecture, /use, /extend, /decisions",Extract verified current facts and durable reasoning; delete phase history and implementation bookkeeping after coverage is proven.,pending rewrite; source path existence verified
docs/architecture/pipeline-test-gate-phase-4-audit.md,extract-then-delete,"/architecture, /use, /extend, /decisions",Extract verified current facts and durable reasoning; delete phase history and implementation bookkeeping after coverage is proven.,pending rewrite; source path existence verified
docs/architecture/pipeline-test-gate-phase-5-audit.md,extract-then-delete,"/architecture, /use, /extend, /decisions",Extract verified current facts and durable reasoning; delete phase history and implementation bookkeeping after coverage is proven.,pending rewrite; source path existence verified
docs/architecture/pipeline-test-gate-phase-6-a-audit.md,extract-then-delete,"/architecture, /use, /extend, /decisions",Extract verified current facts and durable reasoning; delete phase history and implementation bookkeeping after coverage is proven.,pending rewrite; source path existence verified
docs/architecture/pipeline-test-gate-phase-6-b-audit.md,extract-then-delete,"/architecture, /use, /extend, /decisions",Extract verified current facts and durable reasoning; delete phase history and implementation bookkeeping after coverage is proven.,pending rewrite; source path existence verified
docs/architecture/pipeline-test-gate-phase-6-c-audit.md,extract-then-delete,"/architecture, /use, /extend, /decisions",Extract verified current facts and durable reasoning; delete phase history and implementation bookkeeping after coverage is proven.,pending rewrite; source path existence verified
docs/architecture/pipeline-test-gate-phase-6-d-audit.md,extract-then-delete,"/architecture, /use, /extend, /decisions",Extract verified current facts and durable reasoning; delete phase history and implementation bookkeeping after coverage is proven.,pending rewrite; source path existence verified
docs/architecture/pipeline-test-gate-phase-6-e-audit.md,extract-then-delete,"/architecture, /use, /extend, /decisions",Extract verified current facts and durable reasoning; delete phase history and implementation bookkeeping after coverage is proven.,pending rewrite; source path existence verified
docs/architecture/pipeline-test-gate-phase-6-final-audit.md,extract-then-delete,"/architecture, /use, /extend, /decisions",Extract verified current facts and durable reasoning; delete phase history and implementation bookkeeping after coverage is proven.,pending rewrite; source path existence verified
docs/architecture/pipeline-test-gate-phase-7-a-audit.md,extract-then-delete,"/architecture, /use, /extend, /decisions",Extract verified current facts and durable reasoning; delete phase history and implementation bookkeeping after coverage is proven.,pending rewrite; source path existence verified
docs/architecture/pipeline-test-gate-phase-7-b-audit.md,extract-then-delete,"/architecture, /use, /extend, /decisions",Extract verified current facts and durable reasoning; delete phase history and implementation bookkeeping after coverage is proven.,pending rewrite; source path existence verified
docs/architecture/pipeline-test-gate-phase-7-c-audit.md,extract-then-delete,"/architecture, /use, /extend, /decisions",Extract verified current facts and durable reasoning; delete phase history and implementation bookkeeping after coverage is proven.,pending rewrite; source path existence verified
docs/architecture/pipeline-test-gate-phase-7-closeout.md,extract-then-delete,"/architecture, /use, /extend, /decisions",Extract verified current facts and durable reasoning; delete phase history and implementation bookkeeping after coverage is proven.,pending rewrite; source path existence verified
docs/architecture/pipeline-test-gate-phase-7-d-audit.md,extract-then-delete,"/architecture, /use, /extend, /decisions",Extract verified current facts and durable reasoning; delete phase history and implementation bookkeeping after coverage is proven.,pending rewrite; source path existence verified
docs/architecture/pipeline-test-gate-phase-7-e-audit.md,extract-then-delete,"/architecture, /use, /extend, /decisions",Extract verified current facts and durable reasoning; delete phase history and implementation bookkeeping after coverage is proven.,pending rewrite; source path existence verified
docs/architecture/pipeline-test-gate-phase-7-f-audit.md,extract-then-delete,"/architecture, /use, /extend, /decisions",Extract verified current facts and durable reasoning; delete phase history and implementation bookkeeping after coverage is proven.,pending rewrite; source path existence verified
docs/architecture/pipeline-test-gate-phase-7-final-audit.md,extract-then-delete,"/architecture, /use, /extend, /decisions",Extract verified current facts and durable reasoning; delete phase history and implementation bookkeeping after coverage is proven.,pending rewrite; source path existence verified
docs/architecture/pipeline-test-gate-phase-8-final-audit.md,extract-then-delete,"/architecture, /use, /extend, /decisions",Extract verified current facts and durable reasoning; delete phase history and implementation bookkeeping after coverage is proven.,pending rewrite; source path existence verified
docs/architecture/pipeline-test-gate-phase-8-plan.md,extract-then-delete,"/architecture, /use, /extend, /decisions",Extract verified current facts and durable reasoning; delete phase history and implementation bookkeeping after coverage is proven.,pending rewrite; source path existence verified
docs/architecture/pipeline-test-gate-phase-9-comparison.md,extract-then-delete,"/architecture, /use, /extend, /decisions",Extract verified current facts and durable reasoning; delete phase history and implementation bookkeeping after coverage is proven.,pending rewrite; source path existence verified
docs/architecture/pipeline-test-gate-phase-9-final-audit.md,extract-then-delete,"/architecture, /use, /extend, /decisions",Extract verified current facts and durable reasoning; delete phase history and implementation bookkeeping after coverage is proven.,pending rewrite; source path existence verified
docs/architecture/pipeline-test-gate-phase-9-parity-report.md,extract-then-delete,"/architecture, /use, /extend, /decisions",Extract verified current facts and durable reasoning; delete phase history and implementation bookkeeping after coverage is proven.,pending rewrite; source path existence verified
docs/architecture/pipeline-test-gate-phase-9-plan.md,extract-then-delete,"/architecture, /use, /extend, /decisions",Extract verified current facts and durable reasoning; delete phase history and implementation bookkeeping after coverage is proven.,pending rewrite; source path existence verified
docs/architecture/pipeline-test-gate-roadmap.md,extract-then-delete,"/architecture, /use, /extend, /decisions",Extract verified current facts and durable reasoning; delete phase history and implementation bookkeeping after coverage is proven.,pending rewrite; source path existence verified
docs/architecture/pipeline-test-gate-security-baseline.json,extract-decisions-then-delete,/decisions,Promote durable decisions with current code evidence; discard phase bookkeeping.,pending rewrite; source path existence verified
docs/architecture/pipeline-test-gate-security-configuration-reference.md,split-rewrite-then-delete,/architecture and /decisions,"Separate current behavior from decisions and proposals; rewrite canonical pages, then remove the mixed source document.",pending rewrite; source path existence verified
docs/architecture/pipeline-test-gate-security-cutover-inventory.json,extract-decisions-then-delete,/decisions,Promote durable decisions with current code evidence; discard phase bookkeeping.,pending rewrite; source path existence verified
docs/architecture/pipeline-test-gate-security-documentation-manifest.json,extract-decisions-then-delete,/decisions,Promote durable decisions with current code evidence; discard phase bookkeeping.,pending rewrite; source path existence verified
docs/architecture/pipeline-test-gate-security-error-reference.md,split-rewrite-then-delete,/architecture and /decisions,"Separate current behavior from decisions and proposals; rewrite canonical pages, then remove the mixed source document.",pending rewrite; source path existence verified
docs/architecture/pipeline-test-gate-security-operator-guide.md,split-rewrite-then-delete,/architecture and /decisions,"Separate current behavior from decisions and proposals; rewrite canonical pages, then remove the mixed source document.",pending rewrite; source path existence verified
docs/architecture/pipeline-test-gate-security-parity-ledger.json,extract-decisions-then-delete,/decisions,Promote durable decisions with current code evidence; discard phase bookkeeping.,pending rewrite; source path existence verified
docs/architecture/pipeline-test-gate-security-phase-10-cutover-plan.md,extract-then-delete,"/architecture, /use, /extend, /decisions",Extract verified current facts and durable reasoning; delete phase history and implementation bookkeeping after coverage is proven.,pending rewrite; source path existence verified
docs/architecture/pipeline-test-gate-security-phase-8-plan.md,extract-then-delete,"/architecture, /use, /extend, /decisions",Extract verified current facts and durable reasoning; delete phase history and implementation bookkeeping after coverage is proven.,pending rewrite; source path existence verified
docs/architecture/pipeline-test-gate-security-phase-9-parity-plan.md,extract-then-delete,"/architecture, /use, /extend, /decisions",Extract verified current facts and durable reasoning; delete phase history and implementation bookkeeping after coverage is proven.,pending rewrite; source path existence verified
docs/architecture/pipeline-test-gate-security-security-model.md,split-rewrite-then-delete,/architecture and /decisions,"Separate current behavior from decisions and proposals; rewrite canonical pages, then remove the mixed source document.",pending rewrite; source path existence verified
docs/architecture/pipeline-test-gate-security-user-guide.md,split-rewrite-then-delete,/architecture and /decisions,"Separate current behavior from decisions and proposals; rewrite canonical pages, then remove the mixed source document.",pending rewrite; source path existence verified
docs/architecture/pipeline-test-gate-size-budget-baseline.json,extract-decisions-then-delete,/decisions,Promote durable decisions with current code evidence; discard phase bookkeeping.,pending rewrite; source path existence verified
docs/architecture/pipeline-test-gate-size-budget-configuration-reference.md,review-extract-then-delete,/architecture or /decisions,"Classify each claim as current, decision, proposal, or obsolete before removal.",pending rewrite; source path existence verified
docs/architecture/pipeline-test-gate-size-budget-cutover-final-audit.md,extract-then-delete,"/architecture, /use, /extend, /decisions",Extract verified current facts and durable reasoning; delete phase history and implementation bookkeeping after coverage is proven.,pending rewrite; source path existence verified
docs/architecture/pipeline-test-gate-size-budget-cutover-inventory.json,extract-decisions-then-delete,/decisions,Promote durable decisions with current code evidence; discard phase bookkeeping.,pending rewrite; source path existence verified
docs/architecture/pipeline-test-gate-size-budget-cutover-plan.md,review-extract-then-delete,/architecture or /decisions,"Classify each claim as current, decision, proposal, or obsolete before removal.",pending rewrite; source path existence verified
docs/architecture/pipeline-test-gate-size-budget-documentation-manifest.json,extract-decisions-then-delete,/decisions,Promote durable decisions with current code evidence; discard phase bookkeeping.,pending rewrite; source path existence verified
docs/architecture/pipeline-test-gate-size-budget-error-reference.md,review-extract-then-delete,/architecture or /decisions,"Classify each claim as current, decision, proposal, or obsolete before removal.",pending rewrite; source path existence verified
docs/architecture/pipeline-test-gate-size-budget-implementation-final-audit.md,extract-then-delete,"/architecture, /use, /extend, /decisions",Extract verified current facts and durable reasoning; delete phase history and implementation bookkeeping after coverage is proven.,pending rewrite; source path existence verified
docs/architecture/pipeline-test-gate-size-budget-implementation-plan.md,extract-then-delete,"/architecture, /use, /extend, /decisions",Extract verified current facts and durable reasoning; delete phase history and implementation bookkeeping after coverage is proven.,pending rewrite; source path existence verified
docs/architecture/pipeline-test-gate-size-budget-operator-guide.md,review-extract-then-delete,/architecture or /decisions,"Classify each claim as current, decision, proposal, or obsolete before removal.",pending rewrite; source path existence verified
docs/architecture/pipeline-test-gate-size-budget-parity-final-audit.md,extract-then-delete,"/architecture, /use, /extend, /decisions",Extract verified current facts and durable reasoning; delete phase history and implementation bookkeeping after coverage is proven.,pending rewrite; source path existence verified
docs/architecture/pipeline-test-gate-size-budget-parity-ledger.json,extract-decisions-then-delete,/decisions,Promote durable decisions with current code evidence; discard phase bookkeeping.,pending rewrite; source path existence verified
docs/architecture/pipeline-test-gate-size-budget-parity-plan.md,review-extract-then-delete,/architecture or /decisions,"Classify each claim as current, decision, proposal, or obsolete before removal.",pending rewrite; source path existence verified
docs/architecture/pipeline-test-gate-size-budget-parity-report.md,review-extract-then-delete,/architecture or /decisions,"Classify each claim as current, decision, proposal, or obsolete before removal.",pending rewrite; source path existence verified
docs/architecture/pipeline-test-gate-size-budget-security-model.md,split-rewrite-then-delete,/architecture and /decisions,"Separate current behavior from decisions and proposals; rewrite canonical pages, then remove the mixed source document.",pending rewrite; source path existence verified
docs/architecture/pipeline-test-gate-size-budget-user-guide.md,review-extract-then-delete,/architecture or /decisions,"Classify each claim as current, decision, proposal, or obsolete before removal.",pending rewrite; source path existence verified
docs/architecture/pipeline-test-gate-suite-migration-playbook.md,review-extract-then-delete,/architecture or /decisions,"Classify each claim as current, decision, proposal, or obsolete before removal.",pending rewrite; source path existence verified
docs/architecture/pipeline-test-gate-suite-migration-status.json,extract-decisions-then-delete,/decisions,Promote durable decisions with current code evidence; discard phase bookkeeping.,pending rewrite; source path existence verified
docs/architecture/pipeline-test-gate-suite-migration-status.md,review-extract-then-delete,/architecture or /decisions,"Classify each claim as current, decision, proposal, or obsolete before removal.",pending rewrite; source path existence verified
docs/architecture/pipeline-test-gate-suite-migration-templates.md,review-extract-then-delete,/architecture or /decisions,"Classify each claim as current, decision, proposal, or obsolete before removal.",pending rewrite; source path existence verified
docs/architecture/pipeline-test-gate-suite-migration-workflow-v2-final-audit.md,extract-then-delete,"/architecture, /use, /extend, /decisions",Extract verified current facts and durable reasoning; delete phase history and implementation bookkeeping after coverage is proven.,pending rewrite; source path existence verified
docs/architecture/pipeline-test-gate-suites-8-13-state-and-issues.md,review-extract-then-delete,/architecture or /decisions,"Classify each claim as current, decision, proposal, or obsolete before removal.",pending rewrite; source path existence verified
docs/architecture/pipeline-test-gate-tailscale-exposure-baseline.json,extract-decisions-then-delete,/decisions,Promote durable decisions with current code evidence; discard phase bookkeeping.,pending rewrite; source path existence verified
docs/architecture/pipeline-test-gate-tailscale-exposure-configuration-reference.md,review-extract-then-delete,/architecture or /decisions,"Classify each claim as current, decision, proposal, or obsolete before removal.",pending rewrite; source path existence verified
docs/architecture/pipeline-test-gate-tailscale-exposure-cutover-inventory.json,extract-decisions-then-delete,/decisions,Promote durable decisions with current code evidence; discard phase bookkeeping.,pending rewrite; source path existence verified
docs/architecture/pipeline-test-gate-tailscale-exposure-documentation-manifest.json,extract-decisions-then-delete,/decisions,Promote durable decisions with current code evidence; discard phase bookkeeping.,pending rewrite; source path existence verified
docs/architecture/pipeline-test-gate-tailscale-exposure-error-reference.md,review-extract-then-delete,/architecture or /decisions,"Classify each claim as current, decision, proposal, or obsolete before removal.",pending rewrite; source path existence verified
docs/architecture/pipeline-test-gate-tailscale-exposure-implementation-plan.md,extract-then-delete,"/architecture, /use, /extend, /decisions",Extract verified current facts and durable reasoning; delete phase history and implementation bookkeeping after coverage is proven.,pending rewrite; source path existence verified
docs/architecture/pipeline-test-gate-tailscale-exposure-operator-guide.md,review-extract-then-delete,/architecture or /decisions,"Classify each claim as current, decision, proposal, or obsolete before removal.",pending rewrite; source path existence verified
docs/architecture/pipeline-test-gate-tailscale-exposure-parity-ledger.json,extract-decisions-then-delete,/decisions,Promote durable decisions with current code evidence; discard phase bookkeeping.,pending rewrite; source path existence verified
docs/architecture/pipeline-test-gate-tailscale-exposure-security-model.md,split-rewrite-then-delete,/architecture and /decisions,"Separate current behavior from decisions and proposals; rewrite canonical pages, then remove the mixed source document.",pending rewrite; source path existence verified
docs/architecture/pipeline-test-gate-tailscale-exposure-three-phase-audit.md,extract-then-delete,"/architecture, /use, /extend, /decisions",Extract verified current facts and durable reasoning; delete phase history and implementation bookkeeping after coverage is proven.,pending rewrite; source path existence verified
docs/architecture/pipeline-test-gate-tailscale-exposure-user-guide.md,review-extract-then-delete,/architecture or /decisions,"Classify each claim as current, decision, proposal, or obsolete before removal.",pending rewrite; source path existence verified
docs/architecture/pipeline-test-gate-unit-baseline.md,extract-then-delete,"/architecture, /use, /extend, /decisions",Extract verified current facts and durable reasoning; delete phase history and implementation bookkeeping after coverage is proven.,pending rewrite; source path existence verified
docs/architecture/pipeline-test-gate-unit-cutover-inventory.json,extract-decisions-then-delete,/decisions,Promote durable decisions with current code evidence; discard phase bookkeeping.,pending rewrite; source path existence verified
docs/architecture/pipeline-test-gate-unit-operator-guide.md,review-extract-then-delete,/architecture or /decisions,"Classify each claim as current, decision, proposal, or obsolete before removal.",pending rewrite; source path existence verified
docs/architecture/pipeline-test-gate-unit-parity-ledger.json,extract-decisions-then-delete,/decisions,Promote durable decisions with current code evidence; discard phase bookkeeping.,pending rewrite; source path existence verified
docs/architecture/pipeline-test-gate-unit-user-guide.md,review-extract-then-delete,/architecture or /decisions,"Classify each claim as current, decision, proposal, or obsolete before removal.",pending rewrite; source path existence verified
docs/architecture/pipeline-test-gate-visual-baseline.json,extract-decisions-then-delete,/decisions,Promote durable decisions with current code evidence; discard phase bookkeeping.,pending rewrite; source path existence verified
docs/architecture/pipeline-test-gate-visual-configuration-reference.md,review-extract-then-delete,/architecture or /decisions,"Classify each claim as current, decision, proposal, or obsolete before removal.",pending rewrite; source path existence verified
docs/architecture/pipeline-test-gate-visual-cutover-inventory.json,extract-decisions-then-delete,/decisions,Promote durable decisions with current code evidence; discard phase bookkeeping.,pending rewrite; source path existence verified
docs/architecture/pipeline-test-gate-visual-cutover-plan.md,review-extract-then-delete,/architecture or /decisions,"Classify each claim as current, decision, proposal, or obsolete before removal.",pending rewrite; source path existence verified
docs/architecture/pipeline-test-gate-visual-documentation-manifest.json,extract-decisions-then-delete,/decisions,Promote durable decisions with current code evidence; discard phase bookkeeping.,pending rewrite; source path existence verified
docs/architecture/pipeline-test-gate-visual-error-reference.md,review-extract-then-delete,/architecture or /decisions,"Classify each claim as current, decision, proposal, or obsolete before removal.",pending rewrite; source path existence verified
docs/architecture/pipeline-test-gate-visual-implementation-plan.md,extract-then-delete,"/architecture, /use, /extend, /decisions",Extract verified current facts and durable reasoning; delete phase history and implementation bookkeeping after coverage is proven.,pending rewrite; source path existence verified
docs/architecture/pipeline-test-gate-visual-operator-guide.md,review-extract-then-delete,/architecture or /decisions,"Classify each claim as current, decision, proposal, or obsolete before removal.",pending rewrite; source path existence verified
docs/architecture/pipeline-test-gate-visual-parity-ledger.json,extract-decisions-then-delete,/decisions,Promote durable decisions with current code evidence; discard phase bookkeeping.,pending rewrite; source path existence verified
docs/architecture/pipeline-test-gate-visual-parity-plan.md,review-extract-then-delete,/architecture or /decisions,"Classify each claim as current, decision, proposal, or obsolete before removal.",pending rewrite; source path existence verified
docs/architecture/pipeline-test-gate-visual-security-model.md,split-rewrite-then-delete,/architecture and /decisions,"Separate current behavior from decisions and proposals; rewrite canonical pages, then remove the mixed source document.",pending rewrite; source path existence verified
docs/architecture/pipeline-test-gate-visual-user-guide.md,review-extract-then-delete,/architecture or /decisions,"Classify each claim as current, decision, proposal, or obsolete before removal.",pending rewrite; source path existence verified
docs/architecture/pipeline-worker-core-phase-5-5-a-audit.md,extract-then-delete,"/architecture, /use, /extend, /decisions",Extract verified current facts and durable reasoning; delete phase history and implementation bookkeeping after coverage is proven.,pending rewrite; source path existence verified
docs/architecture/pipeline-worker-core-phase-5-5-audit.md,extract-then-delete,"/architecture, /use, /extend, /decisions",Extract verified current facts and durable reasoning; delete phase history and implementation bookkeeping after coverage is proven.,pending rewrite; source path existence verified
docs/architecture/pipeline-worker-core-phase-5-5-b-audit.md,extract-then-delete,"/architecture, /use, /extend, /decisions",Extract verified current facts and durable reasoning; delete phase history and implementation bookkeeping after coverage is proven.,pending rewrite; source path existence verified
docs/architecture/pipeline-worker-core-phase-5-5-c-audit.md,extract-then-delete,"/architecture, /use, /extend, /decisions",Extract verified current facts and durable reasoning; delete phase history and implementation bookkeeping after coverage is proven.,pending rewrite; source path existence verified
docs/architecture/pipeline-worker-core-phase-5-5-d-audit.md,extract-then-delete,"/architecture, /use, /extend, /decisions",Extract verified current facts and durable reasoning; delete phase history and implementation bookkeeping after coverage is proven.,pending rewrite; source path existence verified
docs/architecture/plugin-system-current-inventory.md,review-extract-then-delete,/architecture or /decisions,"Classify each claim as current, decision, proposal, or obsolete before removal.",pending rewrite; source path existence verified
docs/architecture/plugin-system-implementation-plan.md,extract-then-delete,"/architecture, /use, /extend, /decisions",Extract verified current facts and durable reasoning; delete phase history and implementation bookkeeping after coverage is proven.,pending rewrite; source path existence verified
docs/architecture/plugin-system-phase10-changelog.md,extract-then-delete,"/architecture, /use, /extend, /decisions",Extract verified current facts and durable reasoning; delete phase history and implementation bookkeeping after coverage is proven.,pending rewrite; source path existence verified
docs/architecture/plugin-system-phase10-observer-assessment.md,extract-then-delete,"/architecture, /use, /extend, /decisions",Extract verified current facts and durable reasoning; delete phase history and implementation bookkeeping after coverage is proven.,pending rewrite; source path existence verified
docs/architecture/plugin-system-phase11-evidence.json,extract-decisions-then-delete,/decisions,Promote durable decisions with current code evidence; discard phase bookkeeping.,pending rewrite; source path existence verified
docs/architecture/plugin-system-phase12-changelog.md,extract-then-delete,"/architecture, /use, /extend, /decisions",Extract verified current facts and durable reasoning; delete phase history and implementation bookkeeping after coverage is proven.,pending rewrite; source path existence verified
docs/architecture/plugin-system-phase5-capabilities.json,extract-decisions-then-delete,/decisions,Promote durable decisions with current code evidence; discard phase bookkeeping.,pending rewrite; source path existence verified
docs/architecture/plugin-system-phase6-lifecycle.json,extract-decisions-then-delete,/decisions,Promote durable decisions with current code evidence; discard phase bookkeeping.,pending rewrite; source path existence verified
docs/architecture/plugin-system-phase7-durability.json,extract-decisions-then-delete,/decisions,Promote durable decisions with current code evidence; discard phase bookkeeping.,pending rewrite; source path existence verified
docs/architecture/plugin-system-phase9-changelog.md,extract-then-delete,"/architecture, /use, /extend, /decisions",Extract verified current facts and durable reasoning; delete phase history and implementation bookkeeping after coverage is proven.,pending rewrite; source path existence verified
docs/architecture/plugin-system-phase9-extension-assessment.md,extract-then-delete,"/architecture, /use, /extend, /decisions",Extract verified current facts and durable reasoning; delete phase history and implementation bookkeeping after coverage is proven.,pending rewrite; source path existence verified
docs/architecture/plugin-system-vision.md,split-rewrite-then-delete,/architecture and /decisions,"Separate current behavior from decisions and proposals; rewrite canonical pages, then remove the mixed source document.",pending rewrite; source path existence verified
docs/architecture/prism-baseline-bundle-v1.md,extract-then-delete,"/architecture, /use, /extend, /decisions",Extract verified current facts and durable reasoning; delete phase history and implementation bookkeeping after coverage is proven.,pending rewrite; source path existence verified
docs/architecture/prism-corpus-ingestion-v1.md,review-extract-then-delete,/architecture or /decisions,"Classify each claim as current, decision, proposal, or obsolete before removal.",pending rewrite; source path existence verified
docs/architecture/prism-design-document-v1-review.md,split-rewrite-then-delete,/architecture and /decisions,"Separate current behavior from decisions and proposals; rewrite canonical pages, then remove the mixed source document.",pending rewrite; source path existence verified
docs/architecture/prism-design-engine-architecture.md,split-rewrite-then-delete,/architecture and /decisions,"Separate current behavior from decisions and proposals; rewrite canonical pages, then remove the mixed source document.",pending rewrite; source path existence verified
docs/architecture/prism-design-engine-contract-v1.md,split-rewrite-then-delete,/architecture and /decisions,"Separate current behavior from decisions and proposals; rewrite canonical pages, then remove the mixed source document.",pending rewrite; source path existence verified
docs/architecture/prism-helm-deployment-v1.md,review-extract-then-delete,/architecture or /decisions,"Classify each claim as current, decision, proposal, or obsolete before removal.",pending rewrite; source path existence verified
docs/architecture/prism-openclaw-runtime.md,review-extract-then-delete,/architecture or /decisions,"Classify each claim as current, decision, proposal, or obsolete before removal.",pending rewrite; source path existence verified
docs/architecture/prism-pipeline-fidelity-adapter-v1.md,review-extract-then-delete,/architecture or /decisions,"Classify each claim as current, decision, proposal, or obsolete before removal.",pending rewrite; source path existence verified
docs/architecture/prism-preference-learning-v1.md,review-extract-then-delete,/architecture or /decisions,"Classify each claim as current, decision, proposal, or obsolete before removal.",pending rewrite; source path existence verified
docs/architecture/prism-prototype-runtime-v1.md,review-extract-then-delete,/architecture or /decisions,"Classify each claim as current, decision, proposal, or obsolete before removal.",pending rewrite; source path existence verified
docs/architecture/prism-quality-gates-v1.md,review-extract-then-delete,/architecture or /decisions,"Classify each claim as current, decision, proposal, or obsolete before removal.",pending rewrite; source path existence verified
docs/architecture/prism-recovery-observability-v1.md,review-extract-then-delete,/architecture or /decisions,"Classify each claim as current, decision, proposal, or obsolete before removal.",pending rewrite; source path existence verified
docs/architecture/prism-retrieval-ranking-v1.md,review-extract-then-delete,/architecture or /decisions,"Classify each claim as current, decision, proposal, or obsolete before removal.",pending rewrite; source path existence verified
docs/architecture/prism-storage-model-v1.md,review-extract-then-delete,/architecture or /decisions,"Classify each claim as current, decision, proposal, or obsolete before removal.",pending rewrite; source path existence verified
docs/architecture/prism-studio-interaction-v1.md,review-extract-then-delete,/architecture or /decisions,"Classify each claim as current, decision, proposal, or obsolete before removal.",pending rewrite; source path existence verified
docs/architecture/security-model.md,split-rewrite-then-delete,/architecture and /decisions,"Separate current behavior from decisions and proposals; rewrite canonical pages, then remove the mixed source document.",pending rewrite; source path existence verified
docs/decisions/fallback-cleanup-ledger.tsv,extract-decisions-then-delete,/decisions,Promote durable current decisions with implementation evidence; remove migration-specific ledger bookkeeping.,pending rewrite; source path existence verified
docs/deployment/README.md,merge-into-operator-track,/use/deploy/,Merge deployment procedures into the operator track and verify every command.,pending rewrite; source path existence verified
docs/deployment/agent-deployments.md,merge-into-operator-track,/use/deploy/agent-deployments,Merge deployment procedures into the operator track and verify every command.,pending rewrite; source path existence verified
docs/deployment/continuous-gitops.md,merge-into-operator-track,/use/deploy/continuous-gitops,Merge deployment procedures into the operator track and verify every command.,pending rewrite; source path existence verified
docs/deployment/deployment-verification.md,merge-into-operator-track,/use/deploy/deployment-verification,Merge deployment procedures into the operator track and verify every command.,pending rewrite; source path existence verified
docs/deployment/infrastructure.md,merge-into-operator-track,/use/deploy/infrastructure,Merge deployment procedures into the operator track and verify every command.,pending rewrite; source path existence verified
docs/deployment/litellm.md,merge-into-operator-track,/use/deploy/litellm,Merge deployment procedures into the operator track and verify every command.,pending rewrite; source path existence verified
docs/deployment/secrets.md,merge-into-operator-track,/use/deploy/secrets,Merge deployment procedures into the operator track and verify every command.,pending rewrite; source path existence verified
docs/deployment/setup-flow.md,merge-into-operator-track,/use/deploy/setup-flow,Merge deployment procedures into the operator track and verify every command.,pending rewrite; source path existence verified
docs/deployment/tailscale-operator.md,merge-into-operator-track,/use/deploy/tailscale-operator,Merge deployment procedures into the operator track and verify every command.,pending rewrite; source path existence verified
docs/developers/README.md,rewrite-and-keep,/extend/,Rewrite as a self-contained extension task or reference page backed by SDK contracts and runnable examples.,pending rewrite; source path existence verified
docs/developers/adding-verification.md,rewrite-and-keep,/extend/adding-verification,Rewrite as a self-contained extension task or reference page backed by SDK contracts and runnable examples.,pending rewrite; source path existence verified
docs/developers/authoring-plugin-observers.md,rewrite-and-keep,/extend/authoring-plugin-observers,Rewrite as a self-contained extension task or reference page backed by SDK contracts and runnable examples.,pending rewrite; source path existence verified
docs/developers/authoring-plugin-pipelines.md,rewrite-and-keep,/extend/authoring-plugin-pipelines,Rewrite as a self-contained extension task or reference page backed by SDK contracts and runnable examples.,pending rewrite; source path existence verified
docs/developers/contributing.md,rewrite-and-keep,/extend/contributing,Rewrite as a self-contained extension task or reference page backed by SDK contracts and runnable examples.,pending rewrite; source path existence verified
docs/developers/documentation-conventions.md,rewrite-and-keep,/extend/documentation-conventions,Rewrite as a self-contained extension task or reference page backed by SDK contracts and runnable examples.,pending rewrite; source path existence verified
docs/developers/hooks-and-plugins.md,rewrite-and-keep,/extend/hooks-and-plugins,Rewrite as a self-contained extension task or reference page backed by SDK contracts and runnable examples.,pending rewrite; source path existence verified
docs/developers/migrating-pipeline-plugins.md,rewrite-and-keep,/extend/migrating-pipeline-plugins,Rewrite as a self-contained extension task or reference page backed by SDK contracts and runnable examples.,pending rewrite; source path existence verified
docs/developers/replacing-agent-runtime.md,rewrite-and-keep,/extend/replacing-agent-runtime,Rewrite as a self-contained extension task or reference page backed by SDK contracts and runnable examples.,pending rewrite; source path existence verified
docs/developers/templates/architecture-page.md,internal-only,documentation contributor tooling,Retain only if used by the new documentation pipeline; do not publish as product documentation.,pending rewrite; source path existence verified
docs/developers/templates/deployment-component.md,internal-only,documentation contributor tooling,Retain only if used by the new documentation pipeline; do not publish as product documentation.,pending rewrite; source path existence verified
docs/developers/templates/operator-task.md,internal-only,documentation contributor tooling,Retain only if used by the new documentation pipeline; do not publish as product documentation.,pending rewrite; source path existence verified
docs/developers/templates/reference-page.md,internal-only,documentation contributor tooling,Retain only if used by the new documentation pipeline; do not publish as product documentation.,pending rewrite; source path existence verified
docs/developers/templates/runbook.md,internal-only,documentation contributor tooling,Retain only if used by the new documentation pipeline; do not publish as product documentation.,pending rewrite; source path existence verified
docs/developers/templates/troubleshooting-entry.md,internal-only,documentation contributor tooling,Retain only if used by the new documentation pipeline; do not publish as product documentation.,pending rewrite; source path existence verified
docs/developers/testing-and-ci.md,rewrite-and-keep,/extend/testing-and-ci,Rewrite as a self-contained extension task or reference page backed by SDK contracts and runnable examples.,pending rewrite; source path existence verified
docs/diagrams/deployment-topology.svg,replace-then-delete,/architecture/interactive,"Extract topology, labels, flows, and accessibility text; implement as responsive HTML.",pending rewrite; source path existence verified
docs/diagrams/failure-recovery-decision-flow.svg,replace-then-delete,/architecture/interactive,"Extract topology, labels, flows, and accessibility text; implement as responsive HTML.",pending rewrite; source path existence verified
docs/diagrams/final-preview-tailscale-flow.svg,replace-then-delete,/architecture/interactive,"Extract topology, labels, flows, and accessibility text; implement as responsive HTML.",pending rewrite; source path existence verified
docs/diagrams/infrastructure-dependencies.svg,replace-then-delete,/architecture/interactive,"Extract topology, labels, flows, and accessibility text; implement as responsive HTML.",pending rewrite; source path existence verified
docs/diagrams/pipeline-runtime-flow.svg,replace-then-delete,/architecture/interactive,"Extract topology, labels, flows, and accessibility text; implement as responsive HTML.",pending rewrite; source path existence verified
docs/diagrams/secret-flow.svg,replace-then-delete,/architecture/interactive,"Extract topology, labels, flows, and accessibility text; implement as responsive HTML.",pending rewrite; source path existence verified
docs/examples/progress-json/end-to-end.json,keep-and-verify,/extend/examples,Execute or schema-check the example and link it from the relevant task page.,pending rewrite; source path existence verified
docs/examples/progress-json/failed.json,keep-and-verify,/extend/examples,Execute or schema-check the example and link it from the relevant task page.,pending rewrite; source path existence verified
docs/examples/progress-json/in-progress.json,keep-and-verify,/extend/examples,Execute or schema-check the example and link it from the relevant task page.,pending rewrite; source path existence verified
docs/examples/progress-json/partial-artifacts.json,keep-and-verify,/extend/examples,Execute or schema-check the example and link it from the relevant task page.,pending rewrite; source path existence verified
docs/examples/progress-json/success.json,keep-and-verify,/extend/examples,Execute or schema-check the example and link it from the relevant task page.,pending rewrite; source path existence verified
docs/examples/swarm-config/local-dev.json,keep-and-verify,/extend/examples,Execute or schema-check the example and link it from the relevant task page.,pending rewrite; source path existence verified
docs/examples/swarm-config/staging-like.json,keep-and-verify,/extend/examples,Execute or schema-check the example and link it from the relevant task page.,pending rewrite; source path existence verified
docs/generated/inventory/README.md,regenerate-internal,/reference/generated,"Keep source data in build output; publish rendered reference pages, not raw internal inventory navigation.",pending rewrite; source path existence verified
docs/generated/inventory/deploy-script.json,regenerate-internal,/reference/generated,"Keep source data in build output; publish rendered reference pages, not raw internal inventory navigation.",pending rewrite; source path existence verified
docs/generated/inventory/helm-values.json,regenerate-internal,/reference/generated,"Keep source data in build output; publish rendered reference pages, not raw internal inventory navigation.",pending rewrite; source path existence verified
docs/generated/inventory/plugin-system.json,regenerate-internal,/reference/generated,"Keep source data in build output; publish rendered reference pages, not raw internal inventory navigation.",pending rewrite; source path existence verified
docs/generated/inventory/secret-setup.json,regenerate-internal,/reference/generated,"Keep source data in build output; publish rendered reference pages, not raw internal inventory navigation.",pending rewrite; source path existence verified
docs/generated/inventory/workflows.json,regenerate-internal,/reference/generated,"Keep source data in build output; publish rendered reference pages, not raw internal inventory navigation.",pending rewrite; source path existence verified
docs/generated/reference/README.md,internal-only,documentation build pipeline,Retain generator documentation outside the published site.,pending rewrite; source path existence verified
docs/implementation/namespace-controller-final-audit.md,extract-then-delete,"/architecture, /use, /extend, /decisions",Extract verified current facts and durable decisions; keep implementation history outside published product documentation.,pending rewrite; source path existence verified
docs/implementation/namespace-controller-simplification.md,extract-then-delete,"/architecture, /use, /extend, /decisions",Extract verified current facts and durable decisions; keep implementation history outside published product documentation.,pending rewrite; source path existence verified
docs/implementation/prism-audit-remediation-plan.md,extract-then-delete,"/architecture, /use, /extend, /decisions",Extract verified current facts and durable decisions; keep implementation history outside published product documentation.,pending rewrite; source path existence verified
docs/implementation/prism-completion-remediation-plan.md,extract-then-delete,"/architecture, /use, /extend, /decisions",Extract verified current facts and durable decisions; keep implementation history outside published product documentation.,pending rewrite; source path existence verified
docs/implementation/prism-implementation-plan.md,extract-then-delete,"/architecture, /use, /extend, /decisions",Extract verified current facts and durable decisions; keep implementation history outside published product documentation.,pending rewrite; source path existence verified
docs/implementation/prism-production-correction-plan.md,extract-then-delete,"/architecture, /use, /extend, /decisions",Extract verified current facts and durable decisions; keep implementation history outside published product documentation.,pending rewrite; source path existence verified
docs/implementation/prism-production-integration-plan.md,extract-then-delete,"/architecture, /use, /extend, /decisions",Extract verified current facts and durable decisions; keep implementation history outside published product documentation.,pending rewrite; source path existence verified
docs/implementation/prism/completion-status.json,extract-then-delete,"/architecture, /use, /extend, /decisions",Extract verified current facts and durable decisions; keep implementation history outside published product documentation.,pending rewrite; source path existence verified
docs/implementation/prism/integration-baseline.md,extract-then-delete,"/architecture, /use, /extend, /decisions",Extract verified current facts and durable decisions; keep implementation history outside published product documentation.,pending rewrite; source path existence verified
docs/implementation/prism/integration-traceability.json,extract-then-delete,"/architecture, /use, /extend, /decisions",Extract verified current facts and durable decisions; keep implementation history outside published product documentation.,pending rewrite; source path existence verified
docs/implementation/prism/live-lease-attempt-2026-08-22.json,extract-then-delete,"/architecture, /use, /extend, /decisions",Extract verified current facts and durable decisions; keep implementation history outside published product documentation.,pending rewrite; source path existence verified
docs/implementation/prism/phase-0-audit.md,extract-then-delete,"/architecture, /use, /extend, /decisions",Extract verified current facts and durable decisions; keep implementation history outside published product documentation.,pending rewrite; source path existence verified
docs/implementation/prism/phase-1-audit.md,extract-then-delete,"/architecture, /use, /extend, /decisions",Extract verified current facts and durable decisions; keep implementation history outside published product documentation.,pending rewrite; source path existence verified
docs/implementation/prism/phase-10-final-audit.md,extract-then-delete,"/architecture, /use, /extend, /decisions",Extract verified current facts and durable decisions; keep implementation history outside published product documentation.,pending rewrite; source path existence verified
docs/implementation/prism/phase-12-production-integration-audit.md,extract-then-delete,"/architecture, /use, /extend, /decisions",Extract verified current facts and durable decisions; keep implementation history outside published product documentation.,pending rewrite; source path existence verified
docs/implementation/prism/phase-16-correction-audit.md,extract-then-delete,"/architecture, /use, /extend, /decisions",Extract verified current facts and durable decisions; keep implementation history outside published product documentation.,pending rewrite; source path existence verified
docs/implementation/prism/phase-17-remediation-audit.md,extract-then-delete,"/architecture, /use, /extend, /decisions",Extract verified current facts and durable decisions; keep implementation history outside published product documentation.,pending rewrite; source path existence verified
docs/implementation/prism/phase-18-completion-audit.md,extract-then-delete,"/architecture, /use, /extend, /decisions",Extract verified current facts and durable decisions; keep implementation history outside published product documentation.,pending rewrite; source path existence verified
docs/implementation/prism/phase-2-audit.md,extract-then-delete,"/architecture, /use, /extend, /decisions",Extract verified current facts and durable decisions; keep implementation history outside published product documentation.,pending rewrite; source path existence verified
docs/implementation/prism/phase-3-audit.md,extract-then-delete,"/architecture, /use, /extend, /decisions",Extract verified current facts and durable decisions; keep implementation history outside published product documentation.,pending rewrite; source path existence verified
docs/implementation/prism/phase-4-audit.md,extract-then-delete,"/architecture, /use, /extend, /decisions",Extract verified current facts and durable decisions; keep implementation history outside published product documentation.,pending rewrite; source path existence verified
docs/implementation/prism/phase-5-audit.md,extract-then-delete,"/architecture, /use, /extend, /decisions",Extract verified current facts and durable decisions; keep implementation history outside published product documentation.,pending rewrite; source path existence verified
docs/implementation/prism/phase-6-audit.md,extract-then-delete,"/architecture, /use, /extend, /decisions",Extract verified current facts and durable decisions; keep implementation history outside published product documentation.,pending rewrite; source path existence verified
docs/implementation/prism/phase-7-audit.md,extract-then-delete,"/architecture, /use, /extend, /decisions",Extract verified current facts and durable decisions; keep implementation history outside published product documentation.,pending rewrite; source path existence verified
docs/implementation/prism/phase-8-audit.md,extract-then-delete,"/architecture, /use, /extend, /decisions",Extract verified current facts and durable decisions; keep implementation history outside published product documentation.,pending rewrite; source path existence verified
docs/implementation/prism/phase-9-audit.md,extract-then-delete,"/architecture, /use, /extend, /decisions",Extract verified current facts and durable decisions; keep implementation history outside published product documentation.,pending rewrite; source path existence verified
docs/implementation/prism/studio-reference-lock.md,extract-then-delete,"/architecture, /use, /extend, /decisions",Extract verified current facts and durable decisions; keep implementation history outside published product documentation.,pending rewrite; source path existence verified
docs/operations/litellm-postgresql-recovery.md,rewrite-and-keep,/use/operations/litellm-postgresql-recovery,Rewrite as a self-contained operator task and verify each command.,pending rewrite; source path existence verified
docs/operations/local-image-vulnerability-scan.md,rewrite-and-keep,/use/operations/local-image-vulnerability-scan,Rewrite as a self-contained operator task and verify each command.,pending rewrite; source path existence verified
docs/operations/native-worker-host-pools.md,rewrite-and-keep,/use/operations/native-worker-host-pools,Rewrite as a self-contained operator task and verify each command.,pending rewrite; source path existence verified
docs/operations/observability-retention.md,rewrite-and-keep,/use/operations/observability-retention,Rewrite as a self-contained operator task and verify each command.,pending rewrite; source path existence verified
docs/operations/postgresql-migration.md,rewrite-and-keep,/use/operations/postgresql-migration,Rewrite as a self-contained operator task and verify each command.,pending rewrite; source path existence verified
docs/operations/prism-database-transitions.md,rewrite-and-keep,/use/operations/prism-database-transitions,Rewrite as a self-contained operator task and verify each command.,pending rewrite; source path existence verified
docs/operations/prism-operator-guide.md,rewrite-and-keep,/use/operations/prism-operator-guide,Rewrite as a self-contained operator task and verify each command.,pending rewrite; source path existence verified
docs/operations/prism-product-decisions.md,rewrite-and-keep,/use/operations/prism-product-decisions,Rewrite as a self-contained operator task and verify each command.,pending rewrite; source path existence verified
docs/operations/qdrant-migration.md,rewrite-and-keep,/use/operations/qdrant-migration,Rewrite as a self-contained operator task and verify each command.,pending rewrite; source path existence verified
docs/operations/qdrant.md,rewrite-and-keep,/use/operations/qdrant,Rewrite as a self-contained operator task and verify each command.,pending rewrite; source path existence verified
docs/operations/redis-migration.md,rewrite-and-keep,/use/operations/redis-migration,Rewrite as a self-contained operator task and verify each command.,pending rewrite; source path existence verified
docs/operations/registry-clients.md,rewrite-and-keep,/use/operations/registry-clients,Rewrite as a self-contained operator task and verify each command.,pending rewrite; source path existence verified
docs/operations/runtime-versions-and-images.md,rewrite-and-keep,/use/operations/runtime-versions-and-images,Rewrite as a self-contained operator task and verify each command.,pending rewrite; source path existence verified
docs/operations/stateful-infrastructure-upgrades.md,rewrite-and-keep,/use/operations/stateful-infrastructure-upgrades,Rewrite as a self-contained operator task and verify each command.,pending rewrite; source path existence verified
docs/operations/worker-trust-runbook.md,rewrite-and-keep,/use/operations/worker-trust-runbook,Rewrite as a self-contained operator task and verify each command.,pending rewrite; source path existence verified
docs/operators/README.md,rewrite-and-keep,/use/,Rewrite as a self-contained operator task or concept; link to architecture only for optional depth.,pending rewrite; source path existence verified
docs/operators/external-pipeline-plugins.md,rewrite-and-keep,/use/external-pipeline-plugins,Rewrite as a self-contained operator task or concept; link to architecture only for optional depth.,pending rewrite; source path existence verified
docs/operators/final-preview-tailscale.md,rewrite-and-keep,/use/final-preview-tailscale,Rewrite as a self-contained operator task or concept; link to architecture only for optional depth.,pending rewrite; source path existence verified
docs/operators/plugin-observers.md,rewrite-and-keep,/use/plugin-observers,Rewrite as a self-contained operator task or concept; link to architecture only for optional depth.,pending rewrite; source path existence verified
docs/operators/plugin-pipeline-lifecycle.md,rewrite-and-keep,/use/plugin-pipeline-lifecycle,Rewrite as a self-contained operator task or concept; link to architecture only for optional depth.,pending rewrite; source path existence verified
docs/operators/recovery-runbook.md,rewrite-and-keep,/use/recovery-runbook,Rewrite as a self-contained operator task or concept; link to architecture only for optional depth.,pending rewrite; source path existence verified
docs/operators/running-the-pipeline.md,rewrite-and-keep,/use/running-the-pipeline,Rewrite as a self-contained operator task or concept; link to architecture only for optional depth.,pending rewrite; source path existence verified
docs/ops/ops-pod.md,rewrite-and-keep,/use/operations/ops-pod,Rewrite as a self-contained operator task and verify each command.,pending rewrite; source path existence verified
docs/pipeline/architecture.md,merge-then-delete,/architecture/runtime-flow,Extract the current runtime flow into the canonical architecture track.,pending rewrite; source path existence verified
docs/reference/cli.md,replace-with-generated-reference,/reference/cli,Generate factual tables from code and add only concise human context.,pending rewrite; source path existence verified
docs/reference/environment-variables.md,replace-with-generated-reference,/reference/environment-variables,Generate factual tables from code and add only concise human context.,pending rewrite; source path existence verified
docs/reference/helm-values.md,replace-with-generated-reference,/reference/helm-values,Generate factual tables from code and add only concise human context.,pending rewrite; source path existence verified
docs/reference/openclaw-config.md,replace-with-generated-reference,/reference/openclaw-config,Generate factual tables from code and add only concise human context.,pending rewrite; source path existence verified
docs/reference/secrets.md,replace-with-generated-reference,/reference/secrets,Generate factual tables from code and add only concise human context.,pending rewrite; source path existence verified
docs/reference/verification-commands.md,replace-with-generated-reference,/reference/verification-commands,Generate factual tables from code and add only concise human context.,pending rewrite; source path existence verified
docs/reference/workflows.md,replace-with-generated-reference,/reference/workflows,Generate factual tables from code and add only concise human context.,pending rewrite; source path existence verified
docs/review/README.md,review,not yet assigned,Classify before deletion; no file may disappear without an extraction decision.,pending rewrite; source path existence verified
docs/review/branch-cleanup-20260911/README.md,review,not yet assigned,Classify before deletion; no file may disappear without an extraction decision.,pending rewrite; source path existence verified
docs/review/branch-cleanup-20260911/audit.json.gz,review,not yet assigned,Classify before deletion; no file may disappear without an extraction decision.,pending rewrite; source path existence verified
docs/review/branch-cleanup-20260911/branches.json,review,not yet assigned,Classify before deletion; no file may disappear without an extraction decision.,pending rewrite; source path existence verified
docs/review/branch-cleanup-20260912/README.md,review,not yet assigned,Classify before deletion; no file may disappear without an extraction decision.,pending rewrite; source path existence verified
docs/review/branch-cleanup-20260912/branches.json,review,not yet assigned,Classify before deletion; no file may disappear without an extraction decision.,pending rewrite; source path existence verified
docs/review/branch-cleanup-20260912/candidate-merge-log.json,review,not yet assigned,Classify before deletion; no file may disappear without an extraction decision.,pending rewrite; source path existence verified
docs/review/branch-cleanup-20260912/historical-documents.json.gz,review,not yet assigned,Classify before deletion; no file may disappear without an extraction decision.,pending rewrite; source path existence verified
docs/review/branch-cleanup-20260912/historical-test-imports.json,review,not yet assigned,Classify before deletion; no file may disappear without an extraction decision.,pending rewrite; source path existence verified
docs/review/branch-cleanup-20260912/path-decisions.json.gz,review,not yet assigned,Classify before deletion; no file may disappear without an extraction decision.,pending rewrite; source path existence verified
docs/review/branch-cleanup-20260912/residual-resolutions.json,review,not yet assigned,Classify before deletion; no file may disappear without an extraction decision.,pending rewrite; source path existence verified
docs/review/branch-cleanup-20260912/restored-documents.json,review,not yet assigned,Classify before deletion; no file may disappear without an extraction decision.,pending rewrite; source path existence verified
docs/review/branch-cleanup-20260912/retained-branches.md,review,not yet assigned,Classify before deletion; no file may disappear without an extraction decision.,pending rewrite; source path existence verified
docs/review/branch-cleanup-20260912/summary.json,review,not yet assigned,Classify before deletion; no file may disappear without an extraction decision.,pending rewrite; source path existence verified
docs/review/branch-cleanup-20260912/validation.md,review,not yet assigned,Classify before deletion; no file may disappear without an extraction decision.,pending rewrite; source path existence verified
docs/review/branch-cleanup-20260912/validation/compiler-clean-final.log,review,not yet assigned,Classify before deletion; no file may disappear without an extraction decision.,pending rewrite; source path existence verified
docs/review/branch-cleanup-20260912/validation/compiler-final.log,review,not yet assigned,Classify before deletion; no file may disappear without an extraction decision.,pending rewrite; source path existence verified
docs/review/branch-cleanup-20260912/validation/compiler-stable-final.log,review,not yet assigned,Classify before deletion; no file may disappear without an extraction decision.,pending rewrite; source path existence verified
docs/review/branch-cleanup-20260912/validation/delivery-integration.log,review,not yet assigned,Classify before deletion; no file may disappear without an extraction decision.,pending rewrite; source path existence verified
docs/review/branch-cleanup-20260912/validation/deployment-final.log,review,not yet assigned,Classify before deletion; no file may disappear without an extraction decision.,pending rewrite; source path existence verified
docs/review/branch-cleanup-20260912/validation/lint-build-clean-final.log,review,not yet assigned,Classify before deletion; no file may disappear without an extraction decision.,pending rewrite; source path existence verified
docs/review/branch-cleanup-20260912/validation/lint-build-final.log,review,not yet assigned,Classify before deletion; no file may disappear without an extraction decision.,pending rewrite; source path existence verified
docs/review/branch-cleanup-20260912/validation/lint-final.log,review,not yet assigned,Classify before deletion; no file may disappear without an extraction decision.,pending rewrite; source path existence verified
docs/review/branch-cleanup-20260912/validation/lint-integration-fixed.log,review,not yet assigned,Classify before deletion; no file may disappear without an extraction decision.,pending rewrite; source path existence verified
docs/review/branch-cleanup-20260912/validation/lint-integration.log,review,not yet assigned,Classify before deletion; no file may disappear without an extraction decision.,pending rewrite; source path existence verified
docs/review/branch-cleanup-20260912/validation/ops-integration.log,review,not yet assigned,Classify before deletion; no file may disappear without an extraction decision.,pending rewrite; source path existence verified
docs/review/branch-cleanup-20260912/validation/static-final.log,review,not yet assigned,Classify before deletion; no file may disappear without an extraction decision.,pending rewrite; source path existence verified
docs/review/branch-cleanup-20260912/validation/types-integration.log,review,not yet assigned,Classify before deletion; no file may disappear without an extraction decision.,pending rewrite; source path existence verified
docs/review/branch-cleanup-20260912/verify.py,review,not yet assigned,Classify before deletion; no file may disappear without an extraction decision.,pending rewrite; source path existence verified
docs/review/components/buster.engine.md,review,not yet assigned,Classify before deletion; no file may disappear without an extraction decision.,pending rewrite; source path existence verified
docs/review/components/buster.entry.md,review,not yet assigned,Classify before deletion; no file may disappear without an extraction decision.,pending rewrite; source path existence verified
docs/review/components/buster.namespace-controller.md,review,not yet assigned,Classify before deletion; no file may disappear without an extraction decision.,pending rewrite; source path existence verified
docs/review/components/contract.agent-events.md,review,not yet assigned,Classify before deletion; no file may disappear without an extraction decision.,pending rewrite; source path existence verified
docs/review/components/contract.observability.md,review,not yet assigned,Classify before deletion; no file may disappear without an extraction decision.,pending rewrite; source path existence verified
docs/review/components/contract.plugin-system.md,review,not yet assigned,Classify before deletion; no file may disappear without an extraction decision.,pending rewrite; source path existence verified
docs/review/components/contract.prism.md,review,not yet assigned,Classify before deletion; no file may disappear without an extraction decision.,pending rewrite; source path existence verified
docs/review/components/contract.telemetry.md,review,not yet assigned,Classify before deletion; no file may disappear without an extraction decision.,pending rewrite; source path existence verified
docs/review/components/contract.test-gate.md,review,not yet assigned,Classify before deletion; no file may disappear without an extraction decision.,pending rewrite; source path existence verified
docs/review/components/contract.worker.md,review,not yet assigned,Classify before deletion; no file may disappear without an extraction decision.,pending rewrite; source path existence verified
docs/review/components/foundation.config.md,review,not yet assigned,Classify before deletion; no file may disappear without an extraction decision.,pending rewrite; source path existence verified
docs/review/components/foundation.isolation.md,review,not yet assigned,Classify before deletion; no file may disappear without an extraction decision.,pending rewrite; source path existence verified
docs/review/components/foundation.observability.md,review,not yet assigned,Classify before deletion; no file may disappear without an extraction decision.,pending rewrite; source path existence verified
docs/review/components/foundation.packages.md,review,not yet assigned,Classify before deletion; no file may disappear without an extraction decision.,pending rewrite; source path existence verified
docs/review/components/foundation.registry.md,review,not yet assigned,Classify before deletion; no file may disappear without an extraction decision.,pending rewrite; source path existence verified
docs/review/components/kubeclaw-agent-observer.md,review,not yet assigned,Classify before deletion; no file may disappear without an extraction decision.,pending rewrite; source path existence verified
docs/review/components/kubeclaw.agent-observability.md,review,not yet assigned,Classify before deletion; no file may disappear without an extraction decision.,pending rewrite; source path existence verified
docs/review/components/kubeclaw.api-flow.md,review,not yet assigned,Classify before deletion; no file may disappear without an extraction decision.,pending rewrite; source path existence verified
docs/review/components/kubeclaw.architecture-validator.md,review,not yet assigned,Classify before deletion; no file may disappear without an extraction decision.,pending rewrite; source path existence verified
docs/review/components/kubeclaw.artifact-store.md,review,not yet assigned,Classify before deletion; no file may disappear without an extraction decision.,pending rewrite; source path existence verified
docs/review/components/kubeclaw.axe.md,review,not yet assigned,Classify before deletion; no file may disappear without an extraction decision.,pending rewrite; source path existence verified
docs/review/components/kubeclaw.blueprint-sync.md,review,not yet assigned,Classify before deletion; no file may disappear without an extraction decision.,pending rewrite; source path existence verified
docs/review/components/kubeclaw.buster-quality-gate.md,review,not yet assigned,Classify before deletion; no file may disappear without an extraction decision.,pending rewrite; source path existence verified
docs/review/components/kubeclaw.case-study.md,review,not yet assigned,Classify before deletion; no file may disappear without an extraction decision.,pending rewrite; source path existence verified
docs/review/components/kubeclaw.command-runner.md,review,not yet assigned,Classify before deletion; no file may disappear without an extraction decision.,pending rewrite; source path existence verified
docs/review/components/kubeclaw.container-build.md,review,not yet assigned,Classify before deletion; no file may disappear without an extraction decision.,pending rewrite; source path existence verified
docs/review/components/kubeclaw.coverage-budget.md,review,not yet assigned,Classify before deletion; no file may disappear without an extraction decision.,pending rewrite; source path existence verified
docs/review/components/kubeclaw.delivery-lint.md,review,not yet assigned,Classify before deletion; no file may disappear without an extraction decision.,pending rewrite; source path existence verified
docs/review/components/kubeclaw.direct-command.md,review,not yet assigned,Classify before deletion; no file may disappear without an extraction decision.,pending rewrite; source path existence verified
docs/review/components/kubeclaw.git-workspace.md,review,not yet assigned,Classify before deletion; no file may disappear without an extraction decision.,pending rewrite; source path existence verified
docs/review/components/kubeclaw.http.md,review,not yet assigned,Classify before deletion; no file may disappear without an extraction decision.,pending rewrite; source path existence verified
docs/review/components/kubeclaw.human-approval.md,review,not yet assigned,Classify before deletion; no file may disappear without an extraction decision.,pending rewrite; source path existence verified
docs/review/components/kubeclaw.implementation-agent.md,review,not yet assigned,Classify before deletion; no file may disappear without an extraction decision.,pending rewrite; source path existence verified
docs/review/components/kubeclaw.junit-report.md,review,not yet assigned,Classify before deletion; no file may disappear without an extraction decision.,pending rewrite; source path existence verified
docs/review/components/kubeclaw.kubernetes-fixture.md,review,not yet assigned,Classify before deletion; no file may disappear without an extraction decision.,pending rewrite; source path existence verified
docs/review/components/kubeclaw.lighthouse.md,review,not yet assigned,Classify before deletion; no file may disappear without an extraction decision.,pending rewrite; source path existence verified
docs/review/components/kubeclaw.lint.md,review,not yet assigned,Classify before deletion; no file may disappear without an extraction decision.,pending rewrite; source path existence verified
docs/review/components/kubeclaw.network-http.md,review,not yet assigned,Classify before deletion; no file may disappear without an extraction decision.,pending rewrite; source path existence verified
docs/review/components/kubeclaw.notification-observer.md,review,not yet assigned,Classify before deletion; no file may disappear without an extraction decision.,pending rewrite; source path existence verified
docs/review/components/kubeclaw.openapi.md,review,not yet assigned,Classify before deletion; no file may disappear without an extraction decision.,pending rewrite; source path existence verified
docs/review/components/kubeclaw.openclaw-agent-events.md,review,not yet assigned,Classify before deletion; no file may disappear without an extraction decision.,pending rewrite; source path existence verified
docs/review/components/kubeclaw.operator-messaging.md,review,not yet assigned,Classify before deletion; no file may disappear without an extraction decision.,pending rewrite; source path existence verified
docs/review/components/kubeclaw.pipeline-review.md,review,not yet assigned,Classify before deletion; no file may disappear without an extraction decision.,pending rewrite; source path existence verified
docs/review/components/kubeclaw.playwright.md,review,not yet assigned,Classify before deletion; no file may disappear without an extraction decision.,pending rewrite; source path existence verified
docs/review/components/kubeclaw.preflight-contract.md,review,not yet assigned,Classify before deletion; no file may disappear without an extraction decision.,pending rewrite; source path existence verified
docs/review/components/kubeclaw.prism-design.md,review,not yet assigned,Classify before deletion; no file may disappear without an extraction decision.,pending rewrite; source path existence verified
docs/review/components/kubeclaw.project-summary.md,review,not yet assigned,Classify before deletion; no file may disappear without an extraction decision.,pending rewrite; source path existence verified
docs/review/components/kubeclaw.redis-transport.md,review,not yet assigned,Classify before deletion; no file may disappear without an extraction decision.,pending rewrite; source path existence verified
docs/review/components/kubeclaw.remote-test-gate.md,review,not yet assigned,Classify before deletion; no file may disappear without an extraction decision.,pending rewrite; source path existence verified
docs/review/components/kubeclaw.repository-adapter.md,review,not yet assigned,Classify before deletion; no file may disappear without an extraction decision.,pending rewrite; source path existence verified
docs/review/components/kubeclaw.review.md,review,not yet assigned,Classify before deletion; no file may disappear without an extraction decision.,pending rewrite; source path existence verified
docs/review/components/kubeclaw.runtime-dispatch.md,review,not yet assigned,Classify before deletion; no file may disappear without an extraction decision.,pending rewrite; source path existence verified
docs/review/components/kubeclaw.secret-resolver.md,review,not yet assigned,Classify before deletion; no file may disappear without an extraction decision.,pending rewrite; source path existence verified
docs/review/components/kubeclaw.security-providers.md,review,not yet assigned,Classify before deletion; no file may disappear without an extraction decision.,pending rewrite; source path existence verified
docs/review/components/kubeclaw.size-budget.md,review,not yet assigned,Classify before deletion; no file may disappear without an extraction decision.,pending rewrite; source path existence verified
docs/review/components/kubeclaw.state-store.md,review,not yet assigned,Classify before deletion; no file may disappear without an extraction decision.,pending rewrite; source path existence verified
docs/review/components/kubeclaw.tailscale-exposure.md,review,not yet assigned,Classify before deletion; no file may disappear without an extraction decision.,pending rewrite; source path existence verified
docs/review/components/kubeclaw.telemetry-observer.md,review,not yet assigned,Classify before deletion; no file may disappear without an extraction decision.,pending rewrite; source path existence verified
docs/review/components/kubeclaw.telemetry-store.md,review,not yet assigned,Classify before deletion; no file may disappear without an extraction decision.,pending rewrite; source path existence verified
docs/review/components/kubeclaw.transport-publisher.md,review,not yet assigned,Classify before deletion; no file may disappear without an extraction decision.,pending rewrite; source path existence verified
docs/review/components/kubeclaw.visual.md,review,not yet assigned,Classify before deletion; no file may disappear without an extraction decision.,pending rewrite; source path existence verified
docs/review/components/kubeclaw.wait-store.md,review,not yet assigned,Classify before deletion; no file may disappear without an extraction decision.,pending rewrite; source path existence verified
docs/review/components/lib.prompt-contract.md,review,not yet assigned,Classify before deletion; no file may disappear without an extraction decision.,pending rewrite; source path existence verified
docs/review/components/lib.sdk.md,review,not yet assigned,Classify before deletion; no file may disappear without an extraction decision.,pending rewrite; source path existence verified
docs/review/components/nova.effects.md,review,not yet assigned,Classify before deletion; no file may disappear without an extraction decision.,pending rewrite; source path existence verified
docs/review/components/nova.entry.md,review,not yet assigned,Classify before deletion; no file may disappear without an extraction decision.,pending rewrite; source path existence verified
docs/review/components/nova.execution.md,review,not yet assigned,Classify before deletion; no file may disappear without an extraction decision.,pending rewrite; source path existence verified
docs/review/components/nova.lifecycle.md,review,not yet assigned,Classify before deletion; no file may disappear without an extraction decision.,pending rewrite; source path existence verified
docs/review/components/nova.observability.md,review,not yet assigned,Classify before deletion; no file may disappear without an extraction decision.,pending rewrite; source path existence verified
docs/review/components/nova.scaffold.md,review,not yet assigned,Classify before deletion; no file may disappear without an extraction decision.,pending rewrite; source path existence verified
docs/review/components/nova.state.md,review,not yet assigned,Classify before deletion; no file may disappear without an extraction decision.,pending rewrite; source path existence verified
docs/review/components/nova.telemetry.md,review,not yet assigned,Classify before deletion; no file may disappear without an extraction decision.,pending rewrite; source path existence verified
docs/review/components/nova.test-gates.md,review,not yet assigned,Classify before deletion; no file may disappear without an extraction decision.,pending rewrite; source path existence verified
docs/review/components/prism.control.md,review,not yet assigned,Classify before deletion; no file may disappear without an extraction decision.,pending rewrite; source path existence verified
docs/review/components/prism.corpus.md,review,not yet assigned,Classify before deletion; no file may disappear without an extraction decision.,pending rewrite; source path existence verified
docs/review/components/prism.directions.md,review,not yet assigned,Classify before deletion; no file may disappear without an extraction decision.,pending rewrite; source path existence verified
docs/review/components/prism.domain.md,review,not yet assigned,Classify before deletion; no file may disappear without an extraction decision.,pending rewrite; source path existence verified
docs/review/components/prism.engine.md,review,not yet assigned,Classify before deletion; no file may disappear without an extraction decision.,pending rewrite; source path existence verified
docs/review/components/prism.entry.md,review,not yet assigned,Classify before deletion; no file may disappear without an extraction decision.,pending rewrite; source path existence verified
docs/review/components/prism.evaluation.md,review,not yet assigned,Classify before deletion; no file may disappear without an extraction decision.,pending rewrite; source path existence verified
docs/review/components/prism.extension.md,review,not yet assigned,Classify before deletion; no file may disappear without an extraction decision.,pending rewrite; source path existence verified
docs/review/components/prism.pipeline-adapter.md,review,not yet assigned,Classify before deletion; no file may disappear without an extraction decision.,pending rewrite; source path existence verified
docs/review/components/prism.preferences.md,review,not yet assigned,Classify before deletion; no file may disappear without an extraction decision.,pending rewrite; source path existence verified
docs/review/components/prism.renderer.md,review,not yet assigned,Classify before deletion; no file may disappear without an extraction decision.,pending rewrite; source path existence verified
docs/review/components/prism.service-agent-bridge.md,review,not yet assigned,Classify before deletion; no file may disappear without an extraction decision.,pending rewrite; source path existence verified
docs/review/components/prism.service-common.md,review,not yet assigned,Classify before deletion; no file may disappear without an extraction decision.,pending rewrite; source path existence verified
docs/review/components/prism.service-control.md,review,not yet assigned,Classify before deletion; no file may disappear without an extraction decision.,pending rewrite; source path existence verified
docs/review/components/prism.service-ingestion.md,review,not yet assigned,Classify before deletion; no file may disappear without an extraction decision.,pending rewrite; source path existence verified
docs/review/components/prism.service-studio.md,review,not yet assigned,Classify before deletion; no file may disappear without an extraction decision.,pending rewrite; source path existence verified
docs/review/components/prism.service-worker.md,review,not yet assigned,Classify before deletion; no file may disappear without an extraction decision.,pending rewrite; source path existence verified
docs/review/components/prism.storage.md,review,not yet assigned,Classify before deletion; no file may disappear without an extraction decision.,pending rewrite; source path existence verified
docs/review/components/prism.studio.md,review,not yet assigned,Classify before deletion; no file may disappear without an extraction decision.,pending rewrite; source path existence verified
docs/review/components/worker.core.md,review,not yet assigned,Classify before deletion; no file may disappear without an extraction decision.,pending rewrite; source path existence verified
docs/review/evidence/README.md,review,not yet assigned,Classify before deletion; no file may disappear without an extraction decision.,pending rewrite; source path existence verified
docs/review/evidence/adapter-dependency-identity-lint.txt,review,not yet assigned,Classify before deletion; no file may disappear without an extraction decision.,pending rewrite; source path existence verified
docs/review/evidence/adapter-dependency-identity-nova-tsc.txt,review,not yet assigned,Classify before deletion; no file may disappear without an extraction decision.,pending rewrite; source path existence verified
docs/review/evidence/adapter-dependency-identity-tests.txt,review,not yet assigned,Classify before deletion; no file may disappear without an extraction decision.,pending rewrite; source path existence verified
docs/review/evidence/agent-contract-tests.txt,review,not yet assigned,Classify before deletion; no file may disappear without an extraction decision.,pending rewrite; source path existence verified
docs/review/evidence/blueprint-sync-tests.txt,review,not yet assigned,Classify before deletion; no file may disappear without an extraction decision.,pending rewrite; source path existence verified
docs/review/evidence/buildkit-preflight-version-fixed.txt,review,not yet assigned,Classify before deletion; no file may disappear without an extraction decision.,pending rewrite; source path existence verified
docs/review/evidence/buildkit-preflight-version-review.txt,review,not yet assigned,Classify before deletion; no file may disappear without an extraction decision.,pending rewrite; source path existence verified
docs/review/evidence/buster-container-recovery-original.txt,review,not yet assigned,Classify before deletion; no file may disappear without an extraction decision.,pending rewrite; source path existence verified
docs/review/evidence/buster-container-runtime-original.txt,review,not yet assigned,Classify before deletion; no file may disappear without an extraction decision.,pending rewrite; source path existence verified
docs/review/evidence/buster-container-validation-original.txt,review,not yet assigned,Classify before deletion; no file may disappear without an extraction decision.,pending rewrite; source path existence verified
docs/review/evidence/buster-direct-command-diagnosis.txt,review,not yet assigned,Classify before deletion; no file may disappear without an extraction decision.,pending rewrite; source path existence verified
docs/review/evidence/buster-engine-check-pipeline-remote-plan-runtime.mts.txt,review,not yet assigned,Classify before deletion; no file may disappear without an extraction decision.,pending rewrite; source path existence verified
docs/review/evidence/buster-engine-check-pipeline-remote-process-restart.mts.txt,review,not yet assigned,Classify before deletion; no file may disappear without an extraction decision.,pending rewrite; source path existence verified
docs/review/evidence/buster-engine-check-pipeline-remote-runtime-config.mts.txt,review,not yet assigned,Classify before deletion; no file may disappear without an extraction decision.,pending rewrite; source path existence verified
docs/review/evidence/buster-engine-check-pipeline-test-plan-runner.mts.txt,review,not yet assigned,Classify before deletion; no file may disappear without an extraction decision.,pending rewrite; source path existence verified
docs/review/evidence/buster-inventory-updates.json,review,not yet assigned,Classify before deletion; no file may disappear without an extraction decision.,pending rewrite; source path existence verified
docs/review/evidence/buster-job-compaction-planner.txt,review,not yet assigned,Classify before deletion; no file may disappear without an extraction decision.,pending rewrite; source path existence verified
docs/review/evidence/buster-job-compaction-runtime.txt,review,not yet assigned,Classify before deletion; no file may disappear without an extraction decision.,pending rewrite; source path existence verified
docs/review/evidence/buster-job-compaction-tests.txt,review,not yet assigned,Classify before deletion; no file may disappear without an extraction decision.,pending rewrite; source path existence verified
docs/review/evidence/buster-kubernetes-implementation-original.txt,review,not yet assigned,Classify before deletion; no file may disappear without an extraction decision.,pending rewrite; source path existence verified
docs/review/evidence/buster-kubernetes-validation-original.txt,review,not yet assigned,Classify before deletion; no file may disappear without an extraction decision.,pending rewrite; source path existence verified
docs/review/evidence/buster-provider-api-flow-original.txt,review,not yet assigned,Classify before deletion; no file may disappear without an extraction decision.,pending rewrite; source path existence verified
docs/review/evidence/buster-provider-axe-original.txt,review,not yet assigned,Classify before deletion; no file may disappear without an extraction decision.,pending rewrite; source path existence verified
docs/review/evidence/buster-provider-boundaries.txt,review,not yet assigned,Classify before deletion; no file may disappear without an extraction decision.,pending rewrite; source path existence verified
docs/review/evidence/buster-provider-coverage-budget-original.txt,review,not yet assigned,Classify before deletion; no file may disappear without an extraction decision.,pending rewrite; source path existence verified
docs/review/evidence/buster-provider-http-original.txt,review,not yet assigned,Classify before deletion; no file may disappear without an extraction decision.,pending rewrite; source path existence verified
docs/review/evidence/buster-provider-inventory-updates.json,review,not yet assigned,Classify before deletion; no file may disappear without an extraction decision.,pending rewrite; source path existence verified
docs/review/evidence/buster-provider-junit-isolated-original.txt,review,not yet assigned,Classify before deletion; no file may disappear without an extraction decision.,pending rewrite; source path existence verified
docs/review/evidence/buster-provider-junit-report-adapter-original.txt,review,not yet assigned,Classify before deletion; no file may disappear without an extraction decision.,pending rewrite; source path existence verified
docs/review/evidence/buster-provider-lighthouse-original.txt,review,not yet assigned,Classify before deletion; no file may disappear without an extraction decision.,pending rewrite; source path existence verified
docs/review/evidence/buster-provider-openapi-original.txt,review,not yet assigned,Classify before deletion; no file may disappear without an extraction decision.,pending rewrite; source path existence verified
docs/review/evidence/buster-provider-playwright-original.txt,review,not yet assigned,Classify before deletion; no file may disappear without an extraction decision.,pending rewrite; source path existence verified
docs/review/evidence/buster-provider-playwright-report-original.txt,review,not yet assigned,Classify before deletion; no file may disappear without an extraction decision.,pending rewrite; source path existence verified
docs/review/evidence/buster-provider-size-budget-original.txt,review,not yet assigned,Classify before deletion; no file may disappear without an extraction decision.,pending rewrite; source path existence verified
docs/review/evidence/buster-provider-visual-original.txt,review,not yet assigned,Classify before deletion; no file may disappear without an extraction decision.,pending rewrite; source path existence verified
docs/review/evidence/buster-readiness-consumers.txt,review,not yet assigned,Classify before deletion; no file may disappear without an extraction decision.,pending rewrite; source path existence verified
docs/review/evidence/buster-readiness-deployment-final.txt,review,not yet assigned,Classify before deletion; no file may disappear without an extraction decision.,pending rewrite; source path existence verified
docs/review/evidence/buster-readiness-deployment.txt,review,not yet assigned,Classify before deletion; no file may disappear without an extraction decision.,pending rewrite; source path existence verified
docs/review/evidence/buster-readiness-http-baseline-lint.txt,review,not yet assigned,Classify before deletion; no file may disappear without an extraction decision.,pending rewrite; source path existence verified
docs/review/evidence/buster-readiness-lint.txt,review,not yet assigned,Classify before deletion; no file may disappear without an extraction decision.,pending rewrite; source path existence verified
docs/review/evidence/buster-readiness-original-runtime.txt,review,not yet assigned,Classify before deletion; no file may disappear without an extraction decision.,pending rewrite; source path existence verified
docs/review/evidence/buster-readiness-production-baseline-lint.txt,review,not yet assigned,Classify before deletion; no file may disappear without an extraction decision.,pending rewrite; source path existence verified
docs/review/evidence/buster-readiness-service-baseline-lint.txt,review,not yet assigned,Classify before deletion; no file may disappear without an extraction decision.,pending rewrite; source path existence verified
docs/review/evidence/buster-readiness-tests.txt,review,not yet assigned,Classify before deletion; no file may disappear without an extraction decision.,pending rewrite; source path existence verified
docs/review/evidence/buster-readiness-types.txt,review,not yet assigned,Classify before deletion; no file may disappear without an extraction decision.,pending rewrite; source path existence verified
docs/review/evidence/buster-security-live-original.txt,review,not yet assigned,Classify before deletion; no file may disappear without an extraction decision.,pending rewrite; source path existence verified
docs/review/evidence/buster-tailscale-implementation-original.txt,review,not yet assigned,Classify before deletion; no file may disappear without an extraction decision.,pending rewrite; source path existence verified
docs/review/evidence/buster-tailscale-validation-original.txt,review,not yet assigned,Classify before deletion; no file may disappear without an extraction decision.,pending rewrite; source path existence verified
docs/review/evidence/capabilities-inventory-updates.json,review,not yet assigned,Classify before deletion; no file may disappear without an extraction decision.,pending rewrite; source path existence verified
docs/review/evidence/capability-adapter-probes-results.md,review,not yet assigned,Classify before deletion; no file may disappear without an extraction decision.,pending rewrite; source path existence verified
docs/review/evidence/defect-reproductions.txt,review,not yet assigned,Classify before deletion; no file may disappear without an extraction decision.,pending rewrite; source path existence verified
docs/review/evidence/demo-auth-evidence-independent.txt,review,not yet assigned,Classify before deletion; no file may disappear without an extraction decision.,pending rewrite; source path existence verified
docs/review/evidence/demo-generation-buster-tsc.txt,review,not yet assigned,Classify before deletion; no file may disappear without an extraction decision.,pending rewrite; source path existence verified
docs/review/evidence/demo-generation-lint-baseline.txt,review,not yet assigned,Classify before deletion; no file may disappear without an extraction decision.,pending rewrite; source path existence verified
docs/review/evidence/demo-generation-receipt-lint.txt,review,not yet assigned,Classify before deletion; no file may disappear without an extraction decision.,pending rewrite; source path existence verified
docs/review/evidence/demo-generation-receipt-nova-tsc.txt,review,not yet assigned,Classify before deletion; no file may disappear without an extraction decision.,pending rewrite; source path existence verified
docs/review/evidence/demo-generation-receipt-root.txt,review,not yet assigned,Classify before deletion; no file may disappear without an extraction decision.,pending rewrite; source path existence verified
docs/review/evidence/demo-generation-receipt-tests.txt,review,not yet assigned,Classify before deletion; no file may disappear without an extraction decision.,pending rewrite; source path existence verified
docs/review/evidence/demo-handoff-cli-baseline-lint.txt,review,not yet assigned,Classify before deletion; no file may disappear without an extraction decision.,pending rewrite; source path existence verified
docs/review/evidence/demo-handoff-compiler-compatibility.txt,review,not yet assigned,Classify before deletion; no file may disappear without an extraction decision.,pending rewrite; source path existence verified
docs/review/evidence/demo-handoff-input-tests.txt,review,not yet assigned,Classify before deletion; no file may disappear without an extraction decision.,pending rewrite; source path existence verified
docs/review/evidence/demo-handoff-interop.txt,review,not yet assigned,Classify before deletion; no file may disappear without an extraction decision.,pending rewrite; source path existence verified
docs/review/evidence/demo-handoff-lint.txt,review,not yet assigned,Classify before deletion; no file may disappear without an extraction decision.,pending rewrite; source path existence verified
docs/review/evidence/demo-handoff-nova-types.txt,review,not yet assigned,Classify before deletion; no file may disappear without an extraction decision.,pending rewrite; source path existence verified
docs/review/evidence/demo-handoff-package-tests.txt,review,not yet assigned,Classify before deletion; no file may disappear without an extraction decision.,pending rewrite; source path existence verified
docs/review/evidence/demo-handoff-packages.txt,review,not yet assigned,Classify before deletion; no file may disappear without an extraction decision.,pending rewrite; source path existence verified
docs/review/evidence/demo-handoff-production-lint.txt,review,not yet assigned,Classify before deletion; no file may disappear without an extraction decision.,pending rewrite; source path existence verified
docs/review/evidence/demo-handoff-shared-types.txt,review,not yet assigned,Classify before deletion; no file may disappear without an extraction decision.,pending rewrite; source path existence verified
docs/review/evidence/demo-handoff-test-lint.txt,review,not yet assigned,Classify before deletion; no file may disappear without an extraction decision.,pending rewrite; source path existence verified
docs/review/evidence/demo-handoff-types.txt,review,not yet assigned,Classify before deletion; no file may disappear without an extraction decision.,pending rewrite; source path existence verified
docs/review/evidence/demo-initial-retention-chart-tests.txt,review,not yet assigned,Classify before deletion; no file may disappear without an extraction decision.,pending rewrite; source path existence verified
docs/review/evidence/demo-initial-retention-default-pruning-after.txt,review,not yet assigned,Classify before deletion; no file may disappear without an extraction decision.,pending rewrite; source path existence verified
docs/review/evidence/demo-initial-retention-default-pruning-before.txt,review,not yet assigned,Classify before deletion; no file may disappear without an extraction decision.,pending rewrite; source path existence verified
docs/review/evidence/demo-initial-retention-tests.txt,review,not yet assigned,Classify before deletion; no file may disappear without an extraction decision.,pending rewrite; source path existence verified
docs/review/evidence/demo-ready-chart-tests.txt,review,not yet assigned,Classify before deletion; no file may disappear without an extraction decision.,pending rewrite; source path existence verified
docs/review/evidence/demo-ready-controller-tests.txt,review,not yet assigned,Classify before deletion; no file may disappear without an extraction decision.,pending rewrite; source path existence verified
docs/review/evidence/demo-retention-independent-default-pruning-final.txt,review,not yet assigned,Classify before deletion; no file may disappear without an extraction decision.,pending rewrite; source path existence verified
docs/review/evidence/demo-retention-independent-final-go.txt,review,not yet assigned,Classify before deletion; no file may disappear without an extraction decision.,pending rewrite; source path existence verified
docs/review/evidence/demo-retention-independent-final-helm.txt,review,not yet assigned,Classify before deletion; no file may disappear without an extraction decision.,pending rewrite; source path existence verified
docs/review/evidence/demo-retention-independent-malformed-final.txt,review,not yet assigned,Classify before deletion; no file may disappear without an extraction decision.,pending rewrite; source path existence verified
docs/review/evidence/effects-tests.txt,review,not yet assigned,Classify before deletion; no file may disappear without an extraction decision.,pending rewrite; source path existence verified
docs/review/evidence/evidence-resource-lock-lint.txt,review,not yet assigned,Classify before deletion; no file may disappear without an extraction decision.,pending rewrite; source path existence verified
docs/review/evidence/evidence-resource-lock-tests.txt,review,not yet assigned,Classify before deletion; no file may disappear without an extraction decision.,pending rewrite; source path existence verified
docs/review/evidence/evidence-resource-lock-tsc.txt,review,not yet assigned,Classify before deletion; no file may disappear without an extraction decision.,pending rewrite; source path existence verified
docs/review/evidence/foundation-tests.txt,review,not yet assigned,Classify before deletion; no file may disappear without an extraction decision.,pending rewrite; source path existence verified
docs/review/evidence/gate-coverage-tests.txt,review,not yet assigned,Classify before deletion; no file may disappear without an extraction decision.,pending rewrite; source path existence verified
docs/review/evidence/github-action-pins.txt,review,not yet assigned,Classify before deletion; no file may disappear without an extraction decision.,pending rewrite; source path existence verified
docs/review/evidence/integration-2d1ea1a/README.md,review,not yet assigned,Classify before deletion; no file may disappear without an extraction decision.,pending rewrite; source path existence verified
docs/review/evidence/integration-2d1ea1a/case-report.txt,review,not yet assigned,Classify before deletion; no file may disappear without an extraction decision.,pending rewrite; source path existence verified
docs/review/evidence/integration-2d1ea1a/ci-versions.txt,review,not yet assigned,Classify before deletion; no file may disappear without an extraction decision.,pending rewrite; source path existence verified
docs/review/evidence/integration-2d1ea1a/coverage.txt,review,not yet assigned,Classify before deletion; no file may disappear without an extraction decision.,pending rewrite; source path existence verified
docs/review/evidence/integration-2d1ea1a/delivery.txt,review,not yet assigned,Classify before deletion; no file may disappear without an extraction decision.,pending rewrite; source path existence verified
docs/review/evidence/integration-2d1ea1a/manifest.json,review,not yet assigned,Classify before deletion; no file may disappear without an extraction decision.,pending rewrite; source path existence verified
docs/review/evidence/integration-2d1ea1a/pipeline-report.txt,review,not yet assigned,Classify before deletion; no file may disappear without an extraction decision.,pending rewrite; source path existence verified
docs/review/evidence/integration-2d1ea1a/preflight.txt,review,not yet assigned,Classify before deletion; no file may disappear without an extraction decision.,pending rewrite; source path existence verified
docs/review/evidence/integration-2d1ea1a/prism-receivers.txt,review,not yet assigned,Classify before deletion; no file may disappear without an extraction decision.,pending rewrite; source path existence verified
docs/review/evidence/integration-2d1ea1a/runtime-identity.txt,review,not yet assigned,Classify before deletion; no file may disappear without an extraction decision.,pending rewrite; source path existence verified
docs/review/evidence/integration-2d1ea1a/shared-types.txt,review,not yet assigned,Classify before deletion; no file may disappear without an extraction decision.,pending rewrite; source path existence verified
docs/review/evidence/integration-2d1ea1a/studio-types.txt,review,not yet assigned,Classify before deletion; no file may disappear without an extraction decision.,pending rewrite; source path existence verified
docs/review/evidence/integration-2d1ea1a/version-generation.txt,review,not yet assigned,Classify before deletion; no file may disappear without an extraction decision.,pending rewrite; source path existence verified
docs/review/evidence/integration-2d1ea1a/worker-contract.txt,review,not yet assigned,Classify before deletion; no file may disappear without an extraction decision.,pending rewrite; source path existence verified
docs/review/evidence/integration-2d1ea1a/worker-executor.txt,review,not yet assigned,Classify before deletion; no file may disappear without an extraction decision.,pending rewrite; source path existence verified
docs/review/evidence/integration-2d1ea1a/worker-local.txt,review,not yet assigned,Classify before deletion; no file may disappear without an extraction decision.,pending rewrite; source path existence verified
docs/review/evidence/integration-ab79ad9/checkpoint.md,review,not yet assigned,Classify before deletion; no file may disappear without an extraction decision.,pending rewrite; source path existence verified
docs/review/evidence/integration-ab79ad9/core-1.log,review,not yet assigned,Classify before deletion; no file may disappear without an extraction decision.,pending rewrite; source path existence verified
docs/review/evidence/integration-ab79ad9/core-2.log,review,not yet assigned,Classify before deletion; no file may disappear without an extraction decision.,pending rewrite; source path existence verified
docs/review/evidence/integration-ab79ad9/core-3.log,review,not yet assigned,Classify before deletion; no file may disappear without an extraction decision.,pending rewrite; source path existence verified
docs/review/evidence/integration-ab79ad9/core-4.log,review,not yet assigned,Classify before deletion; no file may disappear without an extraction decision.,pending rewrite; source path existence verified
docs/review/evidence/integration-ab79ad9/core-5.log,review,not yet assigned,Classify before deletion; no file may disappear without an extraction decision.,pending rewrite; source path existence verified
docs/review/evidence/integration-ab79ad9/core-6.log,review,not yet assigned,Classify before deletion; no file may disappear without an extraction decision.,pending rewrite; source path existence verified
docs/review/evidence/integration-ab79ad9/core.json,review,not yet assigned,Classify before deletion; no file may disappear without an extraction decision.,pending rewrite; source path existence verified
docs/review/evidence/integration-ab79ad9/manifest.json,review,not yet assigned,Classify before deletion; no file may disappear without an extraction decision.,pending rewrite; source path existence verified
docs/review/evidence/integration-ab79ad9/prism-1.log,review,not yet assigned,Classify before deletion; no file may disappear without an extraction decision.,pending rewrite; source path existence verified
docs/review/evidence/integration-ab79ad9/prism-2.log,review,not yet assigned,Classify before deletion; no file may disappear without an extraction decision.,pending rewrite; source path existence verified
docs/review/evidence/integration-ab79ad9/prism-3.log,review,not yet assigned,Classify before deletion; no file may disappear without an extraction decision.,pending rewrite; source path existence verified
docs/review/evidence/integration-ab79ad9/prism.json,review,not yet assigned,Classify before deletion; no file may disappear without an extraction decision.,pending rewrite; source path existence verified
docs/review/evidence/integration-ab79ad9/release-scaffold-source-1.log,review,not yet assigned,Classify before deletion; no file may disappear without an extraction decision.,pending rewrite; source path existence verified
docs/review/evidence/integration-ab79ad9/release-scaffold-source-2.log,review,not yet assigned,Classify before deletion; no file may disappear without an extraction decision.,pending rewrite; source path existence verified
docs/review/evidence/integration-ab79ad9/release-scaffold-source-3.log,review,not yet assigned,Classify before deletion; no file may disappear without an extraction decision.,pending rewrite; source path existence verified
docs/review/evidence/integration-ab79ad9/release-scaffold-source-4.log,review,not yet assigned,Classify before deletion; no file may disappear without an extraction decision.,pending rewrite; source path existence verified
docs/review/evidence/integration-ab79ad9/release-scaffold-source-5.log,review,not yet assigned,Classify before deletion; no file may disappear without an extraction decision.,pending rewrite; source path existence verified
docs/review/evidence/integration-ab79ad9/release-scaffold-source.json,review,not yet assigned,Classify before deletion; no file may disappear without an extraction decision.,pending rewrite; source path existence verified
docs/review/evidence/integration-ab79ad9/run.py,review,not yet assigned,Classify before deletion; no file may disappear without an extraction decision.,pending rewrite; source path existence verified
docs/review/evidence/integration-d7522dd/README.md,review,not yet assigned,Classify before deletion; no file may disappear without an extraction decision.,pending rewrite; source path existence verified
docs/review/evidence/integration-d7522dd/buster-typecheck.txt,review,not yet assigned,Classify before deletion; no file may disappear without an extraction decision.,pending rewrite; source path existence verified
docs/review/evidence/integration-d7522dd/compiler.txt,review,not yet assigned,Classify before deletion; no file may disappear without an extraction decision.,pending rewrite; source path existence verified
docs/review/evidence/integration-d7522dd/demo-auth.initial.txt,review,not yet assigned,Classify before deletion; no file may disappear without an extraction decision.,pending rewrite; source path existence verified
docs/review/evidence/integration-d7522dd/demo-auth.txt,review,not yet assigned,Classify before deletion; no file may disappear without an extraction decision.,pending rewrite; source path existence verified
docs/review/evidence/integration-d7522dd/go-controller.initial.txt,review,not yet assigned,Classify before deletion; no file may disappear without an extraction decision.,pending rewrite; source path existence verified
docs/review/evidence/integration-d7522dd/go-controller.txt,review,not yet assigned,Classify before deletion; no file may disappear without an extraction decision.,pending rewrite; source path existence verified
docs/review/evidence/integration-d7522dd/http-provider.txt,review,not yet assigned,Classify before deletion; no file may disappear without an extraction decision.,pending rewrite; source path existence verified
docs/review/evidence/integration-d7522dd/manifest.initial.json,review,not yet assigned,Classify before deletion; no file may disappear without an extraction decision.,pending rewrite; source path existence verified
docs/review/evidence/integration-d7522dd/manifest.json,review,not yet assigned,Classify before deletion; no file may disappear without an extraction decision.,pending rewrite; source path existence verified
docs/review/evidence/integration-d7522dd/nova-typecheck.txt,review,not yet assigned,Classify before deletion; no file may disappear without an extraction decision.,pending rewrite; source path existence verified
docs/review/evidence/integration-d7522dd/remote-test-gate.initial.txt,review,not yet assigned,Classify before deletion; no file may disappear without an extraction decision.,pending rewrite; source path existence verified
docs/review/evidence/integration-d7522dd/remote-test-gate.txt,review,not yet assigned,Classify before deletion; no file may disappear without an extraction decision.,pending rewrite; source path existence verified
docs/review/evidence/integration-d7522dd/shared-typecheck.txt,review,not yet assigned,Classify before deletion; no file may disappear without an extraction decision.,pending rewrite; source path existence verified
docs/review/evidence/integration-d9fd619/README.md,review,not yet assigned,Classify before deletion; no file may disappear without an extraction decision.,pending rewrite; source path existence verified
docs/review/evidence/integration-d9fd619/consumers.txt,review,not yet assigned,Classify before deletion; no file may disappear without an extraction decision.,pending rewrite; source path existence verified
docs/review/evidence/integration-d9fd619/identity.txt,review,not yet assigned,Classify before deletion; no file may disappear without an extraction decision.,pending rewrite; source path existence verified
docs/review/evidence/integration-d9fd619/manifest.json,review,not yet assigned,Classify before deletion; no file may disappear without an extraction decision.,pending rewrite; source path existence verified
docs/review/evidence/integration-d9fd619/operator-types.txt,review,not yet assigned,Classify before deletion; no file may disappear without an extraction decision.,pending rewrite; source path existence verified
docs/review/evidence/integration-d9fd619/workspace-links.json,review,not yet assigned,Classify before deletion; no file may disappear without an extraction decision.,pending rewrite; source path existence verified
docs/review/evidence/integration-e03f7dc/README.md,review,not yet assigned,Classify before deletion; no file may disappear without an extraction decision.,pending rewrite; source path existence verified
docs/review/evidence/integration-e03f7dc/container-source-cutover.txt,review,not yet assigned,Classify before deletion; no file may disappear without an extraction decision.,pending rewrite; source path existence verified
docs/review/evidence/integration-e03f7dc/deployment-truth-449f7af.txt,review,not yet assigned,Classify before deletion; no file may disappear without an extraction decision.,pending rewrite; source path existence verified
docs/review/evidence/integration-e03f7dc/deployment-truth.txt,review,not yet assigned,Classify before deletion; no file may disappear without an extraction decision.,pending rewrite; source path existence verified
docs/review/evidence/integration-e03f7dc/go-race.txt,review,not yet assigned,Classify before deletion; no file may disappear without an extraction decision.,pending rewrite; source path existence verified
docs/review/evidence/integration-e03f7dc/manifest.json,review,not yet assigned,Classify before deletion; no file may disappear without an extraction decision.,pending rewrite; source path existence verified
docs/review/evidence/integration-e03f7dc/ready-helm.txt,review,not yet assigned,Classify before deletion; no file may disappear without an extraction decision.,pending rewrite; source path existence verified
docs/review/evidence/integration-e03f7dc/registry-config.txt,review,not yet assigned,Classify before deletion; no file may disappear without an extraction decision.,pending rewrite; source path existence verified
docs/review/evidence/integration-e03f7dc/registry-trivy-native.txt,review,not yet assigned,Classify before deletion; no file may disappear without an extraction decision.,pending rewrite; source path existence verified
docs/review/evidence/integration-eb1d7cc/README.md,review,not yet assigned,Classify before deletion; no file may disappear without an extraction decision.,pending rewrite; source path existence verified
docs/review/evidence/integration-eb1d7cc/buster-typecheck.txt,review,not yet assigned,Classify before deletion; no file may disappear without an extraction decision.,pending rewrite; source path existence verified
docs/review/evidence/integration-eb1d7cc/compaction.txt,review,not yet assigned,Classify before deletion; no file may disappear without an extraction decision.,pending rewrite; source path existence verified
docs/review/evidence/integration-eb1d7cc/compiler.txt,review,not yet assigned,Classify before deletion; no file may disappear without an extraction decision.,pending rewrite; source path existence verified
docs/review/evidence/integration-eb1d7cc/manifest.json,review,not yet assigned,Classify before deletion; no file may disappear without an extraction decision.,pending rewrite; source path existence verified
docs/review/evidence/integration-eb1d7cc/nova-typecheck.txt,review,not yet assigned,Classify before deletion; no file may disappear without an extraction decision.,pending rewrite; source path existence verified
docs/review/evidence/integration-eb1d7cc/planner.txt,review,not yet assigned,Classify before deletion; no file may disappear without an extraction decision.,pending rewrite; source path existence verified
docs/review/evidence/integration-eb1d7cc/project-source.txt,review,not yet assigned,Classify before deletion; no file may disappear without an extraction decision.,pending rewrite; source path existence verified
docs/review/evidence/integration-eb1d7cc/remote-runtime.txt,review,not yet assigned,Classify before deletion; no file may disappear without an extraction decision.,pending rewrite; source path existence verified
docs/review/evidence/integration-eb1d7cc/shared-typecheck.txt,review,not yet assigned,Classify before deletion; no file may disappear without an extraction decision.,pending rewrite; source path existence verified
docs/review/evidence/integration-f10ad7a/README.md,review,not yet assigned,Classify before deletion; no file may disappear without an extraction decision.,pending rewrite; source path existence verified
docs/review/evidence/integration-f10ad7a/artifact.txt,review,not yet assigned,Classify before deletion; no file may disappear without an extraction decision.,pending rewrite; source path existence verified
docs/review/evidence/integration-f10ad7a/buster-tsc.txt,review,not yet assigned,Classify before deletion; no file may disappear without an extraction decision.,pending rewrite; source path existence verified
docs/review/evidence/integration-f10ad7a/case.txt,review,not yet assigned,Classify before deletion; no file may disappear without an extraction decision.,pending rewrite; source path existence verified
docs/review/evidence/integration-f10ad7a/cleanup.txt,review,not yet assigned,Classify before deletion; no file may disappear without an extraction decision.,pending rewrite; source path existence verified
docs/review/evidence/integration-f10ad7a/generation.txt,review,not yet assigned,Classify before deletion; no file may disappear without an extraction decision.,pending rewrite; source path existence verified
docs/review/evidence/integration-f10ad7a/manifest.json,review,not yet assigned,Classify before deletion; no file may disappear without an extraction decision.,pending rewrite; source path existence verified
docs/review/evidence/integration-f10ad7a/nova-tsc.txt,review,not yet assigned,Classify before deletion; no file may disappear without an extraction decision.,pending rewrite; source path existence verified
docs/review/evidence/integration-f10ad7a/review.txt,review,not yet assigned,Classify before deletion; no file may disappear without an extraction decision.,pending rewrite; source path existence verified
docs/review/evidence/integration-f10ad7a/source.txt,review,not yet assigned,Classify before deletion; no file may disappear without an extraction decision.,pending rewrite; source path existence verified
docs/review/evidence/integration-f10ad7a/workspace-links.json,review,not yet assigned,Classify before deletion; no file may disappear without an extraction decision.,pending rewrite; source path existence verified
docs/review/evidence/integration-f308063/README.md,review,not yet assigned,Classify before deletion; no file may disappear without an extraction decision.,pending rewrite; source path existence verified
docs/review/evidence/integration-f308063/buster-tsc.txt,review,not yet assigned,Classify before deletion; no file may disappear without an extraction decision.,pending rewrite; source path existence verified
docs/review/evidence/integration-f308063/go-race.txt,review,not yet assigned,Classify before deletion; no file may disappear without an extraction decision.,pending rewrite; source path existence verified
docs/review/evidence/integration-f308063/ingestion-helm.txt,review,not yet assigned,Classify before deletion; no file may disappear without an extraction decision.,pending rewrite; source path existence verified
docs/review/evidence/integration-f308063/ingestion-service.txt,review,not yet assigned,Classify before deletion; no file may disappear without an extraction decision.,pending rewrite; source path existence verified
docs/review/evidence/integration-f308063/manifest.json,review,not yet assigned,Classify before deletion; no file may disappear without an extraction decision.,pending rewrite; source path existence verified
docs/review/evidence/integration-f308063/nova-tsc.txt,review,not yet assigned,Classify before deletion; no file may disappear without an extraction decision.,pending rewrite; source path existence verified
docs/review/evidence/integration-f308063/production-config.txt,review,not yet assigned,Classify before deletion; no file may disappear without an extraction decision.,pending rewrite; source path existence verified
docs/review/evidence/integration-f308063/ready-helm.txt,review,not yet assigned,Classify before deletion; no file may disappear without an extraction decision.,pending rewrite; source path existence verified
docs/review/evidence/integration-f308063/registry-health.txt,review,not yet assigned,Classify before deletion; no file may disappear without an extraction decision.,pending rewrite; source path existence verified
docs/review/evidence/integration-f308063/workspace-links.json,review,not yet assigned,Classify before deletion; no file may disappear without an extraction decision.,pending rewrite; source path existence verified
docs/review/evidence/integration-f308063/workspace.txt,review,not yet assigned,Classify before deletion; no file may disappear without an extraction decision.,pending rewrite; source path existence verified
docs/review/evidence/inventory-closure.json,review,not yet assigned,Classify before deletion; no file may disappear without an extraction decision.,pending rewrite; source path existence verified
docs/review/evidence/isolation-tests.txt,review,not yet assigned,Classify before deletion; no file may disappear without an extraction decision.,pending rewrite; source path existence verified
docs/review/evidence/lint-boundary-probes-results.txt,review,not yet assigned,Classify before deletion; no file may disappear without an extraction decision.,pending rewrite; source path existence verified
docs/review/evidence/lint-manifest-original-test.txt,review,not yet assigned,Classify before deletion; no file may disappear without an extraction decision.,pending rewrite; source path existence verified
docs/review/evidence/lint-original-tests.txt,review,not yet assigned,Classify before deletion; no file may disappear without an extraction decision.,pending rewrite; source path existence verified
docs/review/evidence/litellm-pinned-provenance.json,review,not yet assigned,Classify before deletion; no file may disappear without an extraction decision.,pending rewrite; source path existence verified
docs/review/evidence/nova-archive-budget.mjs,review,not yet assigned,Classify before deletion; no file may disappear without an extraction decision.,pending rewrite; source path existence verified
docs/review/evidence/nova-archive-budget.txt,review,not yet assigned,Classify before deletion; no file may disappear without an extraction decision.,pending rewrite; source path existence verified
docs/review/evidence/nova-batch-blueprint-sync-tests.txt,review,not yet assigned,Classify before deletion; no file may disappear without an extraction decision.,pending rewrite; source path existence verified
docs/review/evidence/nova-batch-buster-quality-gate-tests.txt,review,not yet assigned,Classify before deletion; no file may disappear without an extraction decision.,pending rewrite; source path existence verified
docs/review/evidence/nova-batch-case-study-tests.txt,review,not yet assigned,Classify before deletion; no file may disappear without an extraction decision.,pending rewrite; source path existence verified
docs/review/evidence/nova-batch-delivery-lint-tests.txt,review,not yet assigned,Classify before deletion; no file may disappear without an extraction decision.,pending rewrite; source path existence verified
docs/review/evidence/nova-batch-human-approval-tests.txt,review,not yet assigned,Classify before deletion; no file may disappear without an extraction decision.,pending rewrite; source path existence verified
docs/review/evidence/nova-batch-implementation-agent-tests.txt,review,not yet assigned,Classify before deletion; no file may disappear without an extraction decision.,pending rewrite; source path existence verified
docs/review/evidence/nova-batch-pipeline-review-tests.txt,review,not yet assigned,Classify before deletion; no file may disappear without an extraction decision.,pending rewrite; source path existence verified
docs/review/evidence/nova-batch-preflight-contract-tests.txt,review,not yet assigned,Classify before deletion; no file may disappear without an extraction decision.,pending rewrite; source path existence verified
docs/review/evidence/nova-batch-prism-design-tests.txt,review,not yet assigned,Classify before deletion; no file may disappear without an extraction decision.,pending rewrite; source path existence verified
docs/review/evidence/nova-batch-project-summary-tests.txt,review,not yet assigned,Classify before deletion; no file may disappear without an extraction decision.,pending rewrite; source path existence verified
docs/review/evidence/nova-batch-quality-real-provider-tests.txt,review,not yet assigned,Classify before deletion; no file may disappear without an extraction decision.,pending rewrite; source path existence verified
docs/review/evidence/nova-batch-remote-test-gate-tests.txt,review,not yet assigned,Classify before deletion; no file may disappear without an extraction decision.,pending rewrite; source path existence verified
docs/review/evidence/nova-batch-repository-adapter-tests.txt,review,not yet assigned,Classify before deletion; no file may disappear without an extraction decision.,pending rewrite; source path existence verified
docs/review/evidence/nova-batch-scaffold-tests.txt,review,not yet assigned,Classify before deletion; no file may disappear without an extraction decision.,pending rewrite; source path existence verified
docs/review/evidence/nova-execution-tests.txt,review,not yet assigned,Classify before deletion; no file may disappear without an extraction decision.,pending rewrite; source path existence verified
docs/review/evidence/nova-inventory-updates.json,review,not yet assigned,Classify before deletion; no file may disappear without an extraction decision.,pending rewrite; source path existence verified
docs/review/evidence/nova-lifecycle-tests.txt,review,not yet assigned,Classify before deletion; no file may disappear without an extraction decision.,pending rewrite; source path existence verified
docs/review/evidence/nova-observability-tests.txt,review,not yet assigned,Classify before deletion; no file may disappear without an extraction decision.,pending rewrite; source path existence verified
docs/review/evidence/nova-operations-tests.txt,review,not yet assigned,Classify before deletion; no file may disappear without an extraction decision.,pending rewrite; source path existence verified
docs/review/evidence/nova-remote-timeouts-recheck.txt,review,not yet assigned,Classify before deletion; no file may disappear without an extraction decision.,pending rewrite; source path existence verified
docs/review/evidence/nova-remote-timeouts.txt,review,not yet assigned,Classify before deletion; no file may disappear without an extraction decision.,pending rewrite; source path existence verified
docs/review/evidence/nova-resolver-examples.txt,review,not yet assigned,Classify before deletion; no file may disappear without an extraction decision.,pending rewrite; source path existence verified
docs/review/evidence/nova-supervisor-status-failure.txt,review,not yet assigned,Classify before deletion; no file may disappear without an extraction decision.,pending rewrite; source path existence verified
docs/review/evidence/nova-telemetry-tests.txt,review,not yet assigned,Classify before deletion; no file may disappear without an extraction decision.,pending rewrite; source path existence verified
docs/review/evidence/nova-test-gates-tests.txt,review,not yet assigned,Classify before deletion; no file may disappear without an extraction decision.,pending rewrite; source path existence verified
docs/review/evidence/observability-contract-tests.txt,review,not yet assigned,Classify before deletion; no file may disappear without an extraction decision.,pending rewrite; source path existence verified
docs/review/evidence/observability-retirement-planner.txt,review,not yet assigned,Classify before deletion; no file may disappear without an extraction decision.,pending rewrite; source path existence verified
docs/review/evidence/observability-storage-tests.txt,review,not yet assigned,Classify before deletion; no file may disappear without an extraction decision.,pending rewrite; source path existence verified
docs/review/evidence/observers-agent-observability-tests.txt,review,not yet assigned,Classify before deletion; no file may disappear without an extraction decision.,pending rewrite; source path existence verified
docs/review/evidence/observers-boundaries.txt,review,not yet assigned,Classify before deletion; no file may disappear without an extraction decision.,pending rewrite; source path existence verified
docs/review/evidence/observers-inventory-updates.json,review,not yet assigned,Classify before deletion; no file may disappear without an extraction decision.,pending rewrite; source path existence verified
docs/review/evidence/observers-notification-observer-tests.txt,review,not yet assigned,Classify before deletion; no file may disappear without an extraction decision.,pending rewrite; source path existence verified
docs/review/evidence/observers-notification-retry.txt,review,not yet assigned,Classify before deletion; no file may disappear without an extraction decision.,pending rewrite; source path existence verified
docs/review/evidence/observers-openclaw-agent-events-tests.txt,review,not yet assigned,Classify before deletion; no file may disappear without an extraction decision.,pending rewrite; source path existence verified
docs/review/evidence/observers-openclaw-agent-observer-tests.txt,review,not yet assigned,Classify before deletion; no file may disappear without an extraction decision.,pending rewrite; source path existence verified
docs/review/evidence/observers-operator-messaging-tests.txt,review,not yet assigned,Classify before deletion; no file may disappear without an extraction decision.,pending rewrite; source path existence verified
docs/review/evidence/observers-redis-transport-tests.txt,review,not yet assigned,Classify before deletion; no file may disappear without an extraction decision.,pending rewrite; source path existence verified
docs/review/evidence/observers-telemetry-observer-tests.txt,review,not yet assigned,Classify before deletion; no file may disappear without an extraction decision.,pending rewrite; source path existence verified
docs/review/evidence/observers-telemetry-store-tests.txt,review,not yet assigned,Classify before deletion; no file may disappear without an extraction decision.,pending rewrite; source path existence verified
docs/review/evidence/observers-transport-publisher-tests.txt,review,not yet assigned,Classify before deletion; no file may disappear without an extraction decision.,pending rewrite; source path existence verified
docs/review/evidence/offline-generator-baseline-final.txt,review,not yet assigned,Classify before deletion; no file may disappear without an extraction decision.,pending rewrite; source path existence verified
docs/review/evidence/offline-generator-coverage-final.txt,review,not yet assigned,Classify before deletion; no file may disappear without an extraction decision.,pending rewrite; source path existence verified
docs/review/evidence/offline-generator-failure-matrix-final.txt,review,not yet assigned,Classify before deletion; no file may disappear without an extraction decision.,pending rewrite; source path existence verified
docs/review/evidence/offline-generator-kubernetes-final.txt,review,not yet assigned,Classify before deletion; no file may disappear without an extraction decision.,pending rewrite; source path existence verified
docs/review/evidence/offline-generator-kubernetes-final2.txt,review,not yet assigned,Classify before deletion; no file may disappear without an extraction decision.,pending rewrite; source path existence verified
docs/review/evidence/offline-generator-kubernetes-initial.txt,review,not yet assigned,Classify before deletion; no file may disappear without an extraction decision.,pending rewrite; source path existence verified
docs/review/evidence/offline-generator-lint-final.txt,review,not yet assigned,Classify before deletion; no file may disappear without an extraction decision.,pending rewrite; source path existence verified
docs/review/evidence/offline-generator-lint-initial.txt,review,not yet assigned,Classify before deletion; no file may disappear without an extraction decision.,pending rewrite; source path existence verified
docs/review/evidence/offline-generator-production-graph-initial.txt,review,not yet assigned,Classify before deletion; no file may disappear without an extraction decision.,pending rewrite; source path existence verified
docs/review/evidence/offline-generator-tailscale-final.txt,review,not yet assigned,Classify before deletion; no file may disappear without an extraction decision.,pending rewrite; source path existence verified
docs/review/evidence/offline-generator-v2-final.txt,review,not yet assigned,Classify before deletion; no file may disappear without an extraction decision.,pending rewrite; source path existence verified
docs/review/evidence/offline-generator-v2-initial.txt,review,not yet assigned,Classify before deletion; no file may disappear without an extraction decision.,pending rewrite; source path existence verified
docs/review/evidence/offline-generator-workspace-initial.txt,review,not yet assigned,Classify before deletion; no file may disappear without an extraction decision.,pending rewrite; source path existence verified
docs/review/evidence/package-install-tests.txt,review,not yet assigned,Classify before deletion; no file may disappear without an extraction decision.,pending rewrite; source path existence verified
docs/review/evidence/phase7.txt,review,not yet assigned,Classify before deletion; no file may disappear without an extraction decision.,pending rewrite; source path existence verified
docs/review/evidence/platform-config-tests.txt,review,not yet assigned,Classify before deletion; no file may disappear without an extraction decision.,pending rewrite; source path existence verified
docs/review/evidence/plugin-contract-sdk-repro.txt,review,not yet assigned,Classify before deletion; no file may disappear without an extraction decision.,pending rewrite; source path existence verified
docs/review/evidence/plugin-contract-sdk-tests.txt,review,not yet assigned,Classify before deletion; no file may disappear without an extraction decision.,pending rewrite; source path existence verified
docs/review/evidence/pr6-buster-cleanup-parent/lint.txt,review,not yet assigned,Classify before deletion; no file may disappear without an extraction decision.,pending rewrite; source path existence verified
docs/review/evidence/pr6-buster-cleanup-parent/native.txt,review,not yet assigned,Classify before deletion; no file may disappear without an extraction decision.,pending rewrite; source path existence verified
docs/review/evidence/pr6-buster-cleanup-parent/types.txt,review,not yet assigned,Classify before deletion; no file may disappear without an extraction decision.,pending rewrite; source path existence verified
docs/review/evidence/pr6-buster-fixture/combined.log,review,not yet assigned,Classify before deletion; no file may disappear without an extraction decision.,pending rewrite; source path existence verified
docs/review/evidence/pr6-buster-fixture/control-channel.log,review,not yet assigned,Classify before deletion; no file may disappear without an extraction decision.,pending rewrite; source path existence verified
docs/review/evidence/pr6-buster-fixture/core-typecheck.log,review,not yet assigned,Classify before deletion; no file may disappear without an extraction decision.,pending rewrite; source path existence verified
docs/review/evidence/pr6-buster-fixture/fixture-typecheck.log,review,not yet assigned,Classify before deletion; no file may disappear without an extraction decision.,pending rewrite; source path existence verified
docs/review/evidence/pr6-buster-fixture/journal.log,review,not yet assigned,Classify before deletion; no file may disappear without an extraction decision.,pending rewrite; source path existence verified
docs/review/evidence/pr6-buster-fixture/lint.log,review,not yet assigned,Classify before deletion; no file may disappear without an extraction decision.,pending rewrite; source path existence verified
docs/review/evidence/pr6-buster-fixture/typecheck.log,review,not yet assigned,Classify before deletion; no file may disappear without an extraction decision.,pending rewrite; source path existence verified
docs/review/evidence/pr6-gitops/backup-regression.txt,review,not yet assigned,Classify before deletion; no file may disappear without an extraction decision.,pending rewrite; source path existence verified
docs/review/evidence/pr6-gitops/bootstrap-test.txt,review,not yet assigned,Classify before deletion; no file may disappear without an extraction decision.,pending rewrite; source path existence verified
docs/review/evidence/pr6-gitops/chart-source-blobs.json,review,not yet assigned,Classify before deletion; no file may disappear without an extraction decision.,pending rewrite; source path existence verified
docs/review/evidence/pr6-gitops/lint.txt,review,not yet assigned,Classify before deletion; no file may disappear without an extraction decision.,pending rewrite; source path existence verified
docs/review/evidence/pr6-gitops/local-tests.txt,review,not yet assigned,Classify before deletion; no file may disappear without an extraction decision.,pending rewrite; source path existence verified
docs/review/evidence/pr6-gitops/shell-syntax.txt,review,not yet assigned,Classify before deletion; no file may disappear without an extraction decision.,pending rewrite; source path existence verified
docs/review/evidence/pr6-gitops/versions.txt,review,not yet assigned,Classify before deletion; no file may disappear without an extraction decision.,pending rewrite; source path existence verified
docs/review/evidence/pr6-infrastructure/access-native.txt,review,not yet assigned,Classify before deletion; no file may disappear without an extraction decision.,pending rewrite; source path existence verified
docs/review/evidence/pr6-infrastructure/modules-lint.txt,review,not yet assigned,Classify before deletion; no file may disappear without an extraction decision.,pending rewrite; source path existence verified
docs/review/evidence/pr6-knip/context.txt,review,not yet assigned,Classify before deletion; no file may disappear without an extraction decision.,pending rewrite; source path existence verified
docs/review/evidence/pr6-knip/knip.txt,review,not yet assigned,Classify before deletion; no file may disappear without an extraction decision.,pending rewrite; source path existence verified
docs/review/evidence/pr6-knip/lint-boundary.txt,review,not yet assigned,Classify before deletion; no file may disappear without an extraction decision.,pending rewrite; source path existence verified
docs/review/evidence/pr6-knip/lint-stage.txt,review,not yet assigned,Classify before deletion; no file may disappear without an extraction decision.,pending rewrite; source path existence verified
docs/review/evidence/pr6-knip/lint-types.txt,review,not yet assigned,Classify before deletion; no file may disappear without an extraction decision.,pending rewrite; source path existence verified
docs/review/evidence/pr6-knip/lint.txt,review,not yet assigned,Classify before deletion; no file may disappear without an extraction decision.,pending rewrite; source path existence verified
docs/review/evidence/pr6-knip/revalidation.txt,review,not yet assigned,Classify before deletion; no file may disappear without an extraction decision.,pending rewrite; source path existence verified
docs/review/evidence/pr6-knip/review-types.txt,review,not yet assigned,Classify before deletion; no file may disappear without an extraction decision.,pending rewrite; source path existence verified
docs/review/evidence/pr6-local-acceptance/commands.json,review,not yet assigned,Classify before deletion; no file may disappear without an extraction decision.,pending rewrite; source path existence verified
docs/review/evidence/pr6-local-acceptance/container-deadlines.txt,review,not yet assigned,Classify before deletion; no file may disappear without an extraction decision.,pending rewrite; source path existence verified
docs/review/evidence/pr6-local-acceptance/direct-output-contract-current-path.txt,review,not yet assigned,Classify before deletion; no file may disappear without an extraction decision.,pending rewrite; source path existence verified
docs/review/evidence/pr6-local-acceptance/direct-output-contract.txt,review,not yet assigned,Classify before deletion; no file may disappear without an extraction decision.,pending rewrite; source path existence verified
docs/review/evidence/pr6-local-acceptance/junit-executed.txt,review,not yet assigned,Classify before deletion; no file may disappear without an extraction decision.,pending rewrite; source path existence verified
docs/review/evidence/pr6-local-acceptance/prism.txt,review,not yet assigned,Classify before deletion; no file may disappear without an extraction decision.,pending rewrite; source path existence verified
docs/review/evidence/pr6-local-acceptance/rollout-render.txt,review,not yet assigned,Classify before deletion; no file may disappear without an extraction decision.,pending rewrite; source path existence verified
docs/review/evidence/pr6-local-acceptance/workflow-trust.txt,review,not yet assigned,Classify before deletion; no file may disappear without an extraction decision.,pending rewrite; source path existence verified
docs/review/evidence/pr6-native-dispatch/control-lint.log,review,not yet assigned,Classify before deletion; no file may disappear without an extraction decision.,pending rewrite; source path existence verified
docs/review/evidence/pr6-native-dispatch/lint.log,review,not yet assigned,Classify before deletion; no file may disappear without an extraction decision.,pending rewrite; source path existence verified
docs/review/evidence/pr6-native-dispatch/postgres-http.json,review,not yet assigned,Classify before deletion; no file may disappear without an extraction decision.,pending rewrite; source path existence verified
docs/review/evidence/pr6-native-dispatch/postgres-http.log,review,not yet assigned,Classify before deletion; no file may disappear without an extraction decision.,pending rewrite; source path existence verified
docs/review/evidence/pr6-native-dispatch/postgres-operation-initial-failure.json,review,not yet assigned,Classify before deletion; no file may disappear without an extraction decision.,pending rewrite; source path existence verified
docs/review/evidence/pr6-native-dispatch/postgres-operation-initial-failure.log,review,not yet assigned,Classify before deletion; no file may disappear without an extraction decision.,pending rewrite; source path existence verified
docs/review/evidence/pr6-native-dispatch/postgres-operation.json,review,not yet assigned,Classify before deletion; no file may disappear without an extraction decision.,pending rewrite; source path existence verified
docs/review/evidence/pr6-native-dispatch/postgres-operation.log,review,not yet assigned,Classify before deletion; no file may disappear without an extraction decision.,pending rewrite; source path existence verified
docs/review/evidence/pr6-native-dispatch/services-engine.log,review,not yet assigned,Classify before deletion; no file may disappear without an extraction decision.,pending rewrite; source path existence verified
docs/review/evidence/pr6-native-dispatch/typecheck.log,review,not yet assigned,Classify before deletion; no file may disappear without an extraction decision.,pending rewrite; source path existence verified
docs/review/evidence/pr6-native-entry-types/chromium-install-retry.txt,review,not yet assigned,Classify before deletion; no file may disappear without an extraction decision.,pending rewrite; source path existence verified
docs/review/evidence/pr6-native-entry-types/chromium-install.txt,review,not yet assigned,Classify before deletion; no file may disappear without an extraction decision.,pending rewrite; source path existence verified
docs/review/evidence/pr6-native-entry-types/knip.txt,review,not yet assigned,Classify before deletion; no file may disappear without an extraction decision.,pending rewrite; source path existence verified
docs/review/evidence/pr6-native-entry-types/types.txt,review,not yet assigned,Classify before deletion; no file may disappear without an extraction decision.,pending rewrite; source path existence verified
docs/review/evidence/pr6-native-preparation/knip-install.txt,review,not yet assigned,Classify before deletion; no file may disappear without an extraction decision.,pending rewrite; source path existence verified
docs/review/evidence/pr6-native-preparation/knip-installed.txt,review,not yet assigned,Classify before deletion; no file may disappear without an extraction decision.,pending rewrite; source path existence verified
docs/review/evidence/pr6-native-preparation/knip-pr6.txt,review,not yet assigned,Classify before deletion; no file may disappear without an extraction decision.,pending rewrite; source path existence verified
docs/review/evidence/pr6-native-preparation/native-wrapper-invalid.txt,review,not yet assigned,Classify before deletion; no file may disappear without an extraction decision.,pending rewrite; source path existence verified
docs/review/evidence/pr6-native-preparation/native-wrapper-missing-db.txt,review,not yet assigned,Classify before deletion; no file may disappear without an extraction decision.,pending rewrite; source path existence verified
docs/review/evidence/pr6-native-preparation/prism-native-types.txt,review,not yet assigned,Classify before deletion; no file may disappear without an extraction decision.,pending rewrite; source path existence verified
docs/review/evidence/pr6-native-startup/contracts.log,review,not yet assigned,Classify before deletion; no file may disappear without an extraction decision.,pending rewrite; source path existence verified
docs/review/evidence/pr6-native-startup/control-server-lint-baseline.json,review,not yet assigned,Classify before deletion; no file may disappear without an extraction decision.,pending rewrite; source path existence verified
docs/review/evidence/pr6-native-startup/core-types.log,review,not yet assigned,Classify before deletion; no file may disappear without an extraction decision.,pending rewrite; source path existence verified
docs/review/evidence/pr6-native-startup/existing-lint-comparison.json,review,not yet assigned,Classify before deletion; no file may disappear without an extraction decision.,pending rewrite; source path existence verified
docs/review/evidence/pr6-native-startup/final-deployment-contracts.log,review,not yet assigned,Classify before deletion; no file may disappear without an extraction decision.,pending rewrite; source path existence verified
docs/review/evidence/pr6-native-startup/lint-initial-failure.log,review,not yet assigned,Classify before deletion; no file may disappear without an extraction decision.,pending rewrite; source path existence verified
docs/review/evidence/pr6-native-startup/lint.log,review,not yet assigned,Classify before deletion; no file may disappear without an extraction decision.,pending rewrite; source path existence verified
docs/review/evidence/pr6-native-startup/live-gate-types.log,review,not yet assigned,Classify before deletion; no file may disappear without an extraction decision.,pending rewrite; source path existence verified
docs/review/evidence/pr6-native-startup/native-runtime-initial-failure.log,review,not yet assigned,Classify before deletion; no file may disappear without an extraction decision.,pending rewrite; source path existence verified
docs/review/evidence/pr6-native-startup/native-runtime.log,review,not yet assigned,Classify before deletion; no file may disappear without an extraction decision.,pending rewrite; source path existence verified
docs/review/evidence/pr6-native-startup/node-pools.log,review,not yet assigned,Classify before deletion; no file may disappear without an extraction decision.,pending rewrite; source path existence verified
docs/review/evidence/pr6-native-startup/prism-types.log,review,not yet assigned,Classify before deletion; no file may disappear without an extraction decision.,pending rewrite; source path existence verified
docs/review/evidence/pr6-native-startup/results-initial.json,review,not yet assigned,Classify before deletion; no file may disappear without an extraction decision.,pending rewrite; source path existence verified
docs/review/evidence/pr6-native-startup/results.json,review,not yet assigned,Classify before deletion; no file may disappear without an extraction decision.,pending rewrite; source path existence verified
docs/review/evidence/pr6-native-startup/shell-syntax.log,review,not yet assigned,Classify before deletion; no file may disappear without an extraction decision.,pending rewrite; source path existence verified
docs/review/evidence/pr6-native-startup/versions.log,review,not yet assigned,Classify before deletion; no file may disappear without an extraction decision.,pending rewrite; source path existence verified
docs/review/evidence/pr6-node-pools/combined-tests.txt,review,not yet assigned,Classify before deletion; no file may disappear without an extraction decision.,pending rewrite; source path existence verified
docs/review/evidence/pr6-node-pools/commands.md,review,not yet assigned,Classify before deletion; no file may disappear without an extraction decision.,pending rewrite; source path existence verified
docs/review/evidence/pr6-node-pools/core-tests.txt,review,not yet assigned,Classify before deletion; no file may disappear without an extraction decision.,pending rewrite; source path existence verified
docs/review/evidence/pr6-node-pools/core-types.txt,review,not yet assigned,Classify before deletion; no file may disappear without an extraction decision.,pending rewrite; source path existence verified
docs/review/evidence/pr6-node-pools/lint.txt,review,not yet assigned,Classify before deletion; no file may disappear without an extraction decision.,pending rewrite; source path existence verified
docs/review/evidence/pr6-node-pools/live-gate-types-first.txt,review,not yet assigned,Classify before deletion; no file may disappear without an extraction decision.,pending rewrite; source path existence verified
docs/review/evidence/pr6-node-pools/live-gate-types.txt,review,not yet assigned,Classify before deletion; no file may disappear without an extraction decision.,pending rewrite; source path existence verified
docs/review/evidence/pr6-node-pools/node-lint-first.txt,review,not yet assigned,Classify before deletion; no file may disappear without an extraction decision.,pending rewrite; source path existence verified
docs/review/evidence/pr6-node-pools/node-tests-first.txt,review,not yet assigned,Classify before deletion; no file may disappear without an extraction decision.,pending rewrite; source path existence verified
docs/review/evidence/pr6-node-pools/node-tests.txt,review,not yet assigned,Classify before deletion; no file may disappear without an extraction decision.,pending rewrite; source path existence verified
docs/review/evidence/pr6-node-pools/prism-renderer.txt,review,not yet assigned,Classify before deletion; no file may disappear without an extraction decision.,pending rewrite; source path existence verified
docs/review/evidence/pr6-node-pools/prism-types.txt,review,not yet assigned,Classify before deletion; no file may disappear without an extraction decision.,pending rewrite; source path existence verified
docs/review/evidence/pr6-node-pools/versions.txt,review,not yet assigned,Classify before deletion; no file may disappear without an extraction decision.,pending rewrite; source path existence verified
docs/review/evidence/pr6-oci-identity/knip.txt,review,not yet assigned,Classify before deletion; no file may disappear without an extraction decision.,pending rewrite; source path existence verified
docs/review/evidence/pr6-oci-identity/lint.txt,review,not yet assigned,Classify before deletion; no file may disappear without an extraction decision.,pending rewrite; source path existence verified
docs/review/evidence/pr6-oci-identity/native-ghcr-timeout.txt,review,not yet assigned,Classify before deletion; no file may disappear without an extraction decision.,pending rewrite; source path existence verified
docs/review/evidence/pr6-oci-identity/tests.txt,review,not yet assigned,Classify before deletion; no file may disappear without an extraction decision.,pending rewrite; source path existence verified
docs/review/evidence/pr6-oci-identity/unselected-cli.txt,review,not yet assigned,Classify before deletion; no file may disappear without an extraction decision.,pending rewrite; source path existence verified
docs/review/evidence/pr6-postgresql-migration/charts.txt,review,not yet assigned,Classify before deletion; no file may disappear without an extraction decision.,pending rewrite; source path existence verified
docs/review/evidence/pr6-postgresql-migration/helm.txt,review,not yet assigned,Classify before deletion; no file may disappear without an extraction decision.,pending rewrite; source path existence verified
docs/review/evidence/pr6-postgresql-migration/lint.txt,review,not yet assigned,Classify before deletion; no file may disappear without an extraction decision.,pending rewrite; source path existence verified
docs/review/evidence/pr6-postgresql-migration/migration.txt,review,not yet assigned,Classify before deletion; no file may disappear without an extraction decision.,pending rewrite; source path existence verified
docs/review/evidence/pr6-postgresql-migration/recovery.txt,review,not yet assigned,Classify before deletion; no file may disappear without an extraction decision.,pending rewrite; source path existence verified
docs/review/evidence/pr6-postgresql-migration/versions.txt,review,not yet assigned,Classify before deletion; no file may disappear without an extraction decision.,pending rewrite; source path existence verified
docs/review/evidence/pr6-postgresql-recovery/bitnami-postgresql-manifest.json,review,not yet assigned,Classify before deletion; no file may disappear without an extraction decision.,pending rewrite; source path existence verified
docs/review/evidence/pr6-postgresql-recovery/bitnami-postgresql-recovery-tools.json,review,not yet assigned,Classify before deletion; no file may disappear without an extraction decision.,pending rewrite; source path existence verified
docs/review/evidence/pr6-postgresql-recovery/commands.md,review,not yet assigned,Classify before deletion; no file may disappear without an extraction decision.,pending rewrite; source path existence verified
docs/review/evidence/pr6-postgresql-recovery/lint.txt,review,not yet assigned,Classify before deletion; no file may disappear without an extraction decision.,pending rewrite; source path existence verified
docs/review/evidence/pr6-postgresql-recovery/native-crypto.txt,review,not yet assigned,Classify before deletion; no file may disappear without an extraction decision.,pending rewrite; source path existence verified
docs/review/evidence/pr6-postgresql-recovery/native-first.txt,review,not yet assigned,Classify before deletion; no file may disappear without an extraction decision.,pending rewrite; source path existence verified
docs/review/evidence/pr6-postgresql-recovery/native.txt,review,not yet assigned,Classify before deletion; no file may disappear without an extraction decision.,pending rewrite; source path existence verified
docs/review/evidence/pr6-postgresql-recovery/render.txt,review,not yet assigned,Classify before deletion; no file may disappear without an extraction decision.,pending rewrite; source path existence verified
docs/review/evidence/pr6-postgresql-recovery/versions.txt,review,not yet assigned,Classify before deletion; no file may disappear without an extraction decision.,pending rewrite; source path existence verified
docs/review/evidence/pr6-prism-backup-groups/helm-lint.txt,review,not yet assigned,Classify before deletion; no file may disappear without an extraction decision.,pending rewrite; source path existence verified
docs/review/evidence/pr6-prism-backup-groups/initial-artifact-fsync-failure.json,review,not yet assigned,Classify before deletion; no file may disappear without an extraction decision.,pending rewrite; source path existence verified
docs/review/evidence/pr6-prism-backup-groups/initial-proof-cleanup-failure.json,review,not yet assigned,Classify before deletion; no file may disappear without an extraction decision.,pending rewrite; source path existence verified
docs/review/evidence/pr6-prism-backup-groups/lint.txt,review,not yet assigned,Classify before deletion; no file may disappear without an extraction decision.,pending rewrite; source path existence verified
docs/review/evidence/pr6-prism-backup-groups/local-tests.txt,review,not yet assigned,Classify before deletion; no file may disappear without an extraction decision.,pending rewrite; source path existence verified
docs/review/evidence/pr6-prism-backup-groups/syncfs-filesystem-failure.json,review,not yet assigned,Classify before deletion; no file may disappear without an extraction decision.,pending rewrite; source path existence verified
docs/review/evidence/pr6-prism-single-runtime/core-typecheck.log,review,not yet assigned,Classify before deletion; no file may disappear without an extraction decision.,pending rewrite; source path existence verified
docs/review/evidence/pr6-prism-single-runtime/deployment.log,review,not yet assigned,Classify before deletion; no file may disappear without an extraction decision.,pending rewrite; source path existence verified
docs/review/evidence/pr6-prism-single-runtime/foundation-typecheck.log,review,not yet assigned,Classify before deletion; no file may disappear without an extraction decision.,pending rewrite; source path existence verified
docs/review/evidence/pr6-prism-single-runtime/historical-and-artifacts.log,review,not yet assigned,Classify before deletion; no file may disappear without an extraction decision.,pending rewrite; source path existence verified
docs/review/evidence/pr6-prism-single-runtime/historical-schema.log,review,not yet assigned,Classify before deletion; no file may disappear without an extraction decision.,pending rewrite; source path existence verified
docs/review/evidence/pr6-prism-single-runtime/lint.log,review,not yet assigned,Classify before deletion; no file may disappear without an extraction decision.,pending rewrite; source path existence verified
docs/review/evidence/pr6-prism-single-runtime/prism-suite.log,review,not yet assigned,Classify before deletion; no file may disappear without an extraction decision.,pending rewrite; source path existence verified
docs/review/evidence/pr6-prism-single-runtime/prism-typecheck.log,review,not yet assigned,Classify before deletion; no file may disappear without an extraction decision.,pending rewrite; source path existence verified
docs/review/evidence/pr6-prism-single-runtime/process-and-shutdown.log,review,not yet assigned,Classify before deletion; no file may disappear without an extraction decision.,pending rewrite; source path existence verified
docs/review/evidence/pr6-prism-single-runtime/strict-test-typecheck.log,review,not yet assigned,Classify before deletion; no file may disappear without an extraction decision.,pending rewrite; source path existence verified
docs/review/evidence/pr6-qdrant-migration/native.txt,review,not yet assigned,Classify before deletion; no file may disappear without an extraction decision.,pending rewrite; source path existence verified
docs/review/evidence/pr6-qdrant/commands.txt,review,not yet assigned,Classify before deletion; no file may disappear without an extraction decision.,pending rewrite; source path existence verified
docs/review/evidence/pr6-qdrant/lint.txt,review,not yet assigned,Classify before deletion; no file may disappear without an extraction decision.,pending rewrite; source path existence verified
docs/review/evidence/pr6-qdrant/local-tests.txt,review,not yet assigned,Classify before deletion; no file may disappear without an extraction decision.,pending rewrite; source path existence verified
docs/review/evidence/pr6-redis-migration/helm.txt,review,not yet assigned,Classify before deletion; no file may disappear without an extraction decision.,pending rewrite; source path existence verified
docs/review/evidence/pr6-redis-migration/native.txt,review,not yet assigned,Classify before deletion; no file may disappear without an extraction decision.,pending rewrite; source path existence verified
docs/review/evidence/pr6-registry-target/https-health.txt,review,not yet assigned,Classify before deletion; no file may disappear without an extraction decision.,pending rewrite; source path existence verified
docs/review/evidence/pr6-registry-target/knip.txt,review,not yet assigned,Classify before deletion; no file may disappear without an extraction decision.,pending rewrite; source path existence verified
docs/review/evidence/pr6-registry-target/lint-comparison.json,review,not yet assigned,Classify before deletion; no file may disappear without an extraction decision.,pending rewrite; source path existence verified
docs/review/evidence/pr6-registry-target/matrix.txt,review,not yet assigned,Classify before deletion; no file may disappear without an extraction decision.,pending rewrite; source path existence verified
docs/review/evidence/pr6-registry-target/native-types-baseline.txt,review,not yet assigned,Classify before deletion; no file may disappear without an extraction decision.,pending rewrite; source path existence verified
docs/review/evidence/pr6-registry-target/native-types.txt,review,not yet assigned,Classify before deletion; no file may disappear without an extraction decision.,pending rewrite; source path existence verified
docs/review/evidence/pr6-registry-target/target-and-runner.txt,review,not yet assigned,Classify before deletion; no file may disappear without an extraction decision.,pending rewrite; source path existence verified
docs/review/evidence/pr6-registry-target/target-lint.txt,review,not yet assigned,Classify before deletion; no file may disappear without an extraction decision.,pending rewrite; source path existence verified
docs/review/evidence/pr6-registry-target/workspace.txt,review,not yet assigned,Classify before deletion; no file may disappear without an extraction decision.,pending rewrite; source path existence verified
docs/review/evidence/pr6-runtime-tool-locks/arm64-wheels.txt,review,not yet assigned,Classify before deletion; no file may disappear without an extraction decision.,pending rewrite; source path existence verified
docs/review/evidence/pr6-runtime-tool-locks/chart-lock.txt,review,not yet assigned,Classify before deletion; no file may disappear without an extraction decision.,pending rewrite; source path existence verified
docs/review/evidence/pr6-runtime-tool-locks/downloads.txt,review,not yet assigned,Classify before deletion; no file may disappear without an extraction decision.,pending rewrite; source path existence verified
docs/review/evidence/pr6-runtime-tool-locks/drift.txt,review,not yet assigned,Classify before deletion; no file may disappear without an extraction decision.,pending rewrite; source path existence verified
docs/review/evidence/pr6-runtime-tool-locks/go-native.txt,review,not yet assigned,Classify before deletion; no file may disappear without an extraction decision.,pending rewrite; source path existence verified
docs/review/evidence/pr6-runtime-tool-locks/lint.txt,review,not yet assigned,Classify before deletion; no file may disappear without an extraction decision.,pending rewrite; source path existence verified
docs/review/evidence/pr6-runtime-tool-locks/python-native.txt,review,not yet assigned,Classify before deletion; no file may disappear without an extraction decision.,pending rewrite; source path existence verified
docs/review/evidence/pr6-runtime-tool-locks/trusted-updater.txt,review,not yet assigned,Classify before deletion; no file may disappear without an extraction decision.,pending rewrite; source path existence verified
docs/review/evidence/pr6-runtime-tool-locks/upstream-refresh.txt,review,not yet assigned,Classify before deletion; no file may disappear without an extraction decision.,pending rewrite; source path existence verified
docs/review/evidence/pr6-sdk-local/commands.json,review,not yet assigned,Classify before deletion; no file may disappear without an extraction decision.,pending rewrite; source path existence verified
docs/review/evidence/pr6-sdk-local/sdk-delivery-after.log,review,not yet assigned,Classify before deletion; no file may disappear without an extraction decision.,pending rewrite; source path existence verified
docs/review/evidence/pr6-sdk-local/sdk-delivery-recovery-serial.log,review,not yet assigned,Classify before deletion; no file may disappear without an extraction decision.,pending rewrite; source path existence verified
docs/review/evidence/pr6-sdk-local/sdk-history-after.log,review,not yet assigned,Classify before deletion; no file may disappear without an extraction decision.,pending rewrite; source path existence verified
docs/review/evidence/pr6-sdk-local/sdk-local-owners-after.log,review,not yet assigned,Classify before deletion; no file may disappear without an extraction decision.,pending rewrite; source path existence verified
docs/review/evidence/pr6-sdk-local/sdk-local-owners.log,review,not yet assigned,Classify before deletion; no file may disappear without an extraction decision.,pending rewrite; source path existence verified
docs/review/evidence/pr6-sdk-local/sdk-refs.log,review,not yet assigned,Classify before deletion; no file may disappear without an extraction decision.,pending rewrite; source path existence verified
docs/review/evidence/pr6-sdk-local/sdk-summary-lint.log,review,not yet assigned,Classify before deletion; no file may disappear without an extraction decision.,pending rewrite; source path existence verified
docs/review/evidence/pr6-sdk-local/sdk-values.log,review,not yet assigned,Classify before deletion; no file may disappear without an extraction decision.,pending rewrite; source path existence verified
docs/review/evidence/pr6-seven/acceptance-after.log,review,not yet assigned,Classify before deletion; no file may disappear without an extraction decision.,pending rewrite; source path existence verified
docs/review/evidence/pr6-seven/acceptance-compiler.log,review,not yet assigned,Classify before deletion; no file may disappear without an extraction decision.,pending rewrite; source path existence verified
docs/review/evidence/pr6-seven/acceptance-lint.log,review,not yet assigned,Classify before deletion; no file may disappear without an extraction decision.,pending rewrite; source path existence verified
docs/review/evidence/pr6-seven/acceptance-package.log,review,not yet assigned,Classify before deletion; no file may disappear without an extraction decision.,pending rewrite; source path existence verified
docs/review/evidence/pr6-seven/acceptance-reason-before.log,review,not yet assigned,Classify before deletion; no file may disappear without an extraction decision.,pending rewrite; source path existence verified
docs/review/evidence/pr6-seven/acceptance-risk-after.log,review,not yet assigned,Classify before deletion; no file may disappear without an extraction decision.,pending rewrite; source path existence verified
docs/review/evidence/pr6-seven/acceptance-source-after.log,review,not yet assigned,Classify before deletion; no file may disappear without an extraction decision.,pending rewrite; source path existence verified
docs/review/evidence/pr6-seven/acceptance-types.log,review,not yet assigned,Classify before deletion; no file may disappear without an extraction decision.,pending rewrite; source path existence verified
docs/review/evidence/pr6-seven/commands.json,review,not yet assigned,Classify before deletion; no file may disappear without an extraction decision.,pending rewrite; source path existence verified
docs/review/evidence/pr6-seven/registry-buildinfo.txt,review,not yet assigned,Classify before deletion; no file may disappear without an extraction decision.,pending rewrite; source path existence verified
docs/review/evidence/pr6-seven/registry-client-regression-after.log,review,not yet assigned,Classify before deletion; no file may disappear without an extraction decision.,pending rewrite; source path existence verified
docs/review/evidence/pr6-seven/registry-client-regression.log,review,not yet assigned,Classify before deletion; no file may disappear without an extraction decision.,pending rewrite; source path existence verified
docs/review/evidence/pr6-seven/registry-lint-after.log,review,not yet assigned,Classify before deletion; no file may disappear without an extraction decision.,pending rewrite; source path existence verified
docs/review/evidence/pr6-seven/registry-lint-final.log,review,not yet assigned,Classify before deletion; no file may disappear without an extraction decision.,pending rewrite; source path existence verified
docs/review/evidence/pr6-seven/registry-lint.log,review,not yet assigned,Classify before deletion; no file may disappear without an extraction decision.,pending rewrite; source path existence verified
docs/review/evidence/pr6-seven/registry-native-build.log,review,not yet assigned,Classify before deletion; no file may disappear without an extraction decision.,pending rewrite; source path existence verified
docs/review/evidence/pr6-seven/registry-native-gc.log,review,not yet assigned,Classify before deletion; no file may disappear without an extraction decision.,pending rewrite; source path existence verified
docs/review/evidence/pr6-seven/registry-storage-tests.log,review,not yet assigned,Classify before deletion; no file may disappear without an extraction decision.,pending rewrite; source path existence verified
docs/review/evidence/pr6-seven/registry3-native-build.log,review,not yet assigned,Classify before deletion; no file may disappear without an extraction decision.,pending rewrite; source path existence verified
docs/review/evidence/pr6-seven/seven-knip.log,review,not yet assigned,Classify before deletion; no file may disappear without an extraction decision.,pending rewrite; source path existence verified
docs/review/evidence/pr6-stateful-upgrades/commands.txt,review,not yet assigned,Classify before deletion; no file may disappear without an extraction decision.,pending rewrite; source path existence verified
docs/review/evidence/pr6-stateful-upgrades/core-typecheck.txt,review,not yet assigned,Classify before deletion; no file may disappear without an extraction decision.,pending rewrite; source path existence verified
docs/review/evidence/pr6-stateful-upgrades/lint.txt,review,not yet assigned,Classify before deletion; no file may disappear without an extraction decision.,pending rewrite; source path existence verified
docs/review/evidence/pr6-stateful-upgrades/native-admission.txt,review,not yet assigned,Classify before deletion; no file may disappear without an extraction decision.,pending rewrite; source path existence verified
docs/review/evidence/pr6-stateful-upgrades/pins.txt,review,not yet assigned,Classify before deletion; no file may disappear without an extraction decision.,pending rewrite; source path existence verified
docs/review/evidence/pr6-stateful-upgrades/prism-native.txt,review,not yet assigned,Classify before deletion; no file may disappear without an extraction decision.,pending rewrite; source path existence verified
docs/review/evidence/pr6-stateful-upgrades/prism-sql-regression.txt,review,not yet assigned,Classify before deletion; no file may disappear without an extraction decision.,pending rewrite; source path existence verified
docs/review/evidence/pr6-stateful-upgrades/prism-typecheck.txt,review,not yet assigned,Classify before deletion; no file may disappear without an extraction decision.,pending rewrite; source path existence verified
docs/review/evidence/pr6-stateful-upgrades/redis-durability.txt,review,not yet assigned,Classify before deletion; no file may disappear without an extraction decision.,pending rewrite; source path existence verified
docs/review/evidence/pr6-stateful-upgrades/version-regression.txt,review,not yet assigned,Classify before deletion; no file may disappear without an extraction decision.,pending rewrite; source path existence verified
docs/review/evidence/pr6-stateful-upgrades/versions-invocation-error.txt,review,not yet assigned,Classify before deletion; no file may disappear without an extraction decision.,pending rewrite; source path existence verified
docs/review/evidence/pr6-stateful-upgrades/versions.txt,review,not yet assigned,Classify before deletion; no file may disappear without an extraction decision.,pending rewrite; source path existence verified
docs/review/evidence/pr6-supervisor-ownership-io/identity-after.txt,review,not yet assigned,Classify before deletion; no file may disappear without an extraction decision.,pending rewrite; source path existence verified
docs/review/evidence/pr6-supervisor-ownership-io/identity-before.txt,review,not yet assigned,Classify before deletion; no file may disappear without an extraction decision.,pending rewrite; source path existence verified
docs/review/evidence/pr6-supervisor-ownership-io/io-before.txt,review,not yet assigned,Classify before deletion; no file may disappear without an extraction decision.,pending rewrite; source path existence verified
docs/review/evidence/pr6-supervisor-ownership-io/knip.txt,review,not yet assigned,Classify before deletion; no file may disappear without an extraction decision.,pending rewrite; source path existence verified
docs/review/evidence/pr6-supervisor-ownership-io/lint.txt,review,not yet assigned,Classify before deletion; no file may disappear without an extraction decision.,pending rewrite; source path existence verified
docs/review/evidence/pr6-supervisor-ownership-io/operations-after.txt,review,not yet assigned,Classify before deletion; no file may disappear without an extraction decision.,pending rewrite; source path existence verified
docs/review/evidence/pr6-supervisor-ownership-io/original-operator-retention.txt,review,not yet assigned,Classify before deletion; no file may disappear without an extraction decision.,pending rewrite; source path existence verified
docs/review/evidence/pr6-worker-final-observation/commands.txt,review,not yet assigned,Classify before deletion; no file may disappear without an extraction decision.,pending rewrite; source path existence verified
docs/review/evidence/pr6-worker-final-observation/lint.txt,review,not yet assigned,Classify before deletion; no file may disappear without an extraction decision.,pending rewrite; source path existence verified
docs/review/evidence/pr6-worker-final-observation/prism-typecheck.txt,review,not yet assigned,Classify before deletion; no file may disappear without an extraction decision.,pending rewrite; source path existence verified
docs/review/evidence/pr6-worker-final-observation/tests.txt,review,not yet assigned,Classify before deletion; no file may disappear without an extraction decision.,pending rewrite; source path existence verified
docs/review/evidence/pr6-worker-final-observation/typecheck.txt,review,not yet assigned,Classify before deletion; no file may disappear without an extraction decision.,pending rewrite; source path existence verified
docs/review/evidence/prism-agent-jobs-admission-check.txt,review,not yet assigned,Classify before deletion; no file may disappear without an extraction decision.,pending rewrite; source path existence verified
docs/review/evidence/prism-agent-jobs-lint-comparison.json,review,not yet assigned,Classify before deletion; no file may disappear without an extraction decision.,pending rewrite; source path existence verified
docs/review/evidence/prism-agent-jobs-lint.txt,review,not yet assigned,Classify before deletion; no file may disappear without an extraction decision.,pending rewrite; source path existence verified
docs/review/evidence/prism-agent-jobs-native-postgres.txt,review,not yet assigned,Classify before deletion; no file may disappear without an extraction decision.,pending rewrite; source path existence verified
docs/review/evidence/prism-agent-jobs-studio-build.txt,review,not yet assigned,Classify before deletion; no file may disappear without an extraction decision.,pending rewrite; source path existence verified
docs/review/evidence/prism-agent-jobs-studio-typecheck.txt,review,not yet assigned,Classify before deletion; no file may disappear without an extraction decision.,pending rewrite; source path existence verified
docs/review/evidence/prism-agent-jobs-tests.txt,review,not yet assigned,Classify before deletion; no file may disappear without an extraction decision.,pending rewrite; source path existence verified
docs/review/evidence/prism-agent-jobs-typecheck.txt,review,not yet assigned,Classify before deletion; no file may disappear without an extraction decision.,pending rewrite; source path existence verified
docs/review/evidence/prism-agent-resource-v2-final.txt,review,not yet assigned,Classify before deletion; no file may disappear without an extraction decision.,pending rewrite; source path existence verified
docs/review/evidence/prism-agent-resource-v2-lint-comparison.json,review,not yet assigned,Classify before deletion; no file may disappear without an extraction decision.,pending rewrite; source path existence verified
docs/review/evidence/prism-agent-resource-v2-lint.txt,review,not yet assigned,Classify before deletion; no file may disappear without an extraction decision.,pending rewrite; source path existence verified
docs/review/evidence/prism-agent-resource-v2-receiver-lint.txt,review,not yet assigned,Classify before deletion; no file may disappear without an extraction decision.,pending rewrite; source path existence verified
docs/review/evidence/prism-agent-resource-v2-receiver.txt,review,not yet assigned,Classify before deletion; no file may disappear without an extraction decision.,pending rewrite; source path existence verified
docs/review/evidence/prism-agent-resource-v2-result-bytes.txt,review,not yet assigned,Classify before deletion; no file may disappear without an extraction decision.,pending rewrite; source path existence verified
docs/review/evidence/prism-agent-resource-v2-tests-serial.txt,review,not yet assigned,Classify before deletion; no file may disappear without an extraction decision.,pending rewrite; source path existence verified
docs/review/evidence/prism-agent-resource-v2-tests.txt,review,not yet assigned,Classify before deletion; no file may disappear without an extraction decision.,pending rewrite; source path existence verified
docs/review/evidence/prism-agent-resource-v2-v1-contracts.txt,review,not yet assigned,Classify before deletion; no file may disappear without an extraction decision.,pending rewrite; source path existence verified
docs/review/evidence/prism-contract-tests.txt,review,not yet assigned,Classify before deletion; no file may disappear without an extraction decision.,pending rewrite; source path existence verified
docs/review/evidence/prism-core-review-tests.txt,review,not yet assigned,Classify before deletion; no file may disappear without an extraction decision.,pending rewrite; source path existence verified
docs/review/evidence/prism-design-rounds-full-lint.txt,review,not yet assigned,Classify before deletion; no file may disappear without an extraction decision.,pending rewrite; source path existence verified
docs/review/evidence/prism-design-rounds-http-diagnostics.txt,review,not yet assigned,Classify before deletion; no file may disappear without an extraction decision.,pending rewrite; source path existence verified
docs/review/evidence/prism-design-rounds-http-lint.txt,review,not yet assigned,Classify before deletion; no file may disappear without an extraction decision.,pending rewrite; source path existence verified
docs/review/evidence/prism-design-rounds-lint.txt,review,not yet assigned,Classify before deletion; no file may disappear without an extraction decision.,pending rewrite; source path existence verified
docs/review/evidence/prism-design-rounds-native-postgres.txt,review,not yet assigned,Classify before deletion; no file may disappear without an extraction decision.,pending rewrite; source path existence verified
docs/review/evidence/prism-design-rounds-studio-build.txt,review,not yet assigned,Classify before deletion; no file may disappear without an extraction decision.,pending rewrite; source path existence verified
docs/review/evidence/prism-design-rounds-studio-lint-comparison.json,review,not yet assigned,Classify before deletion; no file may disappear without an extraction decision.,pending rewrite; source path existence verified
docs/review/evidence/prism-design-rounds-studio-lint.txt,review,not yet assigned,Classify before deletion; no file may disappear without an extraction decision.,pending rewrite; source path existence verified
docs/review/evidence/prism-design-rounds-studio-typecheck-comparison.json,review,not yet assigned,Classify before deletion; no file may disappear without an extraction decision.,pending rewrite; source path existence verified
docs/review/evidence/prism-design-rounds-studio-typecheck.txt,review,not yet assigned,Classify before deletion; no file may disappear without an extraction decision.,pending rewrite; source path existence verified
docs/review/evidence/prism-design-rounds-tests.txt,review,not yet assigned,Classify before deletion; no file may disappear without an extraction decision.,pending rewrite; source path existence verified
docs/review/evidence/prism-design-rounds-typecheck.txt,review,not yet assigned,Classify before deletion; no file may disappear without an extraction decision.,pending rewrite; source path existence verified
docs/review/evidence/prism-domain-tests.txt,review,not yet assigned,Classify before deletion; no file may disappear without an extraction decision.,pending rewrite; source path existence verified
docs/review/evidence/prism-extension-tests.txt,review,not yet assigned,Classify before deletion; no file may disappear without an extraction decision.,pending rewrite; source path existence verified
docs/review/evidence/prism-ingestion-resources-chart-final.txt,review,not yet assigned,Classify before deletion; no file may disappear without an extraction decision.,pending rewrite; source path existence verified
docs/review/evidence/prism-ingestion-resources-chart-final2.txt,review,not yet assigned,Classify before deletion; no file may disappear without an extraction decision.,pending rewrite; source path existence verified
docs/review/evidence/prism-ingestion-resources-chart-final3.txt,review,not yet assigned,Classify before deletion; no file may disappear without an extraction decision.,pending rewrite; source path existence verified
docs/review/evidence/prism-ingestion-resources-chart.txt,review,not yet assigned,Classify before deletion; no file may disappear without an extraction decision.,pending rewrite; source path existence verified
docs/review/evidence/prism-ingestion-resources-lint-baseline.txt,review,not yet assigned,Classify before deletion; no file may disappear without an extraction decision.,pending rewrite; source path existence verified
docs/review/evidence/prism-ingestion-resources-lint.txt,review,not yet assigned,Classify before deletion; no file may disappear without an extraction decision.,pending rewrite; source path existence verified
docs/review/evidence/prism-ingestion-resources-root.txt,review,not yet assigned,Classify before deletion; no file may disappear without an extraction decision.,pending rewrite; source path existence verified
docs/review/evidence/prism-ingestion-resources-service.txt,review,not yet assigned,Classify before deletion; no file may disappear without an extraction decision.,pending rewrite; source path existence verified
docs/review/evidence/prism-ingestion-resources-test-lint.txt,review,not yet assigned,Classify before deletion; no file may disappear without an extraction decision.,pending rewrite; source path existence verified
docs/review/evidence/prism-ingestion-service-error-probe.txt,review,not yet assigned,Classify before deletion; no file may disappear without an extraction decision.,pending rewrite; source path existence verified
docs/review/evidence/prism-inventory-updates.json,review,not yet assigned,Classify before deletion; no file may disappear without an extraction decision.,pending rewrite; source path existence verified
docs/review/evidence/prism-preference-control-lint.json,review,not yet assigned,Classify before deletion; no file may disappear without an extraction decision.,pending rewrite; source path existence verified
docs/review/evidence/prism-preference-producer-tests.txt,review,not yet assigned,Classify before deletion; no file may disappear without an extraction decision.,pending rewrite; source path existence verified
docs/review/evidence/prism-preference-subject-helm.txt,review,not yet assigned,Classify before deletion; no file may disappear without an extraction decision.,pending rewrite; source path existence verified
docs/review/evidence/prism-preference-subject-lint.txt,review,not yet assigned,Classify before deletion; no file may disappear without an extraction decision.,pending rewrite; source path existence verified
docs/review/evidence/prism-preference-subject-typecheck.txt,review,not yet assigned,Classify before deletion; no file may disappear without an extraction decision.,pending rewrite; source path existence verified
docs/review/evidence/prism-preferences-focused-lint.txt,review,not yet assigned,Classify before deletion; no file may disappear without an extraction decision.,pending rewrite; source path existence verified
docs/review/evidence/prism-preferences-lint.txt,review,not yet assigned,Classify before deletion; no file may disappear without an extraction decision.,pending rewrite; source path existence verified
docs/review/evidence/prism-preferences-tests.txt,review,not yet assigned,Classify before deletion; no file may disappear without an extraction decision.,pending rewrite; source path existence verified
docs/review/evidence/prism-preferences-typecheck.txt,review,not yet assigned,Classify before deletion; no file may disappear without an extraction decision.,pending rewrite; source path existence verified
docs/review/evidence/prism-readiness-chart.txt,review,not yet assigned,Classify before deletion; no file may disappear without an extraction decision.,pending rewrite; source path existence verified
docs/review/evidence/prism-readiness-deployment.txt,review,not yet assigned,Classify before deletion; no file may disappear without an extraction decision.,pending rewrite; source path existence verified
docs/review/evidence/prism-readiness-lint.txt,review,not yet assigned,Classify before deletion; no file may disappear without an extraction decision.,pending rewrite; source path existence verified
docs/review/evidence/prism-readiness-tests.txt,review,not yet assigned,Classify before deletion; no file may disappear without an extraction decision.,pending rewrite; source path existence verified
docs/review/evidence/prism-readiness-types.txt,review,not yet assigned,Classify before deletion; no file may disappear without an extraction decision.,pending rewrite; source path existence verified
docs/review/evidence/prism-renderer-review-probe.txt,review,not yet assigned,Classify before deletion; no file may disappear without an extraction decision.,pending rewrite; source path existence verified
docs/review/evidence/prism-reviewed-modules-tests.txt,review,not yet assigned,Classify before deletion; no file may disappear without an extraction decision.,pending rewrite; source path existence verified
docs/review/evidence/prism-service-review-probe.txt,review,not yet assigned,Classify before deletion; no file may disappear without an extraction decision.,pending rewrite; source path existence verified
docs/review/evidence/prism-studio-service-error-probe.txt,review,not yet assigned,Classify before deletion; no file may disappear without an extraction decision.,pending rewrite; source path existence verified
docs/review/evidence/prism-worker-browser-native.txt,review,not yet assigned,Classify before deletion; no file may disappear without an extraction decision.,pending rewrite; source path existence verified
docs/review/evidence/prism-worker-cancellation.txt,review,not yet assigned,Classify before deletion; no file may disappear without an extraction decision.,pending rewrite; source path existence verified
docs/review/evidence/prism-worker-cpu-baseline.txt,review,not yet assigned,Classify before deletion; no file may disappear without an extraction decision.,pending rewrite; source path existence verified
docs/review/evidence/project-source-compiled-approval-diagnostics.txt,review,not yet assigned,Classify before deletion; no file may disappear without an extraction decision.,pending rewrite; source path existence verified
docs/review/evidence/project-source-compiled-approval-rerun.txt,review,not yet assigned,Classify before deletion; no file may disappear without an extraction decision.,pending rewrite; source path existence verified
docs/review/evidence/project-source-compiled-approval.txt,review,not yet assigned,Classify before deletion; no file may disappear without an extraction decision.,pending rewrite; source path existence verified
docs/review/evidence/project-source-independent-nova-typecheck.txt,review,not yet assigned,Classify before deletion; no file may disappear without an extraction decision.,pending rewrite; source path existence verified
docs/review/evidence/project-source-independent-production-lint-comparison.json,review,not yet assigned,Classify before deletion; no file may disappear without an extraction decision.,pending rewrite; source path existence verified
docs/review/evidence/project-source-independent-production-lint.txt,review,not yet assigned,Classify before deletion; no file may disappear without an extraction decision.,pending rewrite; source path existence verified
docs/review/evidence/project-source-local-approval-source.txt,review,not yet assigned,Classify before deletion; no file may disappear without an extraction decision.,pending rewrite; source path existence verified
docs/review/evidence/project-source-local-architecture-validator-build.txt,review,not yet assigned,Classify before deletion; no file may disappear without an extraction decision.,pending rewrite; source path existence verified
docs/review/evidence/project-source-local-architecture-validator-tests.txt,review,not yet assigned,Classify before deletion; no file may disappear without an extraction decision.,pending rewrite; source path existence verified
docs/review/evidence/project-source-local-blueprint-sync-build.txt,review,not yet assigned,Classify before deletion; no file may disappear without an extraction decision.,pending rewrite; source path existence verified
docs/review/evidence/project-source-local-blueprint-sync-tests.txt,review,not yet assigned,Classify before deletion; no file may disappear without an extraction decision.,pending rewrite; source path existence verified
docs/review/evidence/project-source-local-compiler.txt,review,not yet assigned,Classify before deletion; no file may disappear without an extraction decision.,pending rewrite; source path existence verified
docs/review/evidence/project-source-local-implementation-agent-build.txt,review,not yet assigned,Classify before deletion; no file may disappear without an extraction decision.,pending rewrite; source path existence verified
docs/review/evidence/project-source-local-implementation-agent-tests.txt,review,not yet assigned,Classify before deletion; no file may disappear without an extraction decision.,pending rewrite; source path existence verified
docs/review/evidence/project-source-local-nova-typecheck.txt,review,not yet assigned,Classify before deletion; no file may disappear without an extraction decision.,pending rewrite; source path existence verified
docs/review/evidence/project-source-local-preflight-contract-build.txt,review,not yet assigned,Classify before deletion; no file may disappear without an extraction decision.,pending rewrite; source path existence verified
docs/review/evidence/project-source-local-preflight-contract-tests.txt,review,not yet assigned,Classify before deletion; no file may disappear without an extraction decision.,pending rewrite; source path existence verified
docs/review/evidence/project-source-local-project-source.txt,review,not yet assigned,Classify before deletion; no file may disappear without an extraction decision.,pending rewrite; source path existence verified
docs/review/evidence/project-source-local-rerun-architecture-validator-tests.txt,review,not yet assigned,Classify before deletion; no file may disappear without an extraction decision.,pending rewrite; source path existence verified
docs/review/evidence/project-source-local-rerun-blueprint-sync-tests.txt,review,not yet assigned,Classify before deletion; no file may disappear without an extraction decision.,pending rewrite; source path existence verified
docs/review/evidence/project-source-local-rerun-compiler.txt,review,not yet assigned,Classify before deletion; no file may disappear without an extraction decision.,pending rewrite; source path existence verified
docs/review/evidence/project-source-local-rerun-implementation-agent-tests.txt,review,not yet assigned,Classify before deletion; no file may disappear without an extraction decision.,pending rewrite; source path existence verified
docs/review/evidence/project-source-local-rerun-nova-typecheck.txt,review,not yet assigned,Classify before deletion; no file may disappear without an extraction decision.,pending rewrite; source path existence verified
docs/review/evidence/project-source-local-rerun-preflight-contract-tests.txt,review,not yet assigned,Classify before deletion; no file may disappear without an extraction decision.,pending rewrite; source path existence verified
docs/review/evidence/project-source-local-rerun-project-source.txt,review,not yet assigned,Classify before deletion; no file may disappear without an extraction decision.,pending rewrite; source path existence verified
docs/review/evidence/project-source-local-rerun-results.json,review,not yet assigned,Classify before deletion; no file may disappear without an extraction decision.,pending rewrite; source path existence verified
docs/review/evidence/project-source-local-results.json,review,not yet assigned,Classify before deletion; no file may disappear without an extraction decision.,pending rewrite; source path existence verified
docs/review/evidence/project-source-local-shared-typecheck.txt,review,not yet assigned,Classify before deletion; no file may disappear without an extraction decision.,pending rewrite; source path existence verified
docs/review/evidence/project-source-nine-tests.txt,review,not yet assigned,Classify before deletion; no file may disappear without an extraction decision.,pending rewrite; source path existence verified
docs/review/evidence/registry-clients-cutover-gate-rerun.txt,review,not yet assigned,Classify before deletion; no file may disappear without an extraction decision.,pending rewrite; source path existence verified
docs/review/evidence/registry-clients-cutover-gate-rerun2.txt,review,not yet assigned,Classify before deletion; no file may disappear without an extraction decision.,pending rewrite; source path existence verified
docs/review/evidence/registry-clients-cutover-gate.txt,review,not yet assigned,Classify before deletion; no file may disappear without an extraction decision.,pending rewrite; source path existence verified
docs/review/evidence/registry-clients-database-freshness-rerun.txt,review,not yet assigned,Classify before deletion; no file may disappear without an extraction decision.,pending rewrite; source path existence verified
docs/review/evidence/registry-clients-database-freshness.txt,review,not yet assigned,Classify before deletion; no file may disappear without an extraction decision.,pending rewrite; source path existence verified
docs/review/evidence/registry-clients-deployment-gate-rerun.txt,review,not yet assigned,Classify before deletion; no file may disappear without an extraction decision.,pending rewrite; source path existence verified
docs/review/evidence/registry-clients-deployment-gate-rerun2.txt,review,not yet assigned,Classify before deletion; no file may disappear without an extraction decision.,pending rewrite; source path existence verified
docs/review/evidence/registry-clients-deployment-gate.txt,review,not yet assigned,Classify before deletion; no file may disappear without an extraction decision.,pending rewrite; source path existence verified
docs/review/evidence/registry-clients-deployment-real-helm-rerun.txt,review,not yet assigned,Classify before deletion; no file may disappear without an extraction decision.,pending rewrite; source path existence verified
docs/review/evidence/registry-clients-existing-client-lint.txt,review,not yet assigned,Classify before deletion; no file may disappear without an extraction decision.,pending rewrite; source path existence verified
docs/review/evidence/registry-clients-lint-final.txt,review,not yet assigned,Classify before deletion; no file may disappear without an extraction decision.,pending rewrite; source path existence verified
docs/review/evidence/registry-clients-lint-final2.txt,review,not yet assigned,Classify before deletion; no file may disappear without an extraction decision.,pending rewrite; source path existence verified
docs/review/evidence/registry-clients-lint-final3.txt,review,not yet assigned,Classify before deletion; no file may disappear without an extraction decision.,pending rewrite; source path existence verified
docs/review/evidence/registry-clients-lint.txt,review,not yet assigned,Classify before deletion; no file may disappear without an extraction decision.,pending rewrite; source path existence verified
docs/review/evidence/registry-clients-native-prerequisites.json,review,not yet assigned,Classify before deletion; no file may disappear without an extraction decision.,pending rewrite; source path existence verified
docs/review/evidence/registry-clients-original-rbac.txt,review,not yet assigned,Classify before deletion; no file may disappear without an extraction decision.,pending rewrite; source path existence verified
docs/review/evidence/registry-clients-original-runtime.txt,review,not yet assigned,Classify before deletion; no file may disappear without an extraction decision.,pending rewrite; source path existence verified
docs/review/evidence/registry-clients-production-baseline-lint.txt,review,not yet assigned,Classify before deletion; no file may disappear without an extraction decision.,pending rewrite; source path existence verified
docs/review/evidence/registry-clients-scanner-baseline-lint.txt,review,not yet assigned,Classify before deletion; no file may disappear without an extraction decision.,pending rewrite; source path existence verified
docs/review/evidence/registry-clients-tests-final.txt,review,not yet assigned,Classify before deletion; no file may disappear without an extraction decision.,pending rewrite; source path existence verified
docs/review/evidence/registry-clients-tests-final2.txt,review,not yet assigned,Classify before deletion; no file may disappear without an extraction decision.,pending rewrite; source path existence verified
docs/review/evidence/registry-clients-tests-final3.txt,review,not yet assigned,Classify before deletion; no file may disappear without an extraction decision.,pending rewrite; source path existence verified
docs/review/evidence/registry-clients-tests.txt,review,not yet assigned,Classify before deletion; no file may disappear without an extraction decision.,pending rewrite; source path existence verified
docs/review/evidence/registry-clients-trivy-native-final.txt,review,not yet assigned,Classify before deletion; no file may disappear without an extraction decision.,pending rewrite; source path existence verified
docs/review/evidence/registry-clients-trivy-native-final2.txt,review,not yet assigned,Classify before deletion; no file may disappear without an extraction decision.,pending rewrite; source path existence verified
docs/review/evidence/registry-clients-trivy-native.txt,review,not yet assigned,Classify before deletion; no file may disappear without an extraction decision.,pending rewrite; source path existence verified
docs/review/evidence/registry-clients-types-rerun.txt,review,not yet assigned,Classify before deletion; no file may disappear without an extraction decision.,pending rewrite; source path existence verified
docs/review/evidence/registry-clients-types.txt,review,not yet assigned,Classify before deletion; no file may disappear without an extraction decision.,pending rewrite; source path existence verified
docs/review/evidence/registry-health-api-provider-tests.txt,review,not yet assigned,Classify before deletion; no file may disappear without an extraction decision.,pending rewrite; source path existence verified
docs/review/evidence/registry-health-caller-lint.txt,review,not yet assigned,Classify before deletion; no file may disappear without an extraction decision.,pending rewrite; source path existence verified
docs/review/evidence/registry-health-engine-types-final.txt,review,not yet assigned,Classify before deletion; no file may disappear without an extraction decision.,pending rewrite; source path existence verified
docs/review/evidence/registry-health-engine-types.txt,review,not yet assigned,Classify before deletion; no file may disappear without an extraction decision.,pending rewrite; source path existence verified
docs/review/evidence/registry-health-existing-tests-lint.txt,review,not yet assigned,Classify before deletion; no file may disappear without an extraction decision.,pending rewrite; source path existence verified
docs/review/evidence/registry-health-generator-tests.txt,review,not yet assigned,Classify before deletion; no file may disappear without an extraction decision.,pending rewrite; source path existence verified
docs/review/evidence/registry-health-http-provider-tests.txt,review,not yet assigned,Classify before deletion; no file may disappear without an extraction decision.,pending rewrite; source path existence verified
docs/review/evidence/registry-health-kubernetes-cutover-tests.txt,review,not yet assigned,Classify before deletion; no file may disappear without an extraction decision.,pending rewrite; source path existence verified
docs/review/evidence/registry-health-lint-final.txt,review,not yet assigned,Classify before deletion; no file may disappear without an extraction decision.,pending rewrite; source path existence verified
docs/review/evidence/registry-health-lint-final2.txt,review,not yet assigned,Classify before deletion; no file may disappear without an extraction decision.,pending rewrite; source path existence verified
docs/review/evidence/registry-health-lint.txt,review,not yet assigned,Classify before deletion; no file may disappear without an extraction decision.,pending rewrite; source path existence verified
docs/review/evidence/registry-health-network-baseline-lint.txt,review,not yet assigned,Classify before deletion; no file may disappear without an extraction decision.,pending rewrite; source path existence verified
docs/review/evidence/registry-health-production-baseline-lint.txt,review,not yet assigned,Classify before deletion; no file may disappear without an extraction decision.,pending rewrite; source path existence verified
docs/review/evidence/registry-health-production-graph-tests.txt,review,not yet assigned,Classify before deletion; no file may disappear without an extraction decision.,pending rewrite; source path existence verified
docs/review/evidence/registry-health-runtime-config-tests.txt,review,not yet assigned,Classify before deletion; no file may disappear without an extraction decision.,pending rewrite; source path existence verified
docs/review/evidence/registry-health-tailscale-cutover-tests.txt,review,not yet assigned,Classify before deletion; no file may disappear without an extraction decision.,pending rewrite; source path existence verified
docs/review/evidence/registry-health-tests-final.txt,review,not yet assigned,Classify before deletion; no file may disappear without an extraction decision.,pending rewrite; source path existence verified
docs/review/evidence/registry-health-tests-final2.txt,review,not yet assigned,Classify before deletion; no file may disappear without an extraction decision.,pending rewrite; source path existence verified
docs/review/evidence/registry-health-tests.txt,review,not yet assigned,Classify before deletion; no file may disappear without an extraction decision.,pending rewrite; source path existence verified
docs/review/evidence/registry-health-types-final.txt,review,not yet assigned,Classify before deletion; no file may disappear without an extraction decision.,pending rewrite; source path existence verified
docs/review/evidence/registry-health-types.txt,review,not yet assigned,Classify before deletion; no file may disappear without an extraction decision.,pending rewrite; source path existence verified
docs/review/evidence/registry-health-v2-contract-tests.txt,review,not yet assigned,Classify before deletion; no file may disappear without an extraction decision.,pending rewrite; source path existence verified
docs/review/evidence/registry-health-workspace-tests-final.txt,review,not yet assigned,Classify before deletion; no file may disappear without an extraction decision.,pending rewrite; source path existence verified
docs/review/evidence/registry-health-workspace-tests.txt,review,not yet assigned,Classify before deletion; no file may disappear without an extraction decision.,pending rewrite; source path existence verified
docs/review/evidence/registry-tests.txt,review,not yet assigned,Classify before deletion; no file may disappear without an extraction decision.,pending rewrite; source path existence verified
docs/review/evidence/report-evidence-artifact-tests.txt,review,not yet assigned,Classify before deletion; no file may disappear without an extraction decision.,pending rewrite; source path existence verified
docs/review/evidence/report-evidence-builds.txt,review,not yet assigned,Classify before deletion; no file may disappear without an extraction decision.,pending rewrite; source path existence verified
docs/review/evidence/report-evidence-case-tests.txt,review,not yet assigned,Classify before deletion; no file may disappear without an extraction decision.,pending rewrite; source path existence verified
docs/review/evidence/report-evidence-cleanup-tests.txt,review,not yet assigned,Classify before deletion; no file may disappear without an extraction decision.,pending rewrite; source path existence verified
docs/review/evidence/report-evidence-coordinator-consumer.txt,review,not yet assigned,Classify before deletion; no file may disappear without an extraction decision.,pending rewrite; source path existence verified
docs/review/evidence/report-evidence-core-tsc.txt,review,not yet assigned,Classify before deletion; no file may disappear without an extraction decision.,pending rewrite; source path existence verified
docs/review/evidence/report-evidence-journal-tests.txt,review,not yet assigned,Classify before deletion; no file may disappear without an extraction decision.,pending rewrite; source path existence verified
docs/review/evidence/report-evidence-lint.txt,review,not yet assigned,Classify before deletion; no file may disappear without an extraction decision.,pending rewrite; source path existence verified
docs/review/evidence/report-evidence-reconcile-lint.txt,review,not yet assigned,Classify before deletion; no file may disappear without an extraction decision.,pending rewrite; source path existence verified
docs/review/evidence/report-evidence-review-tests.txt,review,not yet assigned,Classify before deletion; no file may disappear without an extraction decision.,pending rewrite; source path existence verified
docs/review/evidence/report-evidence-runroot-tests.txt,review,not yet assigned,Classify before deletion; no file may disappear without an extraction decision.,pending rewrite; source path existence verified
docs/review/evidence/report-evidence-source-tests.txt,review,not yet assigned,Classify before deletion; no file may disappear without an extraction decision.,pending rewrite; source path existence verified
docs/review/evidence/report-evidence-test-tsc.txt,review,not yet assigned,Classify before deletion; no file may disappear without an extraction decision.,pending rewrite; source path existence verified
docs/review/evidence/report-identity-case-tests.txt,review,not yet assigned,Classify before deletion; no file may disappear without an extraction decision.,pending rewrite; source path existence verified
docs/review/evidence/report-identity-review-tests.txt,review,not yet assigned,Classify before deletion; no file may disappear without an extraction decision.,pending rewrite; source path existence verified
docs/review/evidence/resume-20260909/demo/build.txt,review,not yet assigned,Classify before deletion; no file may disappear without an extraction decision.,pending rewrite; source path existence verified
docs/review/evidence/resume-20260909/demo/cli-lint.txt,review,not yet assigned,Classify before deletion; no file may disappear without an extraction decision.,pending rewrite; source path existence verified
docs/review/evidence/resume-20260909/demo/controller-race.txt,review,not yet assigned,Classify before deletion; no file may disappear without an extraction decision.,pending rewrite; source path existence verified
docs/review/evidence/resume-20260909/demo/handoff-test-lint.txt,review,not yet assigned,Classify before deletion; no file may disappear without an extraction decision.,pending rewrite; source path existence verified
docs/review/evidence/resume-20260909/demo/nova-types.txt,review,not yet assigned,Classify before deletion; no file may disappear without an extraction decision.,pending rewrite; source path existence verified
docs/review/evidence/resume-20260909/demo/package-tests-final.txt,review,not yet assigned,Classify before deletion; no file may disappear without an extraction decision.,pending rewrite; source path existence verified
docs/review/evidence/resume-20260909/demo/package-tests-terminal-recovery.txt,review,not yet assigned,Classify before deletion; no file may disappear without an extraction decision.,pending rewrite; source path existence verified
docs/review/evidence/resume-20260909/demo/package-tests.txt,review,not yet assigned,Classify before deletion; no file may disappear without an extraction decision.,pending rewrite; source path existence verified
docs/review/evidence/resume-20260909/demo/production-lint-configured.txt,review,not yet assigned,Classify before deletion; no file may disappear without an extraction decision.,pending rewrite; source path existence verified
docs/review/evidence/resume-20260909/demo/production-lint.txt,review,not yet assigned,Classify before deletion; no file may disappear without an extraction decision.,pending rewrite; source path existence verified
docs/review/evidence/resume-20260909/integration-055ed19/builds.log,review,not yet assigned,Classify before deletion; no file may disappear without an extraction decision.,pending rewrite; source path existence verified
docs/review/evidence/resume-20260909/integration-055ed19/checksums.json,review,not yet assigned,Classify before deletion; no file may disappear without an extraction decision.,pending rewrite; source path existence verified
docs/review/evidence/resume-20260909/integration-055ed19/controller.log,review,not yet assigned,Classify before deletion; no file may disappear without an extraction decision.,pending rewrite; source path existence verified
docs/review/evidence/resume-20260909/integration-055ed19/coverage.log,review,not yet assigned,Classify before deletion; no file may disappear without an extraction decision.,pending rewrite; source path existence verified
docs/review/evidence/resume-20260909/integration-055ed19/demo.log,review,not yet assigned,Classify before deletion; no file may disappear without an extraction decision.,pending rewrite; source path existence verified
docs/review/evidence/resume-20260909/integration-055ed19/deployment.log,review,not yet assigned,Classify before deletion; no file may disappear without an extraction decision.,pending rewrite; source path existence verified
docs/review/evidence/resume-20260909/integration-055ed19/fixture-contracts.log,review,not yet assigned,Classify before deletion; no file may disappear without an extraction decision.,pending rewrite; source path existence verified
docs/review/evidence/resume-20260909/integration-055ed19/inventory.log,review,not yet assigned,Classify before deletion; no file may disappear without an extraction decision.,pending rewrite; source path existence verified
docs/review/evidence/resume-20260909/integration-055ed19/manifest.json,review,not yet assigned,Classify before deletion; no file may disappear without an extraction decision.,pending rewrite; source path existence verified
docs/review/evidence/resume-20260909/integration-055ed19/operator.log,review,not yet assigned,Classify before deletion; no file may disappear without an extraction decision.,pending rewrite; source path existence verified
docs/review/evidence/resume-20260909/integration-055ed19/readiness.log,review,not yet assigned,Classify before deletion; no file may disappear without an extraction decision.,pending rewrite; source path existence verified
docs/review/evidence/resume-20260909/integration-055ed19/registry.log,review,not yet assigned,Classify before deletion; no file may disappear without an extraction decision.,pending rewrite; source path existence verified
docs/review/evidence/resume-20260909/integration-055ed19/remote-runtime.log,review,not yet assigned,Classify before deletion; no file may disappear without an extraction decision.,pending rewrite; source path existence verified
docs/review/evidence/resume-20260909/integration-055ed19/run.py,review,not yet assigned,Classify before deletion; no file may disappear without an extraction decision.,pending rewrite; source path existence verified
docs/review/evidence/resume-20260909/integration-055ed19/scaffold.log,review,not yet assigned,Classify before deletion; no file may disappear without an extraction decision.,pending rewrite; source path existence verified
docs/review/evidence/resume-20260909/integration-055ed19/source-status.txt,review,not yet assigned,Classify before deletion; no file may disappear without an extraction decision.,pending rewrite; source path existence verified
docs/review/evidence/resume-20260909/integration-055ed19/types.log,review,not yet assigned,Classify before deletion; no file may disappear without an extraction decision.,pending rewrite; source path existence verified
docs/review/evidence/resume-20260909/integration-055ed19/versions.log,review,not yet assigned,Classify before deletion; no file may disappear without an extraction decision.,pending rewrite; source path existence verified
docs/review/evidence/resume-20260909/integration-b7f496d/inventory.log,review,not yet assigned,Classify before deletion; no file may disappear without an extraction decision.,pending rewrite; source path existence verified
docs/review/evidence/resume-20260909/integration-b7f496d/manifest.json,review,not yet assigned,Classify before deletion; no file may disappear without an extraction decision.,pending rewrite; source path existence verified
docs/review/evidence/resume-20260909/integration-b7f496d/readiness-missing-tool-path.log,review,not yet assigned,Classify before deletion; no file may disappear without an extraction decision.,pending rewrite; source path existence verified
docs/review/evidence/resume-20260909/integration-b7f496d/readiness.log,review,not yet assigned,Classify before deletion; no file may disappear without an extraction decision.,pending rewrite; source path existence verified
docs/review/evidence/resume-20260909/offline-import/lint-final.log,review,not yet assigned,Classify before deletion; no file may disappear without an extraction decision.,pending rewrite; source path existence verified
docs/review/evidence/resume-20260909/offline-import/lint.log,review,not yet assigned,Classify before deletion; no file may disappear without an extraction decision.,pending rewrite; source path existence verified
docs/review/evidence/resume-20260909/offline-import/missing-runtime.log,review,not yet assigned,Classify before deletion; no file may disappear without an extraction decision.,pending rewrite; source path existence verified
docs/review/evidence/resume-20260909/offline-import/utilities-after.log,review,not yet assigned,Classify before deletion; no file may disappear without an extraction decision.,pending rewrite; source path existence verified
docs/review/evidence/resume-20260909/offline-import/utilities-before.log,review,not yet assigned,Classify before deletion; no file may disappear without an extraction decision.,pending rewrite; source path existence verified
docs/review/evidence/resume-20260909/offline-import/utilities-final.log,review,not yet assigned,Classify before deletion; no file may disappear without an extraction decision.,pending rewrite; source path existence verified
docs/review/evidence/resume-20260909/offline/coverage-workspace.log,review,not yet assigned,Classify before deletion; no file may disappear without an extraction decision.,pending rewrite; source path existence verified
docs/review/evidence/resume-20260909/offline/diff-check.log,review,not yet assigned,Classify before deletion; no file may disappear without an extraction decision.,pending rewrite; source path existence verified
docs/review/evidence/resume-20260909/offline/failure-matrix.log,review,not yet assigned,Classify before deletion; no file may disappear without an extraction decision.,pending rewrite; source path existence verified
docs/review/evidence/resume-20260909/offline/kubernetes.log,review,not yet assigned,Classify before deletion; no file may disappear without an extraction decision.,pending rewrite; source path existence verified
docs/review/evidence/resume-20260909/offline/lint.log,review,not yet assigned,Classify before deletion; no file may disappear without an extraction decision.,pending rewrite; source path existence verified
docs/review/evidence/resume-20260909/offline/registry-health.log,review,not yet assigned,Classify before deletion; no file may disappear without an extraction decision.,pending rewrite; source path existence verified
docs/review/evidence/resume-20260909/offline/source-paths.txt,review,not yet assigned,Classify before deletion; no file may disappear without an extraction decision.,pending rewrite; source path existence verified
docs/review/evidence/resume-20260909/offline/tailscale.log,review,not yet assigned,Classify before deletion; no file may disappear without an extraction decision.,pending rewrite; source path existence verified
docs/review/evidence/resume-20260909/offline/v2-contracts.log,review,not yet assigned,Classify before deletion; no file may disappear without an extraction decision.,pending rewrite; source path existence verified
docs/review/evidence/resume-20260909/readiness/buster-types-after.txt,review,not yet assigned,Classify before deletion; no file may disappear without an extraction decision.,pending rewrite; source path existence verified
docs/review/evidence/resume-20260909/readiness/buster-types.txt,review,not yet assigned,Classify before deletion; no file may disappear without an extraction decision.,pending rewrite; source path existence verified
docs/review/evidence/resume-20260909/readiness/cancellation-lint.txt,review,not yet assigned,Classify before deletion; no file may disappear without an extraction decision.,pending rewrite; source path existence verified
docs/review/evidence/resume-20260909/readiness/cancellation-runtime-final.txt,review,not yet assigned,Classify before deletion; no file may disappear without an extraction decision.,pending rewrite; source path existence verified
docs/review/evidence/resume-20260909/readiness/cancellation-runtime.txt,review,not yet assigned,Classify before deletion; no file may disappear without an extraction decision.,pending rewrite; source path existence verified
docs/review/evidence/resume-20260909/readiness/cancellation-tests-final.txt,review,not yet assigned,Classify before deletion; no file may disappear without an extraction decision.,pending rewrite; source path existence verified
docs/review/evidence/resume-20260909/readiness/cancellation-tests.txt,review,not yet assigned,Classify before deletion; no file may disappear without an extraction decision.,pending rewrite; source path existence verified
docs/review/evidence/resume-20260909/readiness/cancellation-types.txt,review,not yet assigned,Classify before deletion; no file may disappear without an extraction decision.,pending rewrite; source path existence verified
docs/review/evidence/resume-20260909/readiness/changed-existing-lint.txt,review,not yet assigned,Classify before deletion; no file may disappear without an extraction decision.,pending rewrite; source path existence verified
docs/review/evidence/resume-20260909/readiness/deployment.txt,review,not yet assigned,Classify before deletion; no file may disappear without an extraction decision.,pending rewrite; source path existence verified
docs/review/evidence/resume-20260909/readiness/lint-canonical.txt,review,not yet assigned,Classify before deletion; no file may disappear without an extraction decision.,pending rewrite; source path existence verified
docs/review/evidence/resume-20260909/readiness/lint.txt,review,not yet assigned,Classify before deletion; no file may disappear without an extraction decision.,pending rewrite; source path existence verified
docs/review/evidence/resume-20260909/readiness/prism-types.txt,review,not yet assigned,Classify before deletion; no file may disappear without an extraction decision.,pending rewrite; source path existence verified
docs/review/evidence/resume-20260909/readiness/remote-runtime.txt,review,not yet assigned,Classify before deletion; no file may disappear without an extraction decision.,pending rewrite; source path existence verified
docs/review/evidence/resume-20260909/readiness/shutdown-regression-after.txt,review,not yet assigned,Classify before deletion; no file may disappear without an extraction decision.,pending rewrite; source path existence verified
docs/review/evidence/resume-20260909/readiness/shutdown-regression-before.txt,review,not yet assigned,Classify before deletion; no file may disappear without an extraction decision.,pending rewrite; source path existence verified
docs/review/evidence/resume-20260909/readiness/tests.txt,review,not yet assigned,Classify before deletion; no file may disappear without an extraction decision.,pending rewrite; source path existence verified
docs/review/evidence/resume-20260909/remaining/discovery-head-lint.txt,review,not yet assigned,Classify before deletion; no file may disappear without an extraction decision.,pending rewrite; source path existence verified
docs/review/evidence/resume-20260909/remaining/lint.txt,review,not yet assigned,Classify before deletion; no file may disappear without an extraction decision.,pending rewrite; source path existence verified
docs/review/evidence/resume-20260909/remaining/lookup-recovery-all-lint.txt,review,not yet assigned,Classify before deletion; no file may disappear without an extraction decision.,pending rewrite; source path existence verified
docs/review/evidence/resume-20260909/remaining/lookup-recovery-lint.txt,review,not yet assigned,Classify before deletion; no file may disappear without an extraction decision.,pending rewrite; source path existence verified
docs/review/evidence/resume-20260909/remaining/lookup-recovery-negative.txt,review,not yet assigned,Classify before deletion; no file may disappear without an extraction decision.,pending rewrite; source path existence verified
docs/review/evidence/resume-20260909/remaining/lookup-recovery-tests.txt,review,not yet assigned,Classify before deletion; no file may disappear without an extraction decision.,pending rewrite; source path existence verified
docs/review/evidence/resume-20260909/remaining/lookup-recovery-types.txt,review,not yet assigned,Classify before deletion; no file may disappear without an extraction decision.,pending rewrite; source path existence verified
docs/review/evidence/resume-20260909/remaining/new-test-lint.txt,review,not yet assigned,Classify before deletion; no file may disappear without an extraction decision.,pending rewrite; source path existence verified
docs/review/evidence/resume-20260909/remaining/operator-boundary-lint.txt,review,not yet assigned,Classify before deletion; no file may disappear without an extraction decision.,pending rewrite; source path existence verified
docs/review/evidence/resume-20260909/remaining/operator-package-final.txt,review,not yet assigned,Classify before deletion; no file may disappear without an extraction decision.,pending rewrite; source path existence verified
docs/review/evidence/resume-20260909/remaining/operator-package-recovery.txt,review,not yet assigned,Classify before deletion; no file may disappear without an extraction decision.,pending rewrite; source path existence verified
docs/review/evidence/resume-20260909/remaining/operator-package.txt,review,not yet assigned,Classify before deletion; no file may disappear without an extraction decision.,pending rewrite; source path existence verified
docs/review/evidence/resume-20260909/remaining/operator-types.txt,review,not yet assigned,Classify before deletion; no file may disappear without an extraction decision.,pending rewrite; source path existence verified
docs/review/evidence/resume-20260909/remaining/publication-tests.txt,review,not yet assigned,Classify before deletion; no file may disappear without an extraction decision.,pending rewrite; source path existence verified
docs/review/evidence/resume-20260909/remaining/scaffold-types.txt,review,not yet assigned,Classify before deletion; no file may disappear without an extraction decision.,pending rewrite; source path existence verified
docs/review/evidence/resume-20260909/remaining/tests.txt,review,not yet assigned,Classify before deletion; no file may disappear without an extraction decision.,pending rewrite; source path existence verified
docs/review/evidence/resume-20260909/root/inventory.log,review,not yet assigned,Classify before deletion; no file may disappear without an extraction decision.,pending rewrite; source path existence verified
docs/review/evidence/resume-20260909/root/registry.log,review,not yet assigned,Classify before deletion; no file may disappear without an extraction decision.,pending rewrite; source path existence verified
docs/review/evidence/resume-20260909/root/sdk.log,review,not yet assigned,Classify before deletion; no file may disappear without an extraction decision.,pending rewrite; source path existence verified
docs/review/evidence/resume-20260909/root/versions.log,review,not yet assigned,Classify before deletion; no file may disappear without an extraction decision.,pending rewrite; source path existence verified
docs/review/evidence/resume-20260912-supervisor/audit.json,review,not yet assigned,Classify before deletion; no file may disappear without an extraction decision.,pending rewrite; source path existence verified
docs/review/evidence/resume-20260912-supervisor/lease-before.txt,review,not yet assigned,Classify before deletion; no file may disappear without an extraction decision.,pending rewrite; source path existence verified
docs/review/evidence/resume-20260912-supervisor/lint-after.txt,review,not yet assigned,Classify before deletion; no file may disappear without an extraction decision.,pending rewrite; source path existence verified
docs/review/evidence/resume-20260912-supervisor/lint-initial.txt,review,not yet assigned,Classify before deletion; no file may disappear without an extraction decision.,pending rewrite; source path existence verified
docs/review/evidence/resume-20260912-supervisor/native-adoption-blocked.txt,review,not yet assigned,Classify before deletion; no file may disappear without an extraction decision.,pending rewrite; source path existence verified
docs/review/evidence/resume-20260912-supervisor/operations-after.txt,review,not yet assigned,Classify before deletion; no file may disappear without an extraction decision.,pending rewrite; source path existence verified
docs/review/evidence/resume-39-20260911/fresh-restore.txt,review,not yet assigned,Classify before deletion; no file may disappear without an extraction decision.,pending rewrite; source path existence verified
docs/review/evidence/resume-84-buster-independent/final-tests.txt,review,not yet assigned,Classify before deletion; no file may disappear without an extraction decision.,pending rewrite; source path existence verified
docs/review/evidence/resume-84-buster-independent/final-types.txt,review,not yet assigned,Classify before deletion; no file may disappear without an extraction decision.,pending rewrite; source path existence verified
docs/review/evidence/resume-84-buster-independent/initial-tests.txt,review,not yet assigned,Classify before deletion; no file may disappear without an extraction decision.,pending rewrite; source path existence verified
docs/review/evidence/resume-84-buster-independent/lint.txt,review,not yet assigned,Classify before deletion; no file may disappear without an extraction decision.,pending rewrite; source path existence verified
docs/review/evidence/resume-84-buster-independent/manifest.json,review,not yet assigned,Classify before deletion; no file may disappear without an extraction decision.,pending rewrite; source path existence verified
docs/review/evidence/resume-84-buster-independent/types.txt,review,not yet assigned,Classify before deletion; no file may disappear without an extraction decision.,pending rewrite; source path existence verified
docs/review/evidence/resume-84-buster-read-independent/manifest.json,review,not yet assigned,Classify before deletion; no file may disappear without an extraction decision.,pending rewrite; source path existence verified
docs/review/evidence/resume-84-buster-read-independent/tests.txt,review,not yet assigned,Classify before deletion; no file may disappear without an extraction decision.,pending rewrite; source path existence verified
docs/review/evidence/resume-84-buster-read-independent/types.txt,review,not yet assigned,Classify before deletion; no file may disappear without an extraction decision.,pending rewrite; source path existence verified
docs/review/evidence/resume-84-buster-root/knip-config.txt,review,not yet assigned,Classify before deletion; no file may disappear without an extraction decision.,pending rewrite; source path existence verified
docs/review/evidence/resume-84-buster-root/manifest.json,review,not yet assigned,Classify before deletion; no file may disappear without an extraction decision.,pending rewrite; source path existence verified
docs/review/evidence/resume-84-buster-root/ownership.txt,review,not yet assigned,Classify before deletion; no file may disappear without an extraction decision.,pending rewrite; source path existence verified
docs/review/evidence/resume-84-buster-root/remote-plan-entry.txt,review,not yet assigned,Classify before deletion; no file may disappear without an extraction decision.,pending rewrite; source path existence verified
docs/review/evidence/resume-84-buster-root/status-read-final.txt,review,not yet assigned,Classify before deletion; no file may disappear without an extraction decision.,pending rewrite; source path existence verified
docs/review/evidence/resume-84-buster-root/status-read-types.txt,review,not yet assigned,Classify before deletion; no file may disappear without an extraction decision.,pending rewrite; source path existence verified
docs/review/evidence/resume-84-buster-root/test-types-final.txt,review,not yet assigned,Classify before deletion; no file may disappear without an extraction decision.,pending rewrite; source path existence verified
docs/review/evidence/resume-84-buster-root/test-types.txt,review,not yet assigned,Classify before deletion; no file may disappear without an extraction decision.,pending rewrite; source path existence verified
docs/review/evidence/resume-84-buster-shutdown-storage/admission-after-path.log,review,not yet assigned,Classify before deletion; no file may disappear without an extraction decision.,pending rewrite; source path existence verified
docs/review/evidence/resume-84-buster-shutdown-storage/admission-after.log,review,not yet assigned,Classify before deletion; no file may disappear without an extraction decision.,pending rewrite; source path existence verified
docs/review/evidence/resume-84-buster-shutdown-storage/admission-before.log,review,not yet assigned,Classify before deletion; no file may disappear without an extraction decision.,pending rewrite; source path existence verified
docs/review/evidence/resume-84-buster-shutdown-storage/admission-final-after.log,review,not yet assigned,Classify before deletion; no file may disappear without an extraction decision.,pending rewrite; source path existence verified
docs/review/evidence/resume-84-buster-shutdown-storage/admission-final-before.log,review,not yet assigned,Classify before deletion; no file may disappear without an extraction decision.,pending rewrite; source path existence verified
docs/review/evidence/resume-84-buster-shutdown-storage/after-final.log,review,not yet assigned,Classify before deletion; no file may disappear without an extraction decision.,pending rewrite; source path existence verified
docs/review/evidence/resume-84-buster-shutdown-storage/after.log,review,not yet assigned,Classify before deletion; no file may disappear without an extraction decision.,pending rewrite; source path existence verified
docs/review/evidence/resume-84-buster-shutdown-storage/before-corrected.log,review,not yet assigned,Classify before deletion; no file may disappear without an extraction decision.,pending rewrite; source path existence verified
docs/review/evidence/resume-84-buster-shutdown-storage/before-final.log,review,not yet assigned,Classify before deletion; no file may disappear without an extraction decision.,pending rewrite; source path existence verified
docs/review/evidence/resume-84-buster-shutdown-storage/before.log,review,not yet assigned,Classify before deletion; no file may disappear without an extraction decision.,pending rewrite; source path existence verified
docs/review/evidence/resume-84-buster-shutdown-storage/configured-lint-before.log,review,not yet assigned,Classify before deletion; no file may disappear without an extraction decision.,pending rewrite; source path existence verified
docs/review/evidence/resume-84-buster-shutdown-storage/configured-lint.log,review,not yet assigned,Classify before deletion; no file may disappear without an extraction decision.,pending rewrite; source path existence verified
docs/review/evidence/resume-84-buster-shutdown-storage/final-five.log,review,not yet assigned,Classify before deletion; no file may disappear without an extraction decision.,pending rewrite; source path existence verified
docs/review/evidence/resume-84-buster-shutdown-storage/final-lint.log,review,not yet assigned,Classify before deletion; no file may disappear without an extraction decision.,pending rewrite; source path existence verified
docs/review/evidence/resume-84-buster-shutdown-storage/final-types.log,review,not yet assigned,Classify before deletion; no file may disappear without an extraction decision.,pending rewrite; source path existence verified
docs/review/evidence/resume-84-buster-shutdown-storage/generic-process-cancel.log,review,not yet assigned,Classify before deletion; no file may disappear without an extraction decision.,pending rewrite; source path existence verified
docs/review/evidence/resume-84-buster-shutdown-storage/lint.log,review,not yet assigned,Classify before deletion; no file may disappear without an extraction decision.,pending rewrite; source path existence verified
docs/review/evidence/resume-84-buster-shutdown-storage/original-store-counterexample.log,review,not yet assigned,Classify before deletion; no file may disappear without an extraction decision.,pending rewrite; source path existence verified
docs/review/evidence/resume-84-buster-shutdown-storage/original-store-counterexample.mts,review,not yet assigned,Classify before deletion; no file may disappear without an extraction decision.,pending rewrite; source path existence verified
docs/review/evidence/resume-84-buster-shutdown-storage/test-typecheck.log,review,not yet assigned,Classify before deletion; no file may disappear without an extraction decision.,pending rewrite; source path existence verified
docs/review/evidence/resume-84-buster-shutdown-storage/typecheck.log,review,not yet assigned,Classify before deletion; no file may disappear without an extraction decision.,pending rewrite; source path existence verified
docs/review/evidence/resume-84-buster-status-read/fixed-six.log,review,not yet assigned,Classify before deletion; no file may disappear without an extraction decision.,pending rewrite; source path existence verified
docs/review/evidence/resume-84-buster-status-read/original-store-read-red.mts,review,not yet assigned,Classify before deletion; no file may disappear without an extraction decision.,pending rewrite; source path existence verified
docs/review/evidence/resume-84-buster-status-read/red-1.log,review,not yet assigned,Classify before deletion; no file may disappear without an extraction decision.,pending rewrite; source path existence verified
docs/review/evidence/resume-84-buster-status-read/red-2.log,review,not yet assigned,Classify before deletion; no file may disappear without an extraction decision.,pending rewrite; source path existence verified
docs/review/evidence/resume-84-buster-status-read/result.json,review,not yet assigned,Classify before deletion; no file may disappear without an extraction decision.,pending rewrite; source path existence verified
docs/review/evidence/resume-84-delivery-review/commands.json,review,not yet assigned,Classify before deletion; no file may disappear without an extraction decision.,pending rewrite; source path existence verified
docs/review/evidence/resume-84-delivery-review/contract-types.txt,review,not yet assigned,Classify before deletion; no file may disappear without an extraction decision.,pending rewrite; source path existence verified
docs/review/evidence/resume-84-delivery-review/delivery.txt,review,not yet assigned,Classify before deletion; no file may disappear without an extraction decision.,pending rewrite; source path existence verified
docs/review/evidence/resume-84-delivery-review/demo-auth-go.txt,review,not yet assigned,Classify before deletion; no file may disappear without an extraction decision.,pending rewrite; source path existence verified
docs/review/evidence/resume-84-delivery-review/demo-auth-package.txt,review,not yet assigned,Classify before deletion; no file may disappear without an extraction decision.,pending rewrite; source path existence verified
docs/review/evidence/resume-84-delivery-review/gate-package.txt,review,not yet assigned,Classify before deletion; no file may disappear without an extraction decision.,pending rewrite; source path existence verified
docs/review/evidence/resume-84-delivery-review/go-commands.json,review,not yet assigned,Classify before deletion; no file may disappear without an extraction decision.,pending rewrite; source path existence verified
docs/review/evidence/resume-84-delivery-review/handoff-go.txt,review,not yet assigned,Classify before deletion; no file may disappear without an extraction decision.,pending rewrite; source path existence verified
docs/review/evidence/resume-84-delivery-review/http-package.txt,review,not yet assigned,Classify before deletion; no file may disappear without an extraction decision.,pending rewrite; source path existence verified
docs/review/evidence/resume-84-delivery-review/lint-configured.txt,review,not yet assigned,Classify before deletion; no file may disappear without an extraction decision.,pending rewrite; source path existence verified
docs/review/evidence/resume-84-delivery-review/lint.txt,review,not yet assigned,Classify before deletion; no file may disappear without an extraction decision.,pending rewrite; source path existence verified
docs/review/evidence/resume-84-delivery-review/manifest.json,review,not yet assigned,Classify before deletion; no file may disappear without an extraction decision.,pending rewrite; source path existence verified
docs/review/evidence/resume-84-delivery-review/ownership.txt,review,not yet assigned,Classify before deletion; no file may disappear without an extraction decision.,pending rewrite; source path existence verified
docs/review/evidence/resume-84-delivery-review/remote-gate-go.txt,review,not yet assigned,Classify before deletion; no file may disappear without an extraction decision.,pending rewrite; source path existence verified
docs/review/evidence/resume-84-delivery-review/static-commands.json,review,not yet assigned,Classify before deletion; no file may disappear without an extraction decision.,pending rewrite; source path existence verified
docs/review/evidence/resume-84-delivery-review/summary-package.txt,review,not yet assigned,Classify before deletion; no file may disappear without an extraction decision.,pending rewrite; source path existence verified
docs/review/evidence/resume-84-delivery-review/summary-types.txt,review,not yet assigned,Classify before deletion; no file may disappear without an extraction decision.,pending rewrite; source path existence verified
docs/review/evidence/resume-84-delivery-review/telemetry-package.txt,review,not yet assigned,Classify before deletion; no file may disappear without an extraction decision.,pending rewrite; source path existence verified
docs/review/evidence/resume-84-delivery-review/typecheck-fix/commands.json,review,not yet assigned,Classify before deletion; no file may disappear without an extraction decision.,pending rewrite; source path existence verified
docs/review/evidence/resume-84-delivery-review/typecheck-fix/compiler-options.json,review,not yet assigned,Classify before deletion; no file may disappear without an extraction decision.,pending rewrite; source path existence verified
docs/review/evidence/resume-84-delivery-review/typecheck-fix/demo-auth-smoke-before.txt,review,not yet assigned,Classify before deletion; no file may disappear without an extraction decision.,pending rewrite; source path existence verified
docs/review/evidence/resume-84-delivery-review/typecheck-fix/demo-auth-smoke-membership.txt,review,not yet assigned,Classify before deletion; no file may disappear without an extraction decision.,pending rewrite; source path existence verified
docs/review/evidence/resume-84-delivery-review/typecheck-fix/demo-auth-smoke-negative-0.txt,review,not yet assigned,Classify before deletion; no file may disappear without an extraction decision.,pending rewrite; source path existence verified
docs/review/evidence/resume-84-delivery-review/typecheck-fix/demo-auth-smoke-restored.txt,review,not yet assigned,Classify before deletion; no file may disappear without an extraction decision.,pending rewrite; source path existence verified
docs/review/evidence/resume-84-delivery-review/typecheck-fix/demo-auth-smoke-root-negative.txt,review,not yet assigned,Classify before deletion; no file may disappear without an extraction decision.,pending rewrite; source path existence verified
docs/review/evidence/resume-84-delivery-review/typecheck-fix/http-before.txt,review,not yet assigned,Classify before deletion; no file may disappear without an extraction decision.,pending rewrite; source path existence verified
docs/review/evidence/resume-84-delivery-review/typecheck-fix/http-membership.txt,review,not yet assigned,Classify before deletion; no file may disappear without an extraction decision.,pending rewrite; source path existence verified
docs/review/evidence/resume-84-delivery-review/typecheck-fix/http-negative-0.txt,review,not yet assigned,Classify before deletion; no file may disappear without an extraction decision.,pending rewrite; source path existence verified
docs/review/evidence/resume-84-delivery-review/typecheck-fix/http-restored.txt,review,not yet assigned,Classify before deletion; no file may disappear without an extraction decision.,pending rewrite; source path existence verified
docs/review/evidence/resume-84-delivery-review/typecheck-fix/http-root-negative.txt,review,not yet assigned,Classify before deletion; no file may disappear without an extraction decision.,pending rewrite; source path existence verified
docs/review/evidence/resume-84-delivery-review/typecheck-fix/membership-and-restoration.json,review,not yet assigned,Classify before deletion; no file may disappear without an extraction decision.,pending rewrite; source path existence verified
docs/review/evidence/resume-84-delivery-review/typecheck-fix/ownership.txt,review,not yet assigned,Classify before deletion; no file may disappear without an extraction decision.,pending rewrite; source path existence verified
docs/review/evidence/resume-84-delivery-review/typecheck-fix/prism-before.txt,review,not yet assigned,Classify before deletion; no file may disappear without an extraction decision.,pending rewrite; source path existence verified
docs/review/evidence/resume-84-delivery-review/typecheck-fix/prism-membership.txt,review,not yet assigned,Classify before deletion; no file may disappear without an extraction decision.,pending rewrite; source path existence verified
docs/review/evidence/resume-84-delivery-review/typecheck-fix/prism-negative-0.txt,review,not yet assigned,Classify before deletion; no file may disappear without an extraction decision.,pending rewrite; source path existence verified
docs/review/evidence/resume-84-delivery-review/typecheck-fix/prism-negative-1.txt,review,not yet assigned,Classify before deletion; no file may disappear without an extraction decision.,pending rewrite; source path existence verified
docs/review/evidence/resume-84-delivery-review/typecheck-fix/prism-negative-2.txt,review,not yet assigned,Classify before deletion; no file may disappear without an extraction decision.,pending rewrite; source path existence verified
docs/review/evidence/resume-84-delivery-review/typecheck-fix/prism-negative-3.txt,review,not yet assigned,Classify before deletion; no file may disappear without an extraction decision.,pending rewrite; source path existence verified
docs/review/evidence/resume-84-delivery-review/typecheck-fix/prism-restored.txt,review,not yet assigned,Classify before deletion; no file may disappear without an extraction decision.,pending rewrite; source path existence verified
docs/review/evidence/resume-84-delivery-review/typecheck-fix/prism-root-negative.txt,review,not yet assigned,Classify before deletion; no file may disappear without an extraction decision.,pending rewrite; source path existence verified
docs/review/evidence/resume-84-delivery-review/typecheck-fix/root-restored.txt,review,not yet assigned,Classify before deletion; no file may disappear without an extraction decision.,pending rewrite; source path existence verified
docs/review/evidence/resume-84-delivery-review/typecheck-fix/source-status.txt,review,not yet assigned,Classify before deletion; no file may disappear without an extraction decision.,pending rewrite; source path existence verified
docs/review/evidence/resume-84-delivery-review/typecheck-fix/verify.py,review,not yet assigned,Classify before deletion; no file may disappear without an extraction decision.,pending rewrite; source path existence verified
docs/review/evidence/resume-84-delivery-review/typecheck-membership.json,review,not yet assigned,Classify before deletion; no file may disappear without an extraction decision.,pending rewrite; source path existence verified
docs/review/evidence/resume-84-final/scope-check.json,review,not yet assigned,Classify before deletion; no file may disappear without an extraction decision.,pending rewrite; source path existence verified
docs/review/evidence/resume-84-final/stop.json,review,not yet assigned,Classify before deletion; no file may disappear without an extraction decision.,pending rewrite; source path existence verified
docs/review/evidence/resume-84-followup-matrix/existence-verification.json,review,not yet assigned,Classify before deletion; no file may disappear without an extraction decision.,pending rewrite; source path existence verified
docs/review/evidence/resume-84-integration-independent/child-pool.txt,review,not yet assigned,Classify before deletion; no file may disappear without an extraction decision.,pending rewrite; source path existence verified
docs/review/evidence/resume-84-integration-independent/integration-types.txt,review,not yet assigned,Classify before deletion; no file may disappear without an extraction decision.,pending rewrite; source path existence verified
docs/review/evidence/resume-84-integration-independent/knip-config.txt,review,not yet assigned,Classify before deletion; no file may disappear without an extraction decision.,pending rewrite; source path existence verified
docs/review/evidence/resume-84-integration-independent/manifest.json,review,not yet assigned,Classify before deletion; no file may disappear without an extraction decision.,pending rewrite; source path existence verified
docs/review/evidence/resume-84-integration-independent/ownership.txt,review,not yet assigned,Classify before deletion; no file may disappear without an extraction decision.,pending rewrite; source path existence verified
docs/review/evidence/resume-84-integration-independent/prism-types.txt,review,not yet assigned,Classify before deletion; no file may disappear without an extraction decision.,pending rewrite; source path existence verified
docs/review/evidence/resume-84-integration-independent/source-comparison.json,review,not yet assigned,Classify before deletion; no file may disappear without an extraction decision.,pending rewrite; source path existence verified
docs/review/evidence/resume-84-integration-types/commands.json,review,not yet assigned,Classify before deletion; no file may disappear without an extraction decision.,pending rewrite; source path existence verified
docs/review/evidence/resume-84-integration-types/demo-auth-package.txt,review,not yet assigned,Classify before deletion; no file may disappear without an extraction decision.,pending rewrite; source path existence verified
docs/review/evidence/resume-84-integration-types/http-package.txt,review,not yet assigned,Classify before deletion; no file may disappear without an extraction decision.,pending rewrite; source path existence verified
docs/review/evidence/resume-84-integration-types/integration.txt,review,not yet assigned,Classify before deletion; no file may disappear without an extraction decision.,pending rewrite; source path existence verified
docs/review/evidence/resume-84-integration-types/ownership.txt,review,not yet assigned,Classify before deletion; no file may disappear without an extraction decision.,pending rewrite; source path existence verified
docs/review/evidence/resume-84-integration-types/prism-package.txt,review,not yet assigned,Classify before deletion; no file may disappear without an extraction decision.,pending rewrite; source path existence verified
docs/review/evidence/resume-84-integration/commands.json,review,not yet assigned,Classify before deletion; no file may disappear without an extraction decision.,pending rewrite; source path existence verified
docs/review/evidence/resume-84-integration/demo-auth-package.txt,review,not yet assigned,Classify before deletion; no file may disappear without an extraction decision.,pending rewrite; source path existence verified
docs/review/evidence/resume-84-integration/demo-auth-types.txt,review,not yet assigned,Classify before deletion; no file may disappear without an extraction decision.,pending rewrite; source path existence verified
docs/review/evidence/resume-84-integration/direct-command-output.txt,review,not yet assigned,Classify before deletion; no file may disappear without an extraction decision.,pending rewrite; source path existence verified
docs/review/evidence/resume-84-integration/existing-ci-runs.json,review,not yet assigned,Classify before deletion; no file may disappear without an extraction decision.,pending rewrite; source path existence verified
docs/review/evidence/resume-84-integration/handoff-package.txt,review,not yet assigned,Classify before deletion; no file may disappear without an extraction decision.,pending rewrite; source path existence verified
docs/review/evidence/resume-84-integration/http-package.txt,review,not yet assigned,Classify before deletion; no file may disappear without an extraction decision.,pending rewrite; source path existence verified
docs/review/evidence/resume-84-integration/http-types.txt,review,not yet assigned,Classify before deletion; no file may disappear without an extraction decision.,pending rewrite; source path existence verified
docs/review/evidence/resume-84-integration/integration-scope.json,review,not yet assigned,Classify before deletion; no file may disappear without an extraction decision.,pending rewrite; source path existence verified
docs/review/evidence/resume-84-integration/integration-types.txt,review,not yet assigned,Classify before deletion; no file may disappear without an extraction decision.,pending rewrite; source path existence verified
docs/review/evidence/resume-84-integration/knip-config-regenerated.txt,review,not yet assigned,Classify before deletion; no file may disappear without an extraction decision.,pending rewrite; source path existence verified
docs/review/evidence/resume-84-integration/knip-config.txt,review,not yet assigned,Classify before deletion; no file may disappear without an extraction decision.,pending rewrite; source path existence verified
docs/review/evidence/resume-84-integration/lint.txt,review,not yet assigned,Classify before deletion; no file may disappear without an extraction decision.,pending rewrite; source path existence verified
docs/review/evidence/resume-84-integration/manifest.json,review,not yet assigned,Classify before deletion; no file may disappear without an extraction decision.,pending rewrite; source path existence verified
docs/review/evidence/resume-84-integration/ownership-commands.json,review,not yet assigned,Classify before deletion; no file may disappear without an extraction decision.,pending rewrite; source path existence verified
docs/review/evidence/resume-84-integration/ownership.txt,review,not yet assigned,Classify before deletion; no file may disappear without an extraction decision.,pending rewrite; source path existence verified
docs/review/evidence/resume-84-integration/pipeline-gate-package.txt,review,not yet assigned,Classify before deletion; no file may disappear without an extraction decision.,pending rewrite; source path existence verified
docs/review/evidence/resume-84-integration/prism-contract-types.txt,review,not yet assigned,Classify before deletion; no file may disappear without an extraction decision.,pending rewrite; source path existence verified
docs/review/evidence/resume-84-integration/prism-package.txt,review,not yet assigned,Classify before deletion; no file may disappear without an extraction decision.,pending rewrite; source path existence verified
docs/review/evidence/resume-84-integration/prism.txt,review,not yet assigned,Classify before deletion; no file may disappear without an extraction decision.,pending rewrite; source path existence verified
docs/review/evidence/resume-84-integration/remote-gate-package.txt,review,not yet assigned,Classify before deletion; no file may disappear without an extraction decision.,pending rewrite; source path existence verified
docs/review/evidence/resume-84-integration/supervisor.txt,review,not yet assigned,Classify before deletion; no file may disappear without an extraction decision.,pending rewrite; source path existence verified
docs/review/evidence/resume-84-integration/telemetry-package.txt,review,not yet assigned,Classify before deletion; no file may disappear without an extraction decision.,pending rewrite; source path existence verified
docs/review/evidence/resume-84-integration/types.txt,review,not yet assigned,Classify before deletion; no file may disappear without an extraction decision.,pending rewrite; source path existence verified
docs/review/evidence/resume-84-native-gates-root/commands.json,review,not yet assigned,Classify before deletion; no file may disappear without an extraction decision.,pending rewrite; source path existence verified
docs/review/evidence/resume-84-native-gates-root/missing-pg.txt,review,not yet assigned,Classify before deletion; no file may disappear without an extraction decision.,pending rewrite; source path existence verified
docs/review/evidence/resume-84-native-gates-root/pg-routing.txt,review,not yet assigned,Classify before deletion; no file may disappear without an extraction decision.,pending rewrite; source path existence verified
docs/review/evidence/resume-84-nonprism-triage/manifest.json,review,not yet assigned,Classify before deletion; no file may disappear without an extraction decision.,pending rewrite; source path existence verified
docs/review/evidence/resume-84-nonprism-triage/supervisor-existing.txt,review,not yet assigned,Classify before deletion; no file may disappear without an extraction decision.,pending rewrite; source path existence verified
docs/review/evidence/resume-84-nonprism-triage/supervisor-lint.txt,review,not yet assigned,Classify before deletion; no file may disappear without an extraction decision.,pending rewrite; source path existence verified
docs/review/evidence/resume-84-nonprism-triage/supervisor-stop-probe-configured.txt,review,not yet assigned,Classify before deletion; no file may disappear without an extraction decision.,pending rewrite; source path existence verified
docs/review/evidence/resume-84-nonprism-triage/supervisor-stop-probe.mjs,review,not yet assigned,Classify before deletion; no file may disappear without an extraction decision.,pending rewrite; source path existence verified
docs/review/evidence/resume-84-nonprism-triage/supervisor-stop-probe.txt,review,not yet assigned,Classify before deletion; no file may disappear without an extraction decision.,pending rewrite; source path existence verified
docs/review/evidence/resume-84-nonprism-triage/terminal-workspace.txt,review,not yet assigned,Classify before deletion; no file may disappear without an extraction decision.,pending rewrite; source path existence verified
docs/review/evidence/resume-84-prism-cpu/concurrent-parent-cpu-final.txt,review,not yet assigned,Classify before deletion; no file may disappear without an extraction decision.,pending rewrite; source path existence verified
docs/review/evidence/resume-84-prism-cpu/concurrent-parent-cpu.mjs,review,not yet assigned,Classify before deletion; no file may disappear without an extraction decision.,pending rewrite; source path existence verified
docs/review/evidence/resume-84-prism-cpu/concurrent-parent-cpu.txt,review,not yet assigned,Classify before deletion; no file may disappear without an extraction decision.,pending rewrite; source path existence verified
docs/review/evidence/resume-84-prism-cpu/manifest.json,review,not yet assigned,Classify before deletion; no file may disappear without an extraction decision.,pending rewrite; source path existence verified
docs/review/evidence/resume-84-prism-final-review/manifest.json,review,not yet assigned,Classify before deletion; no file may disappear without an extraction decision.,pending rewrite; source path existence verified
docs/review/evidence/resume-84-prism-final-review/tests.txt,review,not yet assigned,Classify before deletion; no file may disappear without an extraction decision.,pending rewrite; source path existence verified
docs/review/evidence/resume-84-prism-native-retention/lint-backpressure.txt,review,not yet assigned,Classify before deletion; no file may disappear without an extraction decision.,pending rewrite; source path existence verified
docs/review/evidence/resume-84-prism-native-retention/lint-final.txt,review,not yet assigned,Classify before deletion; no file may disappear without an extraction decision.,pending rewrite; source path existence verified
docs/review/evidence/resume-84-prism-native-retention/lint.txt,review,not yet assigned,Classify before deletion; no file may disappear without an extraction decision.,pending rewrite; source path existence verified
docs/review/evidence/resume-84-prism-native-retention/manifest.json,review,not yet assigned,Classify before deletion; no file may disappear without an extraction decision.,pending rewrite; source path existence verified
docs/review/evidence/resume-84-prism-native-retention/types-backpressure.txt,review,not yet assigned,Classify before deletion; no file may disappear without an extraction decision.,pending rewrite; source path existence verified
docs/review/evidence/resume-84-prism-native-retention/types-final.txt,review,not yet assigned,Classify before deletion; no file may disappear without an extraction decision.,pending rewrite; source path existence verified
docs/review/evidence/resume-84-prism-native-retention/types.txt,review,not yet assigned,Classify before deletion; no file may disappear without an extraction decision.,pending rewrite; source path existence verified
docs/review/evidence/resume-84-prism-review/configured-lint.txt,review,not yet assigned,Classify before deletion; no file may disappear without an extraction decision.,pending rewrite; source path existence verified
docs/review/evidence/resume-84-prism-review/lint.txt,review,not yet assigned,Classify before deletion; no file may disappear without an extraction decision.,pending rewrite; source path existence verified
docs/review/evidence/resume-84-prism-review/manifest.json,review,not yet assigned,Classify before deletion; no file may disappear without an extraction decision.,pending rewrite; source path existence verified
docs/review/evidence/resume-84-prism-review/original-tests.txt,review,not yet assigned,Classify before deletion; no file may disappear without an extraction decision.,pending rewrite; source path existence verified
docs/review/evidence/resume-84-prism-review/parity.txt,review,not yet assigned,Classify before deletion; no file may disappear without an extraction decision.,pending rewrite; source path existence verified
docs/review/evidence/resume-84-prism-review/static-globals-invocation.txt,review,not yet assigned,Classify before deletion; no file may disappear without an extraction decision.,pending rewrite; source path existence verified
docs/review/evidence/resume-84-prism-review/static-parity.mjs,review,not yet assigned,Classify before deletion; no file may disappear without an extraction decision.,pending rewrite; source path existence verified
docs/review/evidence/resume-84-prism-review/static-parity.txt,review,not yet assigned,Classify before deletion; no file may disappear without an extraction decision.,pending rewrite; source path existence verified
docs/review/evidence/resume-84-prism-review/static-printer-invocation.txt,review,not yet assigned,Classify before deletion; no file may disappear without an extraction decision.,pending rewrite; source path existence verified
docs/review/evidence/resume-84-prism-review/static-punctuation-invocation.txt,review,not yet assigned,Classify before deletion; no file may disappear without an extraction decision.,pending rewrite; source path existence verified
docs/review/evidence/resume-84-prism-review/studio-triage-tests.txt,review,not yet assigned,Classify before deletion; no file may disappear without an extraction decision.,pending rewrite; source path existence verified
docs/review/evidence/resume-84-prism-review/types.txt,review,not yet assigned,Classify before deletion; no file may disappear without an extraction decision.,pending rewrite; source path existence verified
docs/review/evidence/resume-84-prism-shutdown-review/commands.json,review,not yet assigned,Classify before deletion; no file may disappear without an extraction decision.,pending rewrite; source path existence verified
docs/review/evidence/resume-84-prism-shutdown-review/manifest.json,review,not yet assigned,Classify before deletion; no file may disappear without an extraction decision.,pending rewrite; source path existence verified
docs/review/evidence/resume-84-prism-shutdown-review/tests.txt,review,not yet assigned,Classify before deletion; no file may disappear without an extraction decision.,pending rewrite; source path existence verified
docs/review/evidence/resume-84-release-evidence/after-final.txt,review,not yet assigned,Classify before deletion; no file may disappear without an extraction decision.,pending rewrite; source path existence verified
docs/review/evidence/resume-84-release-evidence/after.txt,review,not yet assigned,Classify before deletion; no file may disappear without an extraction decision.,pending rewrite; source path existence verified
docs/review/evidence/resume-84-release-evidence/before-final.txt,review,not yet assigned,Classify before deletion; no file may disappear without an extraction decision.,pending rewrite; source path existence verified
docs/review/evidence/resume-84-release-evidence/before.txt,review,not yet assigned,Classify before deletion; no file may disappear without an extraction decision.,pending rewrite; source path existence verified
docs/review/evidence/resume-84-release-evidence/lint-final.txt,review,not yet assigned,Classify before deletion; no file may disappear without an extraction decision.,pending rewrite; source path existence verified
docs/review/evidence/resume-84-release-evidence/lint.txt,review,not yet assigned,Classify before deletion; no file may disappear without an extraction decision.,pending rewrite; source path existence verified
docs/review/evidence/resume-84-release-evidence/manifest.json,review,not yet assigned,Classify before deletion; no file may disappear without an extraction decision.,pending rewrite; source path existence verified
docs/review/evidence/resume-84-release-evidence/protocol-gap.json,review,not yet assigned,Classify before deletion; no file may disappear without an extraction decision.,pending rewrite; source path existence verified
docs/review/evidence/resume-84-release-root/contracts-helm-path.txt,review,not yet assigned,Classify before deletion; no file may disappear without an extraction decision.,pending rewrite; source path existence verified
docs/review/evidence/resume-84-release-root/contracts.txt,review,not yet assigned,Classify before deletion; no file may disappear without an extraction decision.,pending rewrite; source path existence verified
docs/review/evidence/resume-84-release-root/images-entry.txt,review,not yet assigned,Classify before deletion; no file may disappear without an extraction decision.,pending rewrite; source path existence verified
docs/review/evidence/resume-84-release-root/lint.txt,review,not yet assigned,Classify before deletion; no file may disappear without an extraction decision.,pending rewrite; source path existence verified
docs/review/evidence/resume-84-supervisor-independent-review/integration-tests.txt,review,not yet assigned,Classify before deletion; no file may disappear without an extraction decision.,pending rewrite; source path existence verified
docs/review/evidence/resume-84-supervisor-independent-review/manifest.json,review,not yet assigned,Classify before deletion; no file may disappear without an extraction decision.,pending rewrite; source path existence verified
docs/review/evidence/resume-84-supervisor-independent-review/tests.txt,review,not yet assigned,Classify before deletion; no file may disappear without an extraction decision.,pending rewrite; source path existence verified
docs/review/evidence/resume-84-supervisor-launch-independent/lint.txt,review,not yet assigned,Classify before deletion; no file may disappear without an extraction decision.,pending rewrite; source path existence verified
docs/review/evidence/resume-84-supervisor-launch-independent/manifest.json,review,not yet assigned,Classify before deletion; no file may disappear without an extraction decision.,pending rewrite; source path existence verified
docs/review/evidence/resume-84-supervisor-launch-independent/tests.txt,review,not yet assigned,Classify before deletion; no file may disappear without an extraction decision.,pending rewrite; source path existence verified
docs/review/evidence/resume-84-supervisor-state-independent/lint.txt,review,not yet assigned,Classify before deletion; no file may disappear without an extraction decision.,pending rewrite; source path existence verified
docs/review/evidence/resume-84-supervisor-state-independent/manifest.json,review,not yet assigned,Classify before deletion; no file may disappear without an extraction decision.,pending rewrite; source path existence verified
docs/review/evidence/resume-84-supervisor-state-independent/tests.txt,review,not yet assigned,Classify before deletion; no file may disappear without an extraction decision.,pending rewrite; source path existence verified
docs/review/evidence/resume-84-supervisor-state-root/after.txt,review,not yet assigned,Classify before deletion; no file may disappear without an extraction decision.,pending rewrite; source path existence verified
docs/review/evidence/resume-84-supervisor-state-root/before.txt,review,not yet assigned,Classify before deletion; no file may disappear without an extraction decision.,pending rewrite; source path existence verified
docs/review/evidence/resume-84-supervisor-state-root/commands.json,review,not yet assigned,Classify before deletion; no file may disappear without an extraction decision.,pending rewrite; source path existence verified
docs/review/evidence/resume-84-supervisor-state-root/launch-after.txt,review,not yet assigned,Classify before deletion; no file may disappear without an extraction decision.,pending rewrite; source path existence verified
docs/review/evidence/resume-84-supervisor-state-root/launch-before.txt,review,not yet assigned,Classify before deletion; no file may disappear without an extraction decision.,pending rewrite; source path existence verified
docs/review/evidence/resume-84-supervisor-state-root/launch-lint-final.txt,review,not yet assigned,Classify before deletion; no file may disappear without an extraction decision.,pending rewrite; source path existence verified
docs/review/evidence/resume-84-supervisor-state-root/launch-lint.txt,review,not yet assigned,Classify before deletion; no file may disappear without an extraction decision.,pending rewrite; source path existence verified
docs/review/evidence/resume-84-supervisor-state-root/launch-state-final.txt,review,not yet assigned,Classify before deletion; no file may disappear without an extraction decision.,pending rewrite; source path existence verified
docs/review/evidence/resume-84-supervisor-state-root/lint.txt,review,not yet assigned,Classify before deletion; no file may disappear without an extraction decision.,pending rewrite; source path existence verified
docs/review/evidence/resume-84-supervisor-stop/after.txt,review,not yet assigned,Classify before deletion; no file may disappear without an extraction decision.,pending rewrite; source path existence verified
docs/review/evidence/resume-84-supervisor-stop/before.txt,review,not yet assigned,Classify before deletion; no file may disappear without an extraction decision.,pending rewrite; source path existence verified
docs/review/evidence/resume-84-supervisor-stop/lint.txt,review,not yet assigned,Classify before deletion; no file may disappear without an extraction decision.,pending rewrite; source path existence verified
docs/review/evidence/resume-84-supervisor-stop/manifest.json,review,not yet assigned,Classify before deletion; no file may disappear without an extraction decision.,pending rewrite; source path existence verified
docs/review/evidence/resume-84-supervisor-stop/syntax.txt,review,not yet assigned,Classify before deletion; no file may disappear without an extraction decision.,pending rewrite; source path existence verified
docs/review/evidence/resume-84-supervisor-stop/test-lint.txt,review,not yet assigned,Classify before deletion; no file may disappear without an extraction decision.,pending rewrite; source path existence verified
docs/review/evidence/resume-84-worker-http-independent/before.txt,review,not yet assigned,Classify before deletion; no file may disappear without an extraction decision.,pending rewrite; source path existence verified
docs/review/evidence/resume-84-worker-http-independent/commands.json,review,not yet assigned,Classify before deletion; no file may disappear without an extraction decision.,pending rewrite; source path existence verified
docs/review/evidence/resume-84-worker-http-independent/fixed-clean.txt,review,not yet assigned,Classify before deletion; no file may disappear without an extraction decision.,pending rewrite; source path existence verified
docs/review/evidence/resume-84-worker-http-independent/fixed-regression.txt,review,not yet assigned,Classify before deletion; no file may disappear without an extraction decision.,pending rewrite; source path existence verified
docs/review/evidence/resume-84-worker-http-independent/lint.txt,review,not yet assigned,Classify before deletion; no file may disappear without an extraction decision.,pending rewrite; source path existence verified
docs/review/evidence/resume-84-worker-http-independent/manifest.json,review,not yet assigned,Classify before deletion; no file may disappear without an extraction decision.,pending rewrite; source path existence verified
docs/review/evidence/resume-84-worker-http-independent/old-clean.txt,review,not yet assigned,Classify before deletion; no file may disappear without an extraction decision.,pending rewrite; source path existence verified
docs/review/evidence/resume-84-worker-http-independent/ownership.txt,review,not yet assigned,Classify before deletion; no file may disappear without an extraction decision.,pending rewrite; source path existence verified
docs/review/evidence/resume-84-worker-http-independent/types.txt,review,not yet assigned,Classify before deletion; no file may disappear without an extraction decision.,pending rewrite; source path existence verified
docs/review/evidence/resume-84-worker-http-independent/verify.py,review,not yet assigned,Classify before deletion; no file may disappear without an extraction decision.,pending rewrite; source path existence verified
docs/review/evidence/resume-84-worker-http/after.txt,review,not yet assigned,Classify before deletion; no file may disappear without an extraction decision.,pending rewrite; source path existence verified
docs/review/evidence/resume-84-worker-http/before.txt,review,not yet assigned,Classify before deletion; no file may disappear without an extraction decision.,pending rewrite; source path existence verified
docs/review/evidence/resume-84-worker-http/commands.json,review,not yet assigned,Classify before deletion; no file may disappear without an extraction decision.,pending rewrite; source path existence verified
docs/review/evidence/resume-84-worker-http/lint.txt,review,not yet assigned,Classify before deletion; no file may disappear without an extraction decision.,pending rewrite; source path existence verified
docs/review/evidence/resume-84-worker-http/regression.txt,review,not yet assigned,Classify before deletion; no file may disappear without an extraction decision.,pending rewrite; source path existence verified
docs/review/evidence/resume-84-worker-http/typecheck.txt,review,not yet assigned,Classify before deletion; no file may disappear without an extraction decision.,pending rewrite; source path existence verified
docs/review/evidence/resume-84-worker-pg-native-entry/commands.json,review,not yet assigned,Classify before deletion; no file may disappear without an extraction decision.,pending rewrite; source path existence verified
docs/review/evidence/resume-84-worker-pg-native-entry/lint-final.txt,review,not yet assigned,Classify before deletion; no file may disappear without an extraction decision.,pending rewrite; source path existence verified
docs/review/evidence/resume-84-worker-pg-native-entry/lint.txt,review,not yet assigned,Classify before deletion; no file may disappear without an extraction decision.,pending rewrite; source path existence verified
docs/review/evidence/resume-84-worker-pg-native-entry/manifest.json,review,not yet assigned,Classify before deletion; no file may disappear without an extraction decision.,pending rewrite; source path existence verified
docs/review/evidence/resume-84-worker-pg-native-entry/missing-prerequisite-final.txt,review,not yet assigned,Classify before deletion; no file may disappear without an extraction decision.,pending rewrite; source path existence verified
docs/review/evidence/resume-84-worker-pg-native-entry/missing-prerequisite.txt,review,not yet assigned,Classify before deletion; no file may disappear without an extraction decision.,pending rewrite; source path existence verified
docs/review/evidence/resume-84-worker-pg-native-entry/routing-negative-final.txt,review,not yet assigned,Classify before deletion; no file may disappear without an extraction decision.,pending rewrite; source path existence verified
docs/review/evidence/resume-84-worker-pg-native-entry/routing-negative.mts,review,not yet assigned,Classify before deletion; no file may disappear without an extraction decision.,pending rewrite; source path existence verified
docs/review/evidence/resume-84-worker-pg-native-entry/routing-negative.txt,review,not yet assigned,Classify before deletion; no file may disappear without an extraction decision.,pending rewrite; source path existence verified
docs/review/evidence/resume-84-worker-pg-native-entry/types-final.txt,review,not yet assigned,Classify before deletion; no file may disappear without an extraction decision.,pending rewrite; source path existence verified
docs/review/evidence/resume-84-worker-pg-native-entry/types.txt,review,not yet assigned,Classify before deletion; no file may disappear without an extraction decision.,pending rewrite; source path existence verified
docs/review/evidence/resume-84-worker-shutdown/combined.txt,review,not yet assigned,Classify before deletion; no file may disappear without an extraction decision.,pending rewrite; source path existence verified
docs/review/evidence/resume-84-worker-shutdown/commands.json,review,not yet assigned,Classify before deletion; no file may disappear without an extraction decision.,pending rewrite; source path existence verified
docs/review/evidence/resume-84-worker-shutdown/knip-config.txt,review,not yet assigned,Classify before deletion; no file may disappear without an extraction decision.,pending rewrite; source path existence verified
docs/review/evidence/resume-84-worker-shutdown/lint-discipline.txt,review,not yet assigned,Classify before deletion; no file may disappear without an extraction decision.,pending rewrite; source path existence verified
docs/review/evidence/resume-84-worker-shutdown/lint.txt,review,not yet assigned,Classify before deletion; no file may disappear without an extraction decision.,pending rewrite; source path existence verified
docs/review/evidence/resume-84-worker-shutdown/manifest.json,review,not yet assigned,Classify before deletion; no file may disappear without an extraction decision.,pending rewrite; source path existence verified
docs/review/evidence/resume-84-worker-shutdown/native-pool-boundaries.txt,review,not yet assigned,Classify before deletion; no file may disappear without an extraction decision.,pending rewrite; source path existence verified
docs/review/evidence/resume-84-worker-shutdown/ownership.txt,review,not yet assigned,Classify before deletion; no file may disappear without an extraction decision.,pending rewrite; source path existence verified
docs/review/evidence/resume-84-worker-shutdown/process-after.txt,review,not yet assigned,Classify before deletion; no file may disappear without an extraction decision.,pending rewrite; source path existence verified
docs/review/evidence/resume-84-worker-shutdown/process-before.txt,review,not yet assigned,Classify before deletion; no file may disappear without an extraction decision.,pending rewrite; source path existence verified
docs/review/evidence/resume-84-worker-shutdown/process-corrected-fixture.txt,review,not yet assigned,Classify before deletion; no file may disappear without an extraction decision.,pending rewrite; source path existence verified
docs/review/evidence/resume-84-worker-shutdown/process-final.txt,review,not yet assigned,Classify before deletion; no file may disappear without an extraction decision.,pending rewrite; source path existence verified
docs/review/evidence/resume-84-worker-shutdown/typecheck.txt,review,not yet assigned,Classify before deletion; no file may disappear without an extraction decision.,pending rewrite; source path existence verified
docs/review/evidence/review-all-original-tests.txt,review,not yet assigned,Classify before deletion; no file may disappear without an extraction decision.,pending rewrite; source path existence verified
docs/review/evidence/review-audit-compiler-original.txt,review,not yet assigned,Classify before deletion; no file may disappear without an extraction decision.,pending rewrite; source path existence verified
docs/review/evidence/review-audit-malformed-probe.txt,review,not yet assigned,Classify before deletion; no file may disappear without an extraction decision.,pending rewrite; source path existence verified
docs/review/evidence/review-audit-original-tests.txt,review,not yet assigned,Classify before deletion; no file may disappear without an extraction decision.,pending rewrite; source path existence verified
docs/review/evidence/review-audit-revalidation-probe.txt,review,not yet assigned,Classify before deletion; no file may disappear without an extraction decision.,pending rewrite; source path existence verified
docs/review/evidence/review-audit-scope-probe.txt,review,not yet assigned,Classify before deletion; no file may disappear without an extraction decision.,pending rewrite; source path existence verified
docs/review/evidence/review-audit-subreview.md,review,not yet assigned,Classify before deletion; no file may disappear without an extraction decision.,pending rewrite; source path existence verified
docs/review/evidence/review-gate-original-tests.txt,review,not yet assigned,Classify before deletion; no file may disappear without an extraction decision.,pending rewrite; source path existence verified
docs/review/evidence/review-inventory-updates.json,review,not yet assigned,Classify before deletion; no file may disappear without an extraction decision.,pending rewrite; source path existence verified
docs/review/evidence/review-policy-boundaries.txt,review,not yet assigned,Classify before deletion; no file may disappear without an extraction decision.,pending rewrite; source path existence verified
docs/review/evidence/review-policy-subreview.md,review,not yet assigned,Classify before deletion; no file may disappear without an extraction decision.,pending rewrite; source path existence verified
docs/review/evidence/review-policy-tests.txt,review,not yet assigned,Classify before deletion; no file may disappear without an extraction decision.,pending rewrite; source path existence verified
docs/review/evidence/review-source-coverage.json,review,not yet assigned,Classify before deletion; no file may disappear without an extraction decision.,pending rewrite; source path existence verified
docs/review/evidence/review-tests-assessment.md,review,not yet assigned,Classify before deletion; no file may disappear without an extraction decision.,pending rewrite; source path existence verified
docs/review/evidence/run10-prism-baseline-author-raw.json,review,not yet assigned,Classify before deletion; no file may disappear without an extraction decision.,pending rewrite; source path existence verified
docs/review/evidence/run10-prism-baseline-original-tests.json,review,not yet assigned,Classify before deletion; no file may disappear without an extraction decision.,pending rewrite; source path existence verified
docs/review/evidence/run10-root-bundle-czech-counterexample.txt,review,not yet assigned,Classify before deletion; no file may disappear without an extraction decision.,pending rewrite; source path existence verified
docs/review/evidence/run10-root-report-checks.txt,review,not yet assigned,Classify before deletion; no file may disappear without an extraction decision.,pending rewrite; source path existence verified
docs/review/evidence/run10-root-report-full.txt,review,not yet assigned,Classify before deletion; no file may disappear without an extraction decision.,pending rewrite; source path existence verified
docs/review/evidence/run10-root-report-native-and-diagnostic.txt,review,not yet assigned,Classify before deletion; no file may disappear without an extraction decision.,pending rewrite; source path existence verified
docs/review/evidence/run10-root-runtime-admission-fresh.txt,review,not yet assigned,Classify before deletion; no file may disappear without an extraction decision.,pending rewrite; source path existence verified
docs/review/evidence/run11-prism-baseline-independent-control-lint.json,review,not yet assigned,Classify before deletion; no file may disappear without an extraction decision.,pending rewrite; source path existence verified
docs/review/evidence/run11-prism-baseline-independent-extra.txt,review,not yet assigned,Classify before deletion; no file may disappear without an extraction decision.,pending rewrite; source path existence verified
docs/review/evidence/run11-prism-baseline-independent-gates.txt,review,not yet assigned,Classify before deletion; no file may disappear without an extraction decision.,pending rewrite; source path existence verified
docs/review/evidence/run11-prism-baseline-independent-historical-audit.mjs.txt,review,not yet assigned,Classify before deletion; no file may disappear without an extraction decision.,pending rewrite; source path existence verified
docs/review/evidence/run11-prism-baseline-independent-matrix.txt,review,not yet assigned,Classify before deletion; no file may disappear without an extraction decision.,pending rewrite; source path existence verified
docs/review/evidence/run11-prism-baseline-independent-original.txt,review,not yet assigned,Classify before deletion; no file may disappear without an extraction decision.,pending rewrite; source path existence verified
docs/review/evidence/run11-prism-baseline-independent.mjs,review,not yet assigned,Classify before deletion; no file may disappear without an extraction decision.,pending rewrite; source path existence verified
docs/review/evidence/run11-root-report-fresh.txt,review,not yet assigned,Classify before deletion; no file may disappear without an extraction decision.,pending rewrite; source path existence verified
docs/review/evidence/run12-prism-reader-first-matrix.txt,review,not yet assigned,Classify before deletion; no file may disappear without an extraction decision.,pending rewrite; source path existence verified
docs/review/evidence/run12-prism-reader-first.txt,review,not yet assigned,Classify before deletion; no file may disappear without an extraction decision.,pending rewrite; source path existence verified
docs/review/evidence/run12-prism-reader-frozen-gates.txt,review,not yet assigned,Classify before deletion; no file may disappear without an extraction decision.,pending rewrite; source path existence verified
docs/review/evidence/run12-prism-reader-frozen-matrix.txt,review,not yet assigned,Classify before deletion; no file may disappear without an extraction decision.,pending rewrite; source path existence verified
docs/review/evidence/run13-prism-reader-extra-final.json,review,not yet assigned,Classify before deletion; no file may disappear without an extraction decision.,pending rewrite; source path existence verified
docs/review/evidence/run13-prism-reader-independent-gates.json,review,not yet assigned,Classify before deletion; no file may disappear without an extraction decision.,pending rewrite; source path existence verified
docs/review/evidence/run13-prism-reader-independent-identity.mjs,review,not yet assigned,Classify before deletion; no file may disappear without an extraction decision.,pending rewrite; source path existence verified
docs/review/evidence/run13-prism-reader-independent-matrix.txt,review,not yet assigned,Classify before deletion; no file may disappear without an extraction decision.,pending rewrite; source path existence verified
docs/review/evidence/run13-report-before-reconcile.txt,review,not yet assigned,Classify before deletion; no file may disappear without an extraction decision.,pending rewrite; source path existence verified
docs/review/evidence/run13-report-initial.txt,review,not yet assigned,Classify before deletion; no file may disappear without an extraction decision.,pending rewrite; source path existence verified
docs/review/evidence/run14-report-npm-partial-capture.txt,review,not yet assigned,Classify before deletion; no file may disappear without an extraction decision.,pending rewrite; source path existence verified
docs/review/evidence/run15-report-reconciled-checks.txt,review,not yet assigned,Classify before deletion; no file may disappear without an extraction decision.,pending rewrite; source path existence verified
docs/review/evidence/run2-root-checkpoints-final.txt,review,not yet assigned,Classify before deletion; no file may disappear without an extraction decision.,pending rewrite; source path existence verified
docs/review/evidence/run2-root-prism-config.txt,review,not yet assigned,Classify before deletion; no file may disappear without an extraction decision.,pending rewrite; source path existence verified
docs/review/evidence/run2-root-prism-final.txt,review,not yet assigned,Classify before deletion; no file may disappear without an extraction decision.,pending rewrite; source path existence verified
docs/review/evidence/run2-sdk-baseline.txt,review,not yet assigned,Classify before deletion; no file may disappear without an extraction decision.,pending rewrite; source path existence verified
docs/review/evidence/run2-sdk-checkpoint-review/lint-final.txt,review,not yet assigned,Classify before deletion; no file may disappear without an extraction decision.,pending rewrite; source path existence verified
docs/review/evidence/run2-sdk-checkpoint-review/lint.txt,review,not yet assigned,Classify before deletion; no file may disappear without an extraction decision.,pending rewrite; source path existence verified
docs/review/evidence/run2-sdk-checkpoint-review/original-cli-recovery.txt,review,not yet assigned,Classify before deletion; no file may disappear without an extraction decision.,pending rewrite; source path existence verified
docs/review/evidence/run2-sdk-checkpoint-review/original-consumers.txt,review,not yet assigned,Classify before deletion; no file may disappear without an extraction decision.,pending rewrite; source path existence verified
docs/review/evidence/run2-sdk-checkpoints/after.txt,review,not yet assigned,Classify before deletion; no file may disappear without an extraction decision.,pending rewrite; source path existence verified
docs/review/evidence/run2-sdk-checkpoints/artifact-store.txt,review,not yet assigned,Classify before deletion; no file may disappear without an extraction decision.,pending rewrite; source path existence verified
docs/review/evidence/run2-sdk-checkpoints/before.txt,review,not yet assigned,Classify before deletion; no file may disappear without an extraction decision.,pending rewrite; source path existence verified
docs/review/evidence/run2-sdk-checkpoints/effects.txt,review,not yet assigned,Classify before deletion; no file may disappear without an extraction decision.,pending rewrite; source path existence verified
docs/review/evidence/run2-sdk-checkpoints/lint-final.txt,review,not yet assigned,Classify before deletion; no file may disappear without an extraction decision.,pending rewrite; source path existence verified
docs/review/evidence/run2-sdk-checkpoints/lint.txt,review,not yet assigned,Classify before deletion; no file may disappear without an extraction decision.,pending rewrite; source path existence verified
docs/review/evidence/run2-sdk-checkpoints/original-recovery.txt,review,not yet assigned,Classify before deletion; no file may disappear without an extraction decision.,pending rewrite; source path existence verified
docs/review/evidence/run2-sdk-checkpoints/sdk-values.txt,review,not yet assigned,Classify before deletion; no file may disappear without an extraction decision.,pending rewrite; source path existence verified
docs/review/evidence/run2-sdk-checkpoints/typecheck.txt,review,not yet assigned,Classify before deletion; no file may disappear without an extraction decision.,pending rewrite; source path existence verified
docs/review/evidence/run2-sdk-remaining/repair-authorization-locale.mjs,review,not yet assigned,Classify before deletion; no file may disappear without an extraction decision.,pending rewrite; source path existence verified
docs/review/evidence/run2-sdk-remaining/repair-authorization-locale.txt,review,not yet assigned,Classify before deletion; no file may disappear without an extraction decision.,pending rewrite; source path existence verified
docs/review/evidence/run3-adapter-dependency-locale.mjs,review,not yet assigned,Classify before deletion; no file may disappear without an extraction decision.,pending rewrite; source path existence verified
docs/review/evidence/run3-adapter-dependency-locale.txt,review,not yet assigned,Classify before deletion; no file may disappear without an extraction decision.,pending rewrite; source path existence verified
docs/review/evidence/run3-adapter-identity/adaptercheck-types.txt,review,not yet assigned,Classify before deletion; no file may disappear without an extraction decision.,pending rewrite; source path existence verified
docs/review/evidence/run3-adapter-identity/adapterfinal-lint.txt,review,not yet assigned,Classify before deletion; no file may disappear without an extraction decision.,pending rewrite; source path existence verified
docs/review/evidence/run3-adapter-identity/adapterlocaletests.txt,review,not yet assigned,Classify before deletion; no file may disappear without an extraction decision.,pending rewrite; source path existence verified
docs/review/evidence/run3-adapter-identity/before.txt,review,not yet assigned,Classify before deletion; no file may disappear without an extraction decision.,pending rewrite; source path existence verified
docs/review/evidence/run3-adapter-identity/regressions-after.txt,review,not yet assigned,Classify before deletion; no file may disappear without an extraction decision.,pending rewrite; source path existence verified
docs/review/evidence/run3-adapter-identity/regressions-initial.txt,review,not yet assigned,Classify before deletion; no file may disappear without an extraction decision.,pending rewrite; source path existence verified
docs/review/evidence/run3-adapter-identity/typecheck-initial.txt,review,not yet assigned,Classify before deletion; no file may disappear without an extraction decision.,pending rewrite; source path existence verified
docs/review/evidence/run3-adapter-independent-archive.json,review,not yet assigned,Classify before deletion; no file may disappear without an extraction decision.,pending rewrite; source path existence verified
docs/review/evidence/run3-adapter-independent-wip.txt,review,not yet assigned,Classify before deletion; no file may disappear without an extraction decision.,pending rewrite; source path existence verified
docs/review/evidence/run3-attempt-author-tests.txt,review,not yet assigned,Classify before deletion; no file may disappear without an extraction decision.,pending rewrite; source path existence verified
docs/review/evidence/run3-attempt-existing-lint.txt,review,not yet assigned,Classify before deletion; no file may disappear without an extraction decision.,pending rewrite; source path existence verified
docs/review/evidence/run3-attempt-independent-static.txt,review,not yet assigned,Classify before deletion; no file may disappear without an extraction decision.,pending rewrite; source path existence verified
docs/review/evidence/run3-attempt-independent-tests.txt,review,not yet assigned,Classify before deletion; no file may disappear without an extraction decision.,pending rewrite; source path existence verified
docs/review/evidence/run3-attempt-mutex-before.mjs,review,not yet assigned,Classify before deletion; no file may disappear without an extraction decision.,pending rewrite; source path existence verified
docs/review/evidence/run3-attempt-mutex-before.txt,review,not yet assigned,Classify before deletion; no file may disappear without an extraction decision.,pending rewrite; source path existence verified
docs/review/evidence/run3-attempt-original-consumers.txt,review,not yet assigned,Classify before deletion; no file may disappear without an extraction decision.,pending rewrite; source path existence verified
docs/review/evidence/run3-attempt-review-initial.txt,review,not yet assigned,Classify before deletion; no file may disappear without an extraction decision.,pending rewrite; source path existence verified
docs/review/evidence/run3-attempt-static-checks.txt,review,not yet assigned,Classify before deletion; no file may disappear without an extraction decision.,pending rewrite; source path existence verified
docs/review/evidence/run3-product-independent-restoration.json,review,not yet assigned,Classify before deletion; no file may disappear without an extraction decision.,pending rewrite; source path existence verified
docs/review/evidence/run3-product-independent-static.json,review,not yet assigned,Classify before deletion; no file may disappear without an extraction decision.,pending rewrite; source path existence verified
docs/review/evidence/run3-product-independent-tests.txt,review,not yet assigned,Classify before deletion; no file may disappear without an extraction decision.,pending rewrite; source path existence verified
docs/review/evidence/run3-product-port/lint-final.txt,review,not yet assigned,Classify before deletion; no file may disappear without an extraction decision.,pending rewrite; source path existence verified
docs/review/evidence/run3-product-port/manifest.json,review,not yet assigned,Classify before deletion; no file may disappear without an extraction decision.,pending rewrite; source path existence verified
docs/review/evidence/run3-product-port/restored-remote-blobs.json,review,not yet assigned,Classify before deletion; no file may disappear without an extraction decision.,pending rewrite; source path existence verified
docs/review/evidence/run3-product-port/server-lint-baseline.txt,review,not yet assigned,Classify before deletion; no file may disappear without an extraction decision.,pending rewrite; source path existence verified
docs/review/evidence/run3-product-port/server-lint-final.txt,review,not yet assigned,Classify before deletion; no file may disappear without an extraction decision.,pending rewrite; source path existence verified
docs/review/evidence/run3-product-port/server-lint-import-error.txt,review,not yet assigned,Classify before deletion; no file may disappear without an extraction decision.,pending rewrite; source path existence verified
docs/review/evidence/run3-product-port/tests-final.txt,review,not yet assigned,Classify before deletion; no file may disappear without an extraction decision.,pending rewrite; source path existence verified
docs/review/evidence/run3-product-port/tests-initial.txt,review,not yet assigned,Classify before deletion; no file may disappear without an extraction decision.,pending rewrite; source path existence verified
docs/review/evidence/run3-product-port/typecheck-final.txt,review,not yet assigned,Classify before deletion; no file may disappear without an extraction decision.,pending rewrite; source path existence verified
docs/review/evidence/run3-review-encoding-independent/compiler-before.txt,review,not yet assigned,Classify before deletion; no file may disappear without an extraction decision.,pending rewrite; source path existence verified
docs/review/evidence/run3-review-encoding-independent/final-five-cases.txt,review,not yet assigned,Classify before deletion; no file may disappear without an extraction decision.,pending rewrite; source path existence verified
docs/review/evidence/run3-review-encoding-independent/npm-final.txt,review,not yet assigned,Classify before deletion; no file may disappear without an extraction decision.,pending rewrite; source path existence verified
docs/review/evidence/run3-review-encoding-independent/recovery-types-lint-final.txt,review,not yet assigned,Classify before deletion; no file may disappear without an extraction decision.,pending rewrite; source path existence verified
docs/review/evidence/run3-review-encoding-independent/schema-before.txt,review,not yet assigned,Classify before deletion; no file may disappear without an extraction decision.,pending rewrite; source path existence verified
docs/review/evidence/run3-review-encoding/author-moving-checkout.txt,review,not yet assigned,Classify before deletion; no file may disappear without an extraction decision.,pending rewrite; source path existence verified
docs/review/evidence/run3-review-encoding/final-regression-matrix.txt,review,not yet assigned,Classify before deletion; no file may disappear without an extraction decision.,pending rewrite; source path existence verified
docs/review/evidence/run3-review-encoding/frozen-default-suite.txt,review,not yet assigned,Classify before deletion; no file may disappear without an extraction decision.,pending rewrite; source path existence verified
docs/review/evidence/run3-review-encoding/live-sv.txt,review,not yet assigned,Classify before deletion; no file may disappear without an extraction decision.,pending rewrite; source path existence verified
docs/review/evidence/run3-review-encoding/review-checks.txt,review,not yet assigned,Classify before deletion; no file may disappear without an extraction decision.,pending rewrite; source path existence verified
docs/review/evidence/run3-review-encoding/review-final.txt,review,not yet assigned,Classify before deletion; no file may disappear without an extraction decision.,pending rewrite; source path existence verified
docs/review/evidence/run3-review-encoding/strict-roundtrip.txt,review,not yet assigned,Classify before deletion; no file may disappear without an extraction decision.,pending rewrite; source path existence verified
docs/review/evidence/run3-root-adapter-before.txt,review,not yet assigned,Classify before deletion; no file may disappear without an extraction decision.,pending rewrite; source path existence verified
docs/review/evidence/run3-root-attempt-final.txt,review,not yet assigned,Classify before deletion; no file may disappear without an extraction decision.,pending rewrite; source path existence verified
docs/review/evidence/run3-root-baseline.txt,review,not yet assigned,Classify before deletion; no file may disappear without an extraction decision.,pending rewrite; source path existence verified
docs/review/evidence/run3-root-integrated-types.txt,review,not yet assigned,Classify before deletion; no file may disappear without an extraction decision.,pending rewrite; source path existence verified
docs/review/evidence/run3-root-legacy-archive.json,review,not yet assigned,Classify before deletion; no file may disappear without an extraction decision.,pending rewrite; source path existence verified
docs/review/evidence/run3-root-sdk-final.txt,review,not yet assigned,Classify before deletion; no file may disappear without an extraction decision.,pending rewrite; source path existence verified
docs/review/evidence/run3-sdk-author/audit.txt,review,not yet assigned,Classify before deletion; no file may disappear without an extraction decision.,pending rewrite; source path existence verified
docs/review/evidence/run3-sdk-author/checks.txt,review,not yet assigned,Classify before deletion; no file may disappear without an extraction decision.,pending rewrite; source path existence verified
docs/review/evidence/run3-sdk-author/final.txt,review,not yet assigned,Classify before deletion; no file may disappear without an extraction decision.,pending rewrite; source path existence verified
docs/review/evidence/run3-sdk-remaining-consumer-probe.mjs,review,not yet assigned,Classify before deletion; no file may disappear without an extraction decision.,pending rewrite; source path existence verified
docs/review/evidence/run3-sdk-remaining-consumer-probe.txt,review,not yet assigned,Classify before deletion; no file may disappear without an extraction decision.,pending rewrite; source path existence verified
docs/review/evidence/run3-sdk-review/admin-before.txt,review,not yet assigned,Classify before deletion; no file may disappear without an extraction decision.,pending rewrite; source path existence verified
docs/review/evidence/run3-sdk-review/corrected-review-tests.txt,review,not yet assigned,Classify before deletion; no file may disappear without an extraction decision.,pending rewrite; source path existence verified
docs/review/evidence/run3-sdk-review/final-tests.txt,review,not yet assigned,Classify before deletion; no file may disappear without an extraction decision.,pending rewrite; source path existence verified
docs/review/evidence/run3-sdk-review/original-producer.txt,review,not yet assigned,Classify before deletion; no file may disappear without an extraction decision.,pending rewrite; source path existence verified
docs/review/evidence/run3-sdk-review/projections-before.txt,review,not yet assigned,Classify before deletion; no file may disappear without an extraction decision.,pending rewrite; source path existence verified
docs/review/evidence/run3-sdk-review/types-lint-final.txt,review,not yet assigned,Classify before deletion; no file may disappear without an extraction decision.,pending rewrite; source path existence verified
docs/review/evidence/run4-root-review-archive.json,review,not yet assigned,Classify before deletion; no file may disappear without an extraction decision.,pending rewrite; source path existence verified
docs/review/evidence/run4-root-review-checks.txt,review,not yet assigned,Classify before deletion; no file may disappear without an extraction decision.,pending rewrite; source path existence verified
docs/review/evidence/run4-root-review-npm.txt,review,not yet assigned,Classify before deletion; no file may disappear without an extraction decision.,pending rewrite; source path existence verified
docs/review/evidence/run4-root-review-recovery.txt,review,not yet assigned,Classify before deletion; no file may disappear without an extraction decision.,pending rewrite; source path existence verified
docs/review/evidence/run5-adapter-archive.json,review,not yet assigned,Classify before deletion; no file may disappear without an extraction decision.,pending rewrite; source path existence verified
docs/review/evidence/run5-adapter-author-regressions.txt,review,not yet assigned,Classify before deletion; no file may disappear without an extraction decision.,pending rewrite; source path existence verified
docs/review/evidence/run5-adapter-boundary-after.txt,review,not yet assigned,Classify before deletion; no file may disappear without an extraction decision.,pending rewrite; source path existence verified
docs/review/evidence/run5-adapter-boundary-default.txt,review,not yet assigned,Classify before deletion; no file may disappear without an extraction decision.,pending rewrite; source path existence verified
docs/review/evidence/run5-adapter-checkpoint-readback.json,review,not yet assigned,Classify before deletion; no file may disappear without an extraction decision.,pending rewrite; source path existence verified
docs/review/evidence/run5-adapter-cli-after.txt,review,not yet assigned,Classify before deletion; no file may disappear without an extraction decision.,pending rewrite; source path existence verified
docs/review/evidence/run5-adapter-cli-before.txt,review,not yet assigned,Classify before deletion; no file may disappear without an extraction decision.,pending rewrite; source path existence verified
docs/review/evidence/run5-adapter-final-28.txt,review,not yet assigned,Classify before deletion; no file may disappear without an extraction decision.,pending rewrite; source path existence verified
docs/review/evidence/run5-adapter-independent-archive.json,review,not yet assigned,Classify before deletion; no file may disappear without an extraction decision.,pending rewrite; source path existence verified
docs/review/evidence/run5-adapter-independent-boundaries.txt,review,not yet assigned,Classify before deletion; no file may disappear without an extraction decision.,pending rewrite; source path existence verified
docs/review/evidence/run5-adapter-independent-boundary-registered.txt,review,not yet assigned,Classify before deletion; no file may disappear without an extraction decision.,pending rewrite; source path existence verified
docs/review/evidence/run5-adapter-independent-causal-before.txt,review,not yet assigned,Classify before deletion; no file may disappear without an extraction decision.,pending rewrite; source path existence verified
docs/review/evidence/run5-adapter-independent-cli-complete.txt,review,not yet assigned,Classify before deletion; no file may disappear without an extraction decision.,pending rewrite; source path existence verified
docs/review/evidence/run5-adapter-independent-cli-final.txt,review,not yet assigned,Classify before deletion; no file may disappear without an extraction decision.,pending rewrite; source path existence verified
docs/review/evidence/run5-adapter-independent-complete.txt,review,not yet assigned,Classify before deletion; no file may disappear without an extraction decision.,pending rewrite; source path existence verified
docs/review/evidence/run5-adapter-independent-final.txt,review,not yet assigned,Classify before deletion; no file may disappear without an extraction decision.,pending rewrite; source path existence verified
docs/review/evidence/run5-adapter-independent-future-key.txt,review,not yet assigned,Classify before deletion; no file may disappear without an extraction decision.,pending rewrite; source path existence verified
docs/review/evidence/run5-adapter-independent-types-lint.txt,review,not yet assigned,Classify before deletion; no file may disappear without an extraction decision.,pending rewrite; source path existence verified
docs/review/evidence/run5-adapter-legacy-cli-diagnostic.mjs,review,not yet assigned,Classify before deletion; no file may disappear without an extraction decision.,pending rewrite; source path existence verified
docs/review/evidence/run5-adapter-lint.txt,review,not yet assigned,Classify before deletion; no file may disappear without an extraction decision.,pending rewrite; source path existence verified
docs/review/evidence/run5-adapter-original-contracts.txt,review,not yet assigned,Classify before deletion; no file may disappear without an extraction decision.,pending rewrite; source path existence verified
docs/review/evidence/run5-adapter-result-initial.txt,review,not yet assigned,Classify before deletion; no file may disappear without an extraction decision.,pending rewrite; source path existence verified
docs/review/evidence/run5-adapter-types.txt,review,not yet assigned,Classify before deletion; no file may disappear without an extraction decision.,pending rewrite; source path existence verified
docs/review/evidence/run5-adapter-write-boundary-final.txt,review,not yet assigned,Classify before deletion; no file may disappear without an extraction decision.,pending rewrite; source path existence verified
docs/review/evidence/run5-blob-reader-author.txt,review,not yet assigned,Classify before deletion; no file may disappear without an extraction decision.,pending rewrite; source path existence verified
docs/review/evidence/run5-blob-reader-corrected.txt,review,not yet assigned,Classify before deletion; no file may disappear without an extraction decision.,pending rewrite; source path existence verified
docs/review/evidence/run5-blob-reader-frozen.txt,review,not yet assigned,Classify before deletion; no file may disappear without an extraction decision.,pending rewrite; source path existence verified
docs/review/evidence/run5-blob-reader-independent-final.txt,review,not yet assigned,Classify before deletion; no file may disappear without an extraction decision.,pending rewrite; source path existence verified
docs/review/evidence/run5-blob-reader-independent-initial.txt,review,not yet assigned,Classify before deletion; no file may disappear without an extraction decision.,pending rewrite; source path existence verified
docs/review/evidence/run5-coupled-chart.txt,review,not yet assigned,Classify before deletion; no file may disappear without an extraction decision.,pending rewrite; source path existence verified
docs/review/evidence/run5-coupled-controller.txt,review,not yet assigned,Classify before deletion; no file may disappear without an extraction decision.,pending rewrite; source path existence verified
docs/review/evidence/run5-coupled-native.txt,review,not yet assigned,Classify before deletion; no file may disappear without an extraction decision.,pending rewrite; source path existence verified
docs/review/evidence/run5-coupled-native/cleanup.json,review,not yet assigned,Classify before deletion; no file may disappear without an extraction decision.,pending rewrite; source path existence verified
docs/review/evidence/run5-coupled-native/crd-install.json,review,not yet assigned,Classify before deletion; no file may disappear without an extraction decision.,pending rewrite; source path existence verified
docs/review/evidence/run5-coupled-native/established.txt,review,not yet assigned,Classify before deletion; no file may disappear without an extraction decision.,pending rewrite; source path existence verified
docs/review/evidence/run5-coupled-native/etcd.log,review,not yet assigned,Classify before deletion; no file may disappear without an extraction decision.,pending rewrite; source path existence verified
docs/review/evidence/run5-coupled-native/kube-apiserver.log,review,not yet assigned,Classify before deletion; no file may disappear without an extraction decision.,pending rewrite; source path existence verified
docs/review/evidence/run5-coupled-native/native-alternate-a-original-controller.yaml,review,not yet assigned,Classify before deletion; no file may disappear without an extraction decision.,pending rewrite; source path existence verified
docs/review/evidence/run5-coupled-native/native-alternate-a-original-fence.yaml,review,not yet assigned,Classify before deletion; no file may disappear without an extraction decision.,pending rewrite; source path existence verified
docs/review/evidence/run5-coupled-native/native-alternate-b-original-controller.yaml,review,not yet assigned,Classify before deletion; no file may disappear without an extraction decision.,pending rewrite; source path existence verified
docs/review/evidence/run5-coupled-native/native-alternate-b-original-fence.yaml,review,not yet assigned,Classify before deletion; no file may disappear without an extraction decision.,pending rewrite; source path existence verified
docs/review/evidence/run5-coupled-native/native-controller.txt,review,not yet assigned,Classify before deletion; no file may disappear without an extraction decision.,pending rewrite; source path existence verified
docs/review/evidence/run5-coupled-native/native-fence-matrix.json,review,not yet assigned,Classify before deletion; no file may disappear without an extraction decision.,pending rewrite; source path existence verified
docs/review/evidence/run5-coupled-native/native-status-matrix.json,review,not yet assigned,Classify before deletion; no file may disappear without an extraction decision.,pending rewrite; source path existence verified
docs/review/evidence/run5-coupled-native/original-rendered-crd.yaml,review,not yet assigned,Classify before deletion; no file may disappear without an extraction decision.,pending rewrite; source path existence verified
docs/review/evidence/run5-coupled-native/readiness.json,review,not yet assigned,Classify before deletion; no file may disappear without an extraction decision.,pending rewrite; source path existence verified
docs/review/evidence/run5-coupled-native/source.json,review,not yet assigned,Classify before deletion; no file may disappear without an extraction decision.,pending rewrite; source path existence verified
docs/review/evidence/run5-coupled-native/versions.txt,review,not yet assigned,Classify before deletion; no file may disappear without an extraction decision.,pending rewrite; source path existence verified
docs/review/evidence/run5-coupled-product.txt,review,not yet assigned,Classify before deletion; no file may disappear without an extraction decision.,pending rewrite; source path existence verified
docs/review/evidence/run5-coupled-source-manifest.json,review,not yet assigned,Classify before deletion; no file may disappear without an extraction decision.,pending rewrite; source path existence verified
docs/review/evidence/run5-coupled-static.json,review,not yet assigned,Classify before deletion; no file may disappear without an extraction decision.,pending rewrite; source path existence verified
docs/review/evidence/run5-coupled-types.txt,review,not yet assigned,Classify before deletion; no file may disappear without an extraction decision.,pending rewrite; source path existence verified
docs/review/evidence/run5-dispatch-independent-fences.txt,review,not yet assigned,Classify before deletion; no file may disappear without an extraction decision.,pending rewrite; source path existence verified
docs/review/evidence/run5-dispatch-independent-ownership-before.txt,review,not yet assigned,Classify before deletion; no file may disappear without an extraction decision.,pending rewrite; source path existence verified
docs/review/evidence/run5-native-bounds/cleanup.json,review,not yet assigned,Classify before deletion; no file may disappear without an extraction decision.,pending rewrite; source path existence verified
docs/review/evidence/run5-native-bounds/crd-install.json,review,not yet assigned,Classify before deletion; no file may disappear without an extraction decision.,pending rewrite; source path existence verified
docs/review/evidence/run5-native-bounds/established.txt,review,not yet assigned,Classify before deletion; no file may disappear without an extraction decision.,pending rewrite; source path existence verified
docs/review/evidence/run5-native-bounds/etcd.log,review,not yet assigned,Classify before deletion; no file may disappear without an extraction decision.,pending rewrite; source path existence verified
docs/review/evidence/run5-native-bounds/kube-apiserver.log,review,not yet assigned,Classify before deletion; no file may disappear without an extraction decision.,pending rewrite; source path existence verified
docs/review/evidence/run5-native-bounds/native-alternate-a-original-controller.yaml,review,not yet assigned,Classify before deletion; no file may disappear without an extraction decision.,pending rewrite; source path existence verified
docs/review/evidence/run5-native-bounds/native-alternate-a-original-fence.yaml,review,not yet assigned,Classify before deletion; no file may disappear without an extraction decision.,pending rewrite; source path existence verified
docs/review/evidence/run5-native-bounds/native-alternate-b-original-controller.yaml,review,not yet assigned,Classify before deletion; no file may disappear without an extraction decision.,pending rewrite; source path existence verified
docs/review/evidence/run5-native-bounds/native-alternate-b-original-fence.yaml,review,not yet assigned,Classify before deletion; no file may disappear without an extraction decision.,pending rewrite; source path existence verified
docs/review/evidence/run5-native-bounds/native-fence-matrix.json,review,not yet assigned,Classify before deletion; no file may disappear without an extraction decision.,pending rewrite; source path existence verified
docs/review/evidence/run5-native-bounds/native-status-matrix.json,review,not yet assigned,Classify before deletion; no file may disappear without an extraction decision.,pending rewrite; source path existence verified
docs/review/evidence/run5-native-bounds/original-rendered-crd.yaml,review,not yet assigned,Classify before deletion; no file may disappear without an extraction decision.,pending rewrite; source path existence verified
docs/review/evidence/run5-native-bounds/readiness.json,review,not yet assigned,Classify before deletion; no file may disappear without an extraction decision.,pending rewrite; source path existence verified
docs/review/evidence/run5-native-bounds/source.json,review,not yet assigned,Classify before deletion; no file may disappear without an extraction decision.,pending rewrite; source path existence verified
docs/review/evidence/run5-native-bounds/versions.txt,review,not yet assigned,Classify before deletion; no file may disappear without an extraction decision.,pending rewrite; source path existence verified
docs/review/evidence/run5-native-controller-2/cleanup.json,review,not yet assigned,Classify before deletion; no file may disappear without an extraction decision.,pending rewrite; source path existence verified
docs/review/evidence/run5-native-controller-2/crd-install.json,review,not yet assigned,Classify before deletion; no file may disappear without an extraction decision.,pending rewrite; source path existence verified
docs/review/evidence/run5-native-controller-2/established.txt,review,not yet assigned,Classify before deletion; no file may disappear without an extraction decision.,pending rewrite; source path existence verified
docs/review/evidence/run5-native-controller-2/etcd.log,review,not yet assigned,Classify before deletion; no file may disappear without an extraction decision.,pending rewrite; source path existence verified
docs/review/evidence/run5-native-controller-2/kube-apiserver.log,review,not yet assigned,Classify before deletion; no file may disappear without an extraction decision.,pending rewrite; source path existence verified
docs/review/evidence/run5-native-controller-2/native-alternate-a-original-controller.yaml,review,not yet assigned,Classify before deletion; no file may disappear without an extraction decision.,pending rewrite; source path existence verified
docs/review/evidence/run5-native-controller-2/native-alternate-a-original-fence.yaml,review,not yet assigned,Classify before deletion; no file may disappear without an extraction decision.,pending rewrite; source path existence verified
docs/review/evidence/run5-native-controller-2/native-alternate-b-original-controller.yaml,review,not yet assigned,Classify before deletion; no file may disappear without an extraction decision.,pending rewrite; source path existence verified
docs/review/evidence/run5-native-controller-2/native-alternate-b-original-fence.yaml,review,not yet assigned,Classify before deletion; no file may disappear without an extraction decision.,pending rewrite; source path existence verified
docs/review/evidence/run5-native-controller-2/native-controller.txt,review,not yet assigned,Classify before deletion; no file may disappear without an extraction decision.,pending rewrite; source path existence verified
docs/review/evidence/run5-native-controller-2/native-fence-matrix.json,review,not yet assigned,Classify before deletion; no file may disappear without an extraction decision.,pending rewrite; source path existence verified
docs/review/evidence/run5-native-controller-2/native-status-matrix.json,review,not yet assigned,Classify before deletion; no file may disappear without an extraction decision.,pending rewrite; source path existence verified
docs/review/evidence/run5-native-controller-2/original-rendered-crd.yaml,review,not yet assigned,Classify before deletion; no file may disappear without an extraction decision.,pending rewrite; source path existence verified
docs/review/evidence/run5-native-controller-2/readiness.json,review,not yet assigned,Classify before deletion; no file may disappear without an extraction decision.,pending rewrite; source path existence verified
docs/review/evidence/run5-native-controller-2/source.json,review,not yet assigned,Classify before deletion; no file may disappear without an extraction decision.,pending rewrite; source path existence verified
docs/review/evidence/run5-native-controller-2/versions.txt,review,not yet assigned,Classify before deletion; no file may disappear without an extraction decision.,pending rewrite; source path existence verified
docs/review/evidence/run5-native-controller-final/cleanup.json,review,not yet assigned,Classify before deletion; no file may disappear without an extraction decision.,pending rewrite; source path existence verified
docs/review/evidence/run5-native-controller-final/crd-install.json,review,not yet assigned,Classify before deletion; no file may disappear without an extraction decision.,pending rewrite; source path existence verified
docs/review/evidence/run5-native-controller-final/established.txt,review,not yet assigned,Classify before deletion; no file may disappear without an extraction decision.,pending rewrite; source path existence verified
docs/review/evidence/run5-native-controller-final/etcd.log,review,not yet assigned,Classify before deletion; no file may disappear without an extraction decision.,pending rewrite; source path existence verified
docs/review/evidence/run5-native-controller-final/kube-apiserver.log,review,not yet assigned,Classify before deletion; no file may disappear without an extraction decision.,pending rewrite; source path existence verified
docs/review/evidence/run5-native-controller-final/native-alternate-a-original-controller.yaml,review,not yet assigned,Classify before deletion; no file may disappear without an extraction decision.,pending rewrite; source path existence verified
docs/review/evidence/run5-native-controller-final/native-alternate-a-original-fence.yaml,review,not yet assigned,Classify before deletion; no file may disappear without an extraction decision.,pending rewrite; source path existence verified
docs/review/evidence/run5-native-controller-final/native-alternate-b-original-controller.yaml,review,not yet assigned,Classify before deletion; no file may disappear without an extraction decision.,pending rewrite; source path existence verified
docs/review/evidence/run5-native-controller-final/native-alternate-b-original-fence.yaml,review,not yet assigned,Classify before deletion; no file may disappear without an extraction decision.,pending rewrite; source path existence verified
docs/review/evidence/run5-native-controller-final/native-controller.txt,review,not yet assigned,Classify before deletion; no file may disappear without an extraction decision.,pending rewrite; source path existence verified
docs/review/evidence/run5-native-controller-final/native-fence-matrix.json,review,not yet assigned,Classify before deletion; no file may disappear without an extraction decision.,pending rewrite; source path existence verified
docs/review/evidence/run5-native-controller-final/native-status-matrix.json,review,not yet assigned,Classify before deletion; no file may disappear without an extraction decision.,pending rewrite; source path existence verified
docs/review/evidence/run5-native-controller-final/original-rendered-crd.yaml,review,not yet assigned,Classify before deletion; no file may disappear without an extraction decision.,pending rewrite; source path existence verified
docs/review/evidence/run5-native-controller-final/readiness.json,review,not yet assigned,Classify before deletion; no file may disappear without an extraction decision.,pending rewrite; source path existence verified
docs/review/evidence/run5-native-controller-final/source.json,review,not yet assigned,Classify before deletion; no file may disappear without an extraction decision.,pending rewrite; source path existence verified
docs/review/evidence/run5-native-controller-final/versions.txt,review,not yet assigned,Classify before deletion; no file may disappear without an extraction decision.,pending rewrite; source path existence verified
docs/review/evidence/run5-native-controller/cleanup.json,review,not yet assigned,Classify before deletion; no file may disappear without an extraction decision.,pending rewrite; source path existence verified
docs/review/evidence/run5-native-controller/crd-install.json,review,not yet assigned,Classify before deletion; no file may disappear without an extraction decision.,pending rewrite; source path existence verified
docs/review/evidence/run5-native-controller/established.txt,review,not yet assigned,Classify before deletion; no file may disappear without an extraction decision.,pending rewrite; source path existence verified
docs/review/evidence/run5-native-controller/etcd.log,review,not yet assigned,Classify before deletion; no file may disappear without an extraction decision.,pending rewrite; source path existence verified
docs/review/evidence/run5-native-controller/kube-apiserver.log,review,not yet assigned,Classify before deletion; no file may disappear without an extraction decision.,pending rewrite; source path existence verified
docs/review/evidence/run5-native-controller/native-alternate-a-original-controller.yaml,review,not yet assigned,Classify before deletion; no file may disappear without an extraction decision.,pending rewrite; source path existence verified
docs/review/evidence/run5-native-controller/native-alternate-a-original-fence.yaml,review,not yet assigned,Classify before deletion; no file may disappear without an extraction decision.,pending rewrite; source path existence verified
docs/review/evidence/run5-native-controller/native-alternate-b-original-controller.yaml,review,not yet assigned,Classify before deletion; no file may disappear without an extraction decision.,pending rewrite; source path existence verified
docs/review/evidence/run5-native-controller/native-alternate-b-original-fence.yaml,review,not yet assigned,Classify before deletion; no file may disappear without an extraction decision.,pending rewrite; source path existence verified
docs/review/evidence/run5-native-controller/native-controller.txt,review,not yet assigned,Classify before deletion; no file may disappear without an extraction decision.,pending rewrite; source path existence verified
docs/review/evidence/run5-native-controller/native-fence-matrix.json,review,not yet assigned,Classify before deletion; no file may disappear without an extraction decision.,pending rewrite; source path existence verified
docs/review/evidence/run5-native-controller/native-status-matrix.json,review,not yet assigned,Classify before deletion; no file may disappear without an extraction decision.,pending rewrite; source path existence verified
docs/review/evidence/run5-native-controller/original-rendered-crd.yaml,review,not yet assigned,Classify before deletion; no file may disappear without an extraction decision.,pending rewrite; source path existence verified
docs/review/evidence/run5-native-controller/readiness.json,review,not yet assigned,Classify before deletion; no file may disappear without an extraction decision.,pending rewrite; source path existence verified
docs/review/evidence/run5-native-controller/source.json,review,not yet assigned,Classify before deletion; no file may disappear without an extraction decision.,pending rewrite; source path existence verified
docs/review/evidence/run5-native-controller/versions.txt,review,not yet assigned,Classify before deletion; no file may disappear without an extraction decision.,pending rewrite; source path existence verified
docs/review/evidence/run5-native-expiry-before/cleanup.json,review,not yet assigned,Classify before deletion; no file may disappear without an extraction decision.,pending rewrite; source path existence verified
docs/review/evidence/run5-native-expiry-before/crd-install.json,review,not yet assigned,Classify before deletion; no file may disappear without an extraction decision.,pending rewrite; source path existence verified
docs/review/evidence/run5-native-expiry-before/established.txt,review,not yet assigned,Classify before deletion; no file may disappear without an extraction decision.,pending rewrite; source path existence verified
docs/review/evidence/run5-native-expiry-before/etcd.log,review,not yet assigned,Classify before deletion; no file may disappear without an extraction decision.,pending rewrite; source path existence verified
docs/review/evidence/run5-native-expiry-before/kube-apiserver.log,review,not yet assigned,Classify before deletion; no file may disappear without an extraction decision.,pending rewrite; source path existence verified
docs/review/evidence/run5-native-expiry-before/native-alternate-a-original-controller.yaml,review,not yet assigned,Classify before deletion; no file may disappear without an extraction decision.,pending rewrite; source path existence verified
docs/review/evidence/run5-native-expiry-before/native-alternate-a-original-fence.yaml,review,not yet assigned,Classify before deletion; no file may disappear without an extraction decision.,pending rewrite; source path existence verified
docs/review/evidence/run5-native-expiry-before/native-alternate-b-original-controller.yaml,review,not yet assigned,Classify before deletion; no file may disappear without an extraction decision.,pending rewrite; source path existence verified
docs/review/evidence/run5-native-expiry-before/native-alternate-b-original-fence.yaml,review,not yet assigned,Classify before deletion; no file may disappear without an extraction decision.,pending rewrite; source path existence verified
docs/review/evidence/run5-native-expiry-before/native-controller.txt,review,not yet assigned,Classify before deletion; no file may disappear without an extraction decision.,pending rewrite; source path existence verified
docs/review/evidence/run5-native-expiry-before/native-fence-matrix.json,review,not yet assigned,Classify before deletion; no file may disappear without an extraction decision.,pending rewrite; source path existence verified
docs/review/evidence/run5-native-expiry-before/native-status-matrix.json,review,not yet assigned,Classify before deletion; no file may disappear without an extraction decision.,pending rewrite; source path existence verified
docs/review/evidence/run5-native-expiry-before/original-rendered-crd.yaml,review,not yet assigned,Classify before deletion; no file may disappear without an extraction decision.,pending rewrite; source path existence verified
docs/review/evidence/run5-native-expiry-before/readiness.json,review,not yet assigned,Classify before deletion; no file may disappear without an extraction decision.,pending rewrite; source path existence verified
docs/review/evidence/run5-native-expiry-before/source.json,review,not yet assigned,Classify before deletion; no file may disappear without an extraction decision.,pending rewrite; source path existence verified
docs/review/evidence/run5-native-expiry-before/versions.txt,review,not yet assigned,Classify before deletion; no file may disappear without an extraction decision.,pending rewrite; source path existence verified
docs/review/evidence/run5-native-matrix-2/cleanup.json,review,not yet assigned,Classify before deletion; no file may disappear without an extraction decision.,pending rewrite; source path existence verified
docs/review/evidence/run5-native-matrix-2/crd-install.json,review,not yet assigned,Classify before deletion; no file may disappear without an extraction decision.,pending rewrite; source path existence verified
docs/review/evidence/run5-native-matrix-2/established.txt,review,not yet assigned,Classify before deletion; no file may disappear without an extraction decision.,pending rewrite; source path existence verified
docs/review/evidence/run5-native-matrix-2/etcd.log,review,not yet assigned,Classify before deletion; no file may disappear without an extraction decision.,pending rewrite; source path existence verified
docs/review/evidence/run5-native-matrix-2/kube-apiserver.log,review,not yet assigned,Classify before deletion; no file may disappear without an extraction decision.,pending rewrite; source path existence verified
docs/review/evidence/run5-native-matrix-2/native-alternate-a-original-controller.yaml,review,not yet assigned,Classify before deletion; no file may disappear without an extraction decision.,pending rewrite; source path existence verified
docs/review/evidence/run5-native-matrix-2/native-alternate-a-original-fence.yaml,review,not yet assigned,Classify before deletion; no file may disappear without an extraction decision.,pending rewrite; source path existence verified
docs/review/evidence/run5-native-matrix-2/native-fence-matrix.json,review,not yet assigned,Classify before deletion; no file may disappear without an extraction decision.,pending rewrite; source path existence verified
docs/review/evidence/run5-native-matrix-2/original-rendered-crd.yaml,review,not yet assigned,Classify before deletion; no file may disappear without an extraction decision.,pending rewrite; source path existence verified
docs/review/evidence/run5-native-matrix-2/readiness.json,review,not yet assigned,Classify before deletion; no file may disappear without an extraction decision.,pending rewrite; source path existence verified
docs/review/evidence/run5-native-matrix-2/source.json,review,not yet assigned,Classify before deletion; no file may disappear without an extraction decision.,pending rewrite; source path existence verified
docs/review/evidence/run5-native-matrix-2/versions.txt,review,not yet assigned,Classify before deletion; no file may disappear without an extraction decision.,pending rewrite; source path existence verified
docs/review/evidence/run5-native-matrix-3/cleanup.json,review,not yet assigned,Classify before deletion; no file may disappear without an extraction decision.,pending rewrite; source path existence verified
docs/review/evidence/run5-native-matrix-3/crd-install.json,review,not yet assigned,Classify before deletion; no file may disappear without an extraction decision.,pending rewrite; source path existence verified
docs/review/evidence/run5-native-matrix-3/established.txt,review,not yet assigned,Classify before deletion; no file may disappear without an extraction decision.,pending rewrite; source path existence verified
docs/review/evidence/run5-native-matrix-3/etcd.log,review,not yet assigned,Classify before deletion; no file may disappear without an extraction decision.,pending rewrite; source path existence verified
docs/review/evidence/run5-native-matrix-3/kube-apiserver.log,review,not yet assigned,Classify before deletion; no file may disappear without an extraction decision.,pending rewrite; source path existence verified
docs/review/evidence/run5-native-matrix-3/native-alternate-a-original-controller.yaml,review,not yet assigned,Classify before deletion; no file may disappear without an extraction decision.,pending rewrite; source path existence verified
docs/review/evidence/run5-native-matrix-3/native-alternate-a-original-fence.yaml,review,not yet assigned,Classify before deletion; no file may disappear without an extraction decision.,pending rewrite; source path existence verified
docs/review/evidence/run5-native-matrix-3/native-fence-matrix.json,review,not yet assigned,Classify before deletion; no file may disappear without an extraction decision.,pending rewrite; source path existence verified
docs/review/evidence/run5-native-matrix-3/original-rendered-crd.yaml,review,not yet assigned,Classify before deletion; no file may disappear without an extraction decision.,pending rewrite; source path existence verified
docs/review/evidence/run5-native-matrix-3/readiness.json,review,not yet assigned,Classify before deletion; no file may disappear without an extraction decision.,pending rewrite; source path existence verified
docs/review/evidence/run5-native-matrix-3/source.json,review,not yet assigned,Classify before deletion; no file may disappear without an extraction decision.,pending rewrite; source path existence verified
docs/review/evidence/run5-native-matrix-3/versions.txt,review,not yet assigned,Classify before deletion; no file may disappear without an extraction decision.,pending rewrite; source path existence verified
docs/review/evidence/run5-native-matrix-4/cleanup.json,review,not yet assigned,Classify before deletion; no file may disappear without an extraction decision.,pending rewrite; source path existence verified
docs/review/evidence/run5-native-matrix-4/crd-install.json,review,not yet assigned,Classify before deletion; no file may disappear without an extraction decision.,pending rewrite; source path existence verified
docs/review/evidence/run5-native-matrix-4/established.txt,review,not yet assigned,Classify before deletion; no file may disappear without an extraction decision.,pending rewrite; source path existence verified
docs/review/evidence/run5-native-matrix-4/etcd.log,review,not yet assigned,Classify before deletion; no file may disappear without an extraction decision.,pending rewrite; source path existence verified
docs/review/evidence/run5-native-matrix-4/kube-apiserver.log,review,not yet assigned,Classify before deletion; no file may disappear without an extraction decision.,pending rewrite; source path existence verified
docs/review/evidence/run5-native-matrix-4/native-alternate-a-original-controller.yaml,review,not yet assigned,Classify before deletion; no file may disappear without an extraction decision.,pending rewrite; source path existence verified
docs/review/evidence/run5-native-matrix-4/native-alternate-a-original-fence.yaml,review,not yet assigned,Classify before deletion; no file may disappear without an extraction decision.,pending rewrite; source path existence verified
docs/review/evidence/run5-native-matrix-4/native-alternate-b-original-controller.yaml,review,not yet assigned,Classify before deletion; no file may disappear without an extraction decision.,pending rewrite; source path existence verified
docs/review/evidence/run5-native-matrix-4/native-alternate-b-original-fence.yaml,review,not yet assigned,Classify before deletion; no file may disappear without an extraction decision.,pending rewrite; source path existence verified
docs/review/evidence/run5-native-matrix-4/native-fence-matrix.json,review,not yet assigned,Classify before deletion; no file may disappear without an extraction decision.,pending rewrite; source path existence verified
docs/review/evidence/run5-native-matrix-4/native-status-matrix.json,review,not yet assigned,Classify before deletion; no file may disappear without an extraction decision.,pending rewrite; source path existence verified
docs/review/evidence/run5-native-matrix-4/original-rendered-crd.yaml,review,not yet assigned,Classify before deletion; no file may disappear without an extraction decision.,pending rewrite; source path existence verified
docs/review/evidence/run5-native-matrix-4/readiness.json,review,not yet assigned,Classify before deletion; no file may disappear without an extraction decision.,pending rewrite; source path existence verified
docs/review/evidence/run5-native-matrix-4/source.json,review,not yet assigned,Classify before deletion; no file may disappear without an extraction decision.,pending rewrite; source path existence verified
docs/review/evidence/run5-native-matrix-4/versions.txt,review,not yet assigned,Classify before deletion; no file may disappear without an extraction decision.,pending rewrite; source path existence verified
docs/review/evidence/run5-native-matrix/cleanup.json,review,not yet assigned,Classify before deletion; no file may disappear without an extraction decision.,pending rewrite; source path existence verified
docs/review/evidence/run5-native-matrix/crd-install.json,review,not yet assigned,Classify before deletion; no file may disappear without an extraction decision.,pending rewrite; source path existence verified
docs/review/evidence/run5-native-matrix/established.txt,review,not yet assigned,Classify before deletion; no file may disappear without an extraction decision.,pending rewrite; source path existence verified
docs/review/evidence/run5-native-matrix/etcd.log,review,not yet assigned,Classify before deletion; no file may disappear without an extraction decision.,pending rewrite; source path existence verified
docs/review/evidence/run5-native-matrix/kube-apiserver.log,review,not yet assigned,Classify before deletion; no file may disappear without an extraction decision.,pending rewrite; source path existence verified
docs/review/evidence/run5-native-matrix/native-alternate-a-original-controller.yaml,review,not yet assigned,Classify before deletion; no file may disappear without an extraction decision.,pending rewrite; source path existence verified
docs/review/evidence/run5-native-matrix/native-alternate-a-original-fence.yaml,review,not yet assigned,Classify before deletion; no file may disappear without an extraction decision.,pending rewrite; source path existence verified
docs/review/evidence/run5-native-matrix/native-fence-matrix.json,review,not yet assigned,Classify before deletion; no file may disappear without an extraction decision.,pending rewrite; source path existence verified
docs/review/evidence/run5-native-matrix/original-rendered-crd.yaml,review,not yet assigned,Classify before deletion; no file may disappear without an extraction decision.,pending rewrite; source path existence verified
docs/review/evidence/run5-native-matrix/readiness.json,review,not yet assigned,Classify before deletion; no file may disappear without an extraction decision.,pending rewrite; source path existence verified
docs/review/evidence/run5-native-matrix/source.json,review,not yet assigned,Classify before deletion; no file may disappear without an extraction decision.,pending rewrite; source path existence verified
docs/review/evidence/run5-native-matrix/versions.txt,review,not yet assigned,Classify before deletion; no file may disappear without an extraction decision.,pending rewrite; source path existence verified
docs/review/evidence/run5-native-reviewed-final/cleanup.json,review,not yet assigned,Classify before deletion; no file may disappear without an extraction decision.,pending rewrite; source path existence verified
docs/review/evidence/run5-native-reviewed-final/crd-install.json,review,not yet assigned,Classify before deletion; no file may disappear without an extraction decision.,pending rewrite; source path existence verified
docs/review/evidence/run5-native-reviewed-final/established.txt,review,not yet assigned,Classify before deletion; no file may disappear without an extraction decision.,pending rewrite; source path existence verified
docs/review/evidence/run5-native-reviewed-final/etcd.log,review,not yet assigned,Classify before deletion; no file may disappear without an extraction decision.,pending rewrite; source path existence verified
docs/review/evidence/run5-native-reviewed-final/kube-apiserver.log,review,not yet assigned,Classify before deletion; no file may disappear without an extraction decision.,pending rewrite; source path existence verified
docs/review/evidence/run5-native-reviewed-final/native-alternate-a-original-controller.yaml,review,not yet assigned,Classify before deletion; no file may disappear without an extraction decision.,pending rewrite; source path existence verified
docs/review/evidence/run5-native-reviewed-final/native-alternate-a-original-fence.yaml,review,not yet assigned,Classify before deletion; no file may disappear without an extraction decision.,pending rewrite; source path existence verified
docs/review/evidence/run5-native-reviewed-final/native-alternate-b-original-controller.yaml,review,not yet assigned,Classify before deletion; no file may disappear without an extraction decision.,pending rewrite; source path existence verified
docs/review/evidence/run5-native-reviewed-final/native-alternate-b-original-fence.yaml,review,not yet assigned,Classify before deletion; no file may disappear without an extraction decision.,pending rewrite; source path existence verified
docs/review/evidence/run5-native-reviewed-final/native-controller.txt,review,not yet assigned,Classify before deletion; no file may disappear without an extraction decision.,pending rewrite; source path existence verified
docs/review/evidence/run5-native-reviewed-final/native-fence-matrix.json,review,not yet assigned,Classify before deletion; no file may disappear without an extraction decision.,pending rewrite; source path existence verified
docs/review/evidence/run5-native-reviewed-final/native-status-matrix.json,review,not yet assigned,Classify before deletion; no file may disappear without an extraction decision.,pending rewrite; source path existence verified
docs/review/evidence/run5-native-reviewed-final/original-rendered-crd.yaml,review,not yet assigned,Classify before deletion; no file may disappear without an extraction decision.,pending rewrite; source path existence verified
docs/review/evidence/run5-native-reviewed-final/readiness.json,review,not yet assigned,Classify before deletion; no file may disappear without an extraction decision.,pending rewrite; source path existence verified
docs/review/evidence/run5-native-reviewed-final/source.json,review,not yet assigned,Classify before deletion; no file may disappear without an extraction decision.,pending rewrite; source path existence verified
docs/review/evidence/run5-native-reviewed-final/versions.txt,review,not yet assigned,Classify before deletion; no file may disappear without an extraction decision.,pending rewrite; source path existence verified
docs/review/evidence/run5-nova-dispatch-initial.txt,review,not yet assigned,Classify before deletion; no file may disappear without an extraction decision.,pending rewrite; source path existence verified
docs/review/evidence/run5-publisher-review-rerun.txt,review,not yet assigned,Classify before deletion; no file may disappear without an extraction decision.,pending rewrite; source path existence verified
docs/review/evidence/run5-root-blob-limit-before.txt,review,not yet assigned,Classify before deletion; no file may disappear without an extraction decision.,pending rewrite; source path existence verified
docs/review/evidence/run5-root-blob-reader-final.txt,review,not yet assigned,Classify before deletion; no file may disappear without an extraction decision.,pending rewrite; source path existence verified
docs/review/evidence/run5-root-historical-cli.txt,review,not yet assigned,Classify before deletion; no file may disappear without an extraction decision.,pending rewrite; source path existence verified
docs/review/evidence/run6-coupled-independent-chart.txt,review,not yet assigned,Classify before deletion; no file may disappear without an extraction decision.,pending rewrite; source path existence verified
docs/review/evidence/run6-coupled-independent-dependencies.json,review,not yet assigned,Classify before deletion; no file may disappear without an extraction decision.,pending rewrite; source path existence verified
docs/review/evidence/run6-coupled-independent-go.txt,review,not yet assigned,Classify before deletion; no file may disappear without an extraction decision.,pending rewrite; source path existence verified
docs/review/evidence/run6-coupled-independent-install-enospc.txt,review,not yet assigned,Classify before deletion; no file may disappear without an extraction decision.,pending rewrite; source path existence verified
docs/review/evidence/run6-coupled-independent-install-initial.txt,review,not yet assigned,Classify before deletion; no file may disappear without an extraction decision.,pending rewrite; source path existence verified
docs/review/evidence/run6-coupled-independent-native.txt,review,not yet assigned,Classify before deletion; no file may disappear without an extraction decision.,pending rewrite; source path existence verified
docs/review/evidence/run6-coupled-independent-native/cleanup.json,review,not yet assigned,Classify before deletion; no file may disappear without an extraction decision.,pending rewrite; source path existence verified
docs/review/evidence/run6-coupled-independent-native/crd-install.json,review,not yet assigned,Classify before deletion; no file may disappear without an extraction decision.,pending rewrite; source path existence verified
docs/review/evidence/run6-coupled-independent-native/established.txt,review,not yet assigned,Classify before deletion; no file may disappear without an extraction decision.,pending rewrite; source path existence verified
docs/review/evidence/run6-coupled-independent-native/etcd.log,review,not yet assigned,Classify before deletion; no file may disappear without an extraction decision.,pending rewrite; source path existence verified
docs/review/evidence/run6-coupled-independent-native/kube-apiserver.log,review,not yet assigned,Classify before deletion; no file may disappear without an extraction decision.,pending rewrite; source path existence verified
docs/review/evidence/run6-coupled-independent-native/native-alternate-a-original-controller.yaml,review,not yet assigned,Classify before deletion; no file may disappear without an extraction decision.,pending rewrite; source path existence verified
docs/review/evidence/run6-coupled-independent-native/native-alternate-a-original-fence.yaml,review,not yet assigned,Classify before deletion; no file may disappear without an extraction decision.,pending rewrite; source path existence verified
docs/review/evidence/run6-coupled-independent-native/native-alternate-b-original-controller.yaml,review,not yet assigned,Classify before deletion; no file may disappear without an extraction decision.,pending rewrite; source path existence verified
docs/review/evidence/run6-coupled-independent-native/native-alternate-b-original-fence.yaml,review,not yet assigned,Classify before deletion; no file may disappear without an extraction decision.,pending rewrite; source path existence verified
docs/review/evidence/run6-coupled-independent-native/native-controller.txt,review,not yet assigned,Classify before deletion; no file may disappear without an extraction decision.,pending rewrite; source path existence verified
docs/review/evidence/run6-coupled-independent-native/native-fence-matrix.json,review,not yet assigned,Classify before deletion; no file may disappear without an extraction decision.,pending rewrite; source path existence verified
docs/review/evidence/run6-coupled-independent-native/native-status-matrix.json,review,not yet assigned,Classify before deletion; no file may disappear without an extraction decision.,pending rewrite; source path existence verified
docs/review/evidence/run6-coupled-independent-native/original-rendered-crd.yaml,review,not yet assigned,Classify before deletion; no file may disappear without an extraction decision.,pending rewrite; source path existence verified
docs/review/evidence/run6-coupled-independent-native/readiness.json,review,not yet assigned,Classify before deletion; no file may disappear without an extraction decision.,pending rewrite; source path existence verified
docs/review/evidence/run6-coupled-independent-native/source.json,review,not yet assigned,Classify before deletion; no file may disappear without an extraction decision.,pending rewrite; source path existence verified
docs/review/evidence/run6-coupled-independent-native/versions.txt,review,not yet assigned,Classify before deletion; no file may disappear without an extraction decision.,pending rewrite; source path existence verified
docs/review/evidence/run6-coupled-independent-product.txt,review,not yet assigned,Classify before deletion; no file may disappear without an extraction decision.,pending rewrite; source path existence verified
docs/review/evidence/run6-coupled-independent-provenance.json,review,not yet assigned,Classify before deletion; no file may disappear without an extraction decision.,pending rewrite; source path existence verified
docs/review/evidence/run6-coupled-independent-reader.txt,review,not yet assigned,Classify before deletion; no file may disappear without an extraction decision.,pending rewrite; source path existence verified
docs/review/evidence/run6-coupled-independent-types.txt,review,not yet assigned,Classify before deletion; no file may disappear without an extraction decision.,pending rewrite; source path existence verified
docs/review/evidence/run6-coupled-native/cleanup.json,review,not yet assigned,Classify before deletion; no file may disappear without an extraction decision.,pending rewrite; source path existence verified
docs/review/evidence/run6-coupled-native/crd-install.json,review,not yet assigned,Classify before deletion; no file may disappear without an extraction decision.,pending rewrite; source path existence verified
docs/review/evidence/run6-coupled-native/established.txt,review,not yet assigned,Classify before deletion; no file may disappear without an extraction decision.,pending rewrite; source path existence verified
docs/review/evidence/run6-coupled-native/etcd.log,review,not yet assigned,Classify before deletion; no file may disappear without an extraction decision.,pending rewrite; source path existence verified
docs/review/evidence/run6-coupled-native/kube-apiserver.log,review,not yet assigned,Classify before deletion; no file may disappear without an extraction decision.,pending rewrite; source path existence verified
docs/review/evidence/run6-coupled-native/native-alternate-a-original-controller.yaml,review,not yet assigned,Classify before deletion; no file may disappear without an extraction decision.,pending rewrite; source path existence verified
docs/review/evidence/run6-coupled-native/native-alternate-a-original-fence.yaml,review,not yet assigned,Classify before deletion; no file may disappear without an extraction decision.,pending rewrite; source path existence verified
docs/review/evidence/run6-coupled-native/native-alternate-b-original-controller.yaml,review,not yet assigned,Classify before deletion; no file may disappear without an extraction decision.,pending rewrite; source path existence verified
docs/review/evidence/run6-coupled-native/native-alternate-b-original-fence.yaml,review,not yet assigned,Classify before deletion; no file may disappear without an extraction decision.,pending rewrite; source path existence verified
docs/review/evidence/run6-coupled-native/native-fence-matrix.json,review,not yet assigned,Classify before deletion; no file may disappear without an extraction decision.,pending rewrite; source path existence verified
docs/review/evidence/run6-coupled-native/original-rendered-crd.yaml,review,not yet assigned,Classify before deletion; no file may disappear without an extraction decision.,pending rewrite; source path existence verified
docs/review/evidence/run6-coupled-native/readiness.json,review,not yet assigned,Classify before deletion; no file may disappear without an extraction decision.,pending rewrite; source path existence verified
docs/review/evidence/run6-coupled-native/source.json,review,not yet assigned,Classify before deletion; no file may disappear without an extraction decision.,pending rewrite; source path existence verified
docs/review/evidence/run6-coupled-native/versions.txt,review,not yet assigned,Classify before deletion; no file may disappear without an extraction decision.,pending rewrite; source path existence verified
docs/review/evidence/run6-coupled-reconciliation.json,review,not yet assigned,Classify before deletion; no file may disappear without an extraction decision.,pending rewrite; source path existence verified
docs/review/evidence/run6-dispatch-independent-authority-tamper.txt,review,not yet assigned,Classify before deletion; no file may disappear without an extraction decision.,pending rewrite; source path existence verified
docs/review/evidence/run6-dispatch-independent-canonical-after.txt,review,not yet assigned,Classify before deletion; no file may disappear without an extraction decision.,pending rewrite; source path existence verified
docs/review/evidence/run6-dispatch-independent-canonical-before.txt,review,not yet assigned,Classify before deletion; no file may disappear without an extraction decision.,pending rewrite; source path existence verified
docs/review/evidence/run6-dispatch-independent-factored.txt,review,not yet assigned,Classify before deletion; no file may disappear without an extraction decision.,pending rewrite; source path existence verified
docs/review/evidence/run6-envoy-independent-checks.json,review,not yet assigned,Classify before deletion; no file may disappear without an extraction decision.,pending rewrite; source path existence verified
docs/review/evidence/run6-envoy-independent-initial.txt,review,not yet assigned,Classify before deletion; no file may disappear without an extraction decision.,pending rewrite; source path existence verified
docs/review/evidence/run6-envoy-independent-provenance.json,review,not yet assigned,Classify before deletion; no file may disappear without an extraction decision.,pending rewrite; source path existence verified
docs/review/evidence/run6-envoy-independent-sa-mismatch.json,review,not yet assigned,Classify before deletion; no file may disappear without an extraction decision.,pending rewrite; source path existence verified
docs/review/evidence/run6-envoy-native-final.txt,review,not yet assigned,Classify before deletion; no file may disappear without an extraction decision.,pending rewrite; source path existence verified
docs/review/evidence/run6-envoy-native-installed-final.txt,review,not yet assigned,Classify before deletion; no file may disappear without an extraction decision.,pending rewrite; source path existence verified
docs/review/evidence/run6-envoy-prerequisite-initial.txt,review,not yet assigned,Classify before deletion; no file may disappear without an extraction decision.,pending rewrite; source path existence verified
docs/review/evidence/run6-envoy-release-provenance.json,review,not yet assigned,Classify before deletion; no file may disappear without an extraction decision.,pending rewrite; source path existence verified
docs/review/evidence/run6-envoy-render-checks.txt,review,not yet assigned,Classify before deletion; no file may disappear without an extraction decision.,pending rewrite; source path existence verified
docs/review/evidence/run6-final-native.txt,review,not yet assigned,Classify before deletion; no file may disappear without an extraction decision.,pending rewrite; source path existence verified
docs/review/evidence/run6-final-product.txt,review,not yet assigned,Classify before deletion; no file may disappear without an extraction decision.,pending rewrite; source path existence verified
docs/review/evidence/run6-final-reader.txt,review,not yet assigned,Classify before deletion; no file may disappear without an extraction decision.,pending rewrite; source path existence verified
docs/review/evidence/run6-initial-chart.txt,review,not yet assigned,Classify before deletion; no file may disappear without an extraction decision.,pending rewrite; source path existence verified
docs/review/evidence/run6-initial-controller.txt,review,not yet assigned,Classify before deletion; no file may disappear without an extraction decision.,pending rewrite; source path existence verified
docs/review/evidence/run6-initial-lint.txt,review,not yet assigned,Classify before deletion; no file may disappear without an extraction decision.,pending rewrite; source path existence verified
docs/review/evidence/run6-initial-native.txt,review,not yet assigned,Classify before deletion; no file may disappear without an extraction decision.,pending rewrite; source path existence verified
docs/review/evidence/run6-initial-product.txt,review,not yet assigned,Classify before deletion; no file may disappear without an extraction decision.,pending rewrite; source path existence verified
docs/review/evidence/run6-initial-reader.txt,review,not yet assigned,Classify before deletion; no file may disappear without an extraction decision.,pending rewrite; source path existence verified
docs/review/evidence/run6-initial-types.txt,review,not yet assigned,Classify before deletion; no file may disappear without an extraction decision.,pending rewrite; source path existence verified
docs/review/evidence/run6-initial-vet.txt,review,not yet assigned,Classify before deletion; no file may disappear without an extraction decision.,pending rewrite; source path existence verified
docs/review/evidence/run6-native-final/cleanup.json,review,not yet assigned,Classify before deletion; no file may disappear without an extraction decision.,pending rewrite; source path existence verified
docs/review/evidence/run6-native-final/crd-install.json,review,not yet assigned,Classify before deletion; no file may disappear without an extraction decision.,pending rewrite; source path existence verified
docs/review/evidence/run6-native-final/established.txt,review,not yet assigned,Classify before deletion; no file may disappear without an extraction decision.,pending rewrite; source path existence verified
docs/review/evidence/run6-native-final/etcd.log,review,not yet assigned,Classify before deletion; no file may disappear without an extraction decision.,pending rewrite; source path existence verified
docs/review/evidence/run6-native-final/kube-apiserver.log,review,not yet assigned,Classify before deletion; no file may disappear without an extraction decision.,pending rewrite; source path existence verified
docs/review/evidence/run6-native-final/native-alternate-a-original-controller.yaml,review,not yet assigned,Classify before deletion; no file may disappear without an extraction decision.,pending rewrite; source path existence verified
docs/review/evidence/run6-native-final/native-alternate-a-original-fence.yaml,review,not yet assigned,Classify before deletion; no file may disappear without an extraction decision.,pending rewrite; source path existence verified
docs/review/evidence/run6-native-final/native-alternate-b-original-controller.yaml,review,not yet assigned,Classify before deletion; no file may disappear without an extraction decision.,pending rewrite; source path existence verified
docs/review/evidence/run6-native-final/native-alternate-b-original-fence.yaml,review,not yet assigned,Classify before deletion; no file may disappear without an extraction decision.,pending rewrite; source path existence verified
docs/review/evidence/run6-native-final/native-controller.txt,review,not yet assigned,Classify before deletion; no file may disappear without an extraction decision.,pending rewrite; source path existence verified
docs/review/evidence/run6-native-final/native-fence-matrix.json,review,not yet assigned,Classify before deletion; no file may disappear without an extraction decision.,pending rewrite; source path existence verified
docs/review/evidence/run6-native-final/native-status-matrix.json,review,not yet assigned,Classify before deletion; no file may disappear without an extraction decision.,pending rewrite; source path existence verified
docs/review/evidence/run6-native-final/original-rendered-crd.yaml,review,not yet assigned,Classify before deletion; no file may disappear without an extraction decision.,pending rewrite; source path existence verified
docs/review/evidence/run6-native-final/readiness.json,review,not yet assigned,Classify before deletion; no file may disappear without an extraction decision.,pending rewrite; source path existence verified
docs/review/evidence/run6-native-final/source.json,review,not yet assigned,Classify before deletion; no file may disappear without an extraction decision.,pending rewrite; source path existence verified
docs/review/evidence/run6-native-final/versions.txt,review,not yet assigned,Classify before deletion; no file may disappear without an extraction decision.,pending rewrite; source path existence verified
docs/review/evidence/run6-nova-dispatch-causal-author.txt,review,not yet assigned,Classify before deletion; no file may disappear without an extraction decision.,pending rewrite; source path existence verified
docs/review/evidence/run6-root-adapter-historical-cli.txt,review,not yet assigned,Classify before deletion; no file may disappear without an extraction decision.,pending rewrite; source path existence verified
docs/review/evidence/run6-root-adapter-integrated.txt,review,not yet assigned,Classify before deletion; no file may disappear without an extraction decision.,pending rewrite; source path existence verified
docs/review/evidence/run6-root-blob-reader-recheck.txt,review,not yet assigned,Classify before deletion; no file may disappear without an extraction decision.,pending rewrite; source path existence verified
docs/review/evidence/run6-root-coupled-chart.txt,review,not yet assigned,Classify before deletion; no file may disappear without an extraction decision.,pending rewrite; source path existence verified
docs/review/evidence/run6-root-coupled-native.txt,review,not yet assigned,Classify before deletion; no file may disappear without an extraction decision.,pending rewrite; source path existence verified
docs/review/evidence/run6-root-coupled-native/cleanup.json,review,not yet assigned,Classify before deletion; no file may disappear without an extraction decision.,pending rewrite; source path existence verified
docs/review/evidence/run6-root-coupled-native/crd-install.json,review,not yet assigned,Classify before deletion; no file may disappear without an extraction decision.,pending rewrite; source path existence verified
docs/review/evidence/run6-root-coupled-native/established.txt,review,not yet assigned,Classify before deletion; no file may disappear without an extraction decision.,pending rewrite; source path existence verified
docs/review/evidence/run6-root-coupled-native/etcd.log,review,not yet assigned,Classify before deletion; no file may disappear without an extraction decision.,pending rewrite; source path existence verified
docs/review/evidence/run6-root-coupled-native/kube-apiserver.log,review,not yet assigned,Classify before deletion; no file may disappear without an extraction decision.,pending rewrite; source path existence verified
docs/review/evidence/run6-root-coupled-native/native-alternate-a-original-controller.yaml,review,not yet assigned,Classify before deletion; no file may disappear without an extraction decision.,pending rewrite; source path existence verified
docs/review/evidence/run6-root-coupled-native/native-alternate-a-original-fence.yaml,review,not yet assigned,Classify before deletion; no file may disappear without an extraction decision.,pending rewrite; source path existence verified
docs/review/evidence/run6-root-coupled-native/native-alternate-b-original-controller.yaml,review,not yet assigned,Classify before deletion; no file may disappear without an extraction decision.,pending rewrite; source path existence verified
docs/review/evidence/run6-root-coupled-native/native-alternate-b-original-fence.yaml,review,not yet assigned,Classify before deletion; no file may disappear without an extraction decision.,pending rewrite; source path existence verified
docs/review/evidence/run6-root-coupled-native/native-controller.txt,review,not yet assigned,Classify before deletion; no file may disappear without an extraction decision.,pending rewrite; source path existence verified
docs/review/evidence/run6-root-coupled-native/native-fence-matrix.json,review,not yet assigned,Classify before deletion; no file may disappear without an extraction decision.,pending rewrite; source path existence verified
docs/review/evidence/run6-root-coupled-native/native-status-matrix.json,review,not yet assigned,Classify before deletion; no file may disappear without an extraction decision.,pending rewrite; source path existence verified
docs/review/evidence/run6-root-coupled-native/original-rendered-crd.yaml,review,not yet assigned,Classify before deletion; no file may disappear without an extraction decision.,pending rewrite; source path existence verified
docs/review/evidence/run6-root-coupled-native/readiness.json,review,not yet assigned,Classify before deletion; no file may disappear without an extraction decision.,pending rewrite; source path existence verified
docs/review/evidence/run6-root-coupled-native/source.json,review,not yet assigned,Classify before deletion; no file may disappear without an extraction decision.,pending rewrite; source path existence verified
docs/review/evidence/run6-root-coupled-native/versions.txt,review,not yet assigned,Classify before deletion; no file may disappear without an extraction decision.,pending rewrite; source path existence verified
docs/review/evidence/run6-root-coupled-product.txt,review,not yet assigned,Classify before deletion; no file may disappear without an extraction decision.,pending rewrite; source path existence verified
docs/review/evidence/run6-root-coupled-types.txt,review,not yet assigned,Classify before deletion; no file may disappear without an extraction decision.,pending rewrite; source path existence verified
docs/review/evidence/run6-sdk-profile-cli-independent.txt,review,not yet assigned,Classify before deletion; no file may disappear without an extraction decision.,pending rewrite; source path existence verified
docs/review/evidence/run6-sdk-profile-collision-independent.mjs,review,not yet assigned,Classify before deletion; no file may disappear without an extraction decision.,pending rewrite; source path existence verified
docs/review/evidence/run6-sdk-profile-collision-independent.txt,review,not yet assigned,Classify before deletion; no file may disappear without an extraction decision.,pending rewrite; source path existence verified
docs/review/evidence/run6-sdk-profile-envelope-independent-before.txt,review,not yet assigned,Classify before deletion; no file may disappear without an extraction decision.,pending rewrite; source path existence verified
docs/review/evidence/run6-sdk-profile-hmac-independent-after.txt,review,not yet assigned,Classify before deletion; no file may disappear without an extraction decision.,pending rewrite; source path existence verified
docs/review/evidence/run6-sdk-profile-hmac-independent-before.txt,review,not yet assigned,Classify before deletion; no file may disappear without an extraction decision.,pending rewrite; source path existence verified
docs/review/evidence/run6-sdk-profile-original-regressions.txt,review,not yet assigned,Classify before deletion; no file may disappear without an extraction decision.,pending rewrite; source path existence verified
docs/review/evidence/run6-sdk-profile-retirement-before.txt,review,not yet assigned,Classify before deletion; no file may disappear without an extraction decision.,pending rewrite; source path existence verified
docs/review/evidence/run6-sdk-profile-types-independent.txt,review,not yet assigned,Classify before deletion; no file may disappear without an extraction decision.,pending rewrite; source path existence verified
docs/review/evidence/run6-sdk-transport-envelope-checkpoint.txt,review,not yet assigned,Classify before deletion; no file may disappear without an extraction decision.,pending rewrite; source path existence verified
docs/review/evidence/run6-sdk-transport-initial.txt,review,not yet assigned,Classify before deletion; no file may disappear without an extraction decision.,pending rewrite; source path existence verified
docs/review/evidence/run7-dispatch-independent-final.txt,review,not yet assigned,Classify before deletion; no file may disappear without an extraction decision.,pending rewrite; source path existence verified
docs/review/evidence/run7-envoy-chart-final.txt,review,not yet assigned,Classify before deletion; no file may disappear without an extraction decision.,pending rewrite; source path existence verified
docs/review/evidence/run7-envoy-independent-checks.json,review,not yet assigned,Classify before deletion; no file may disappear without an extraction decision.,pending rewrite; source path existence verified
docs/review/evidence/run7-envoy-independent-native.txt,review,not yet assigned,Classify before deletion; no file may disappear without an extraction decision.,pending rewrite; source path existence verified
docs/review/evidence/run7-envoy-independent-rollout.json,review,not yet assigned,Classify before deletion; no file may disappear without an extraction decision.,pending rewrite; source path existence verified
docs/review/evidence/run7-envoy-native-expiry-final.txt,review,not yet assigned,Classify before deletion; no file may disappear without an extraction decision.,pending rewrite; source path existence verified
docs/review/evidence/run7-envoy-product-chart-regression.txt,review,not yet assigned,Classify before deletion; no file may disappear without an extraction decision.,pending rewrite; source path existence verified
docs/review/evidence/run7-envoy-rollout-after.txt,review,not yet assigned,Classify before deletion; no file may disappear without an extraction decision.,pending rewrite; source path existence verified
docs/review/evidence/run7-envoy-rollout-before.txt,review,not yet assigned,Classify before deletion; no file may disappear without an extraction decision.,pending rewrite; source path existence verified
docs/review/evidence/run7-nova-dispatch-author-matrix.txt,review,not yet assigned,Classify before deletion; no file may disappear without an extraction decision.,pending rewrite; source path existence verified
docs/review/evidence/run7-nova-dispatch-author-regression.txt,review,not yet assigned,Classify before deletion; no file may disappear without an extraction decision.,pending rewrite; source path existence verified
docs/review/evidence/run7-nova-dispatch-sibling-regression.txt,review,not yet assigned,Classify before deletion; no file may disappear without an extraction decision.,pending rewrite; source path existence verified
docs/review/evidence/run7-operator-independent-prerequisite.txt,review,not yet assigned,Classify before deletion; no file may disappear without an extraction decision.,pending rewrite; source path existence verified
docs/review/evidence/run7-root-dispatch-integrated.txt,review,not yet assigned,Classify before deletion; no file may disappear without an extraction decision.,pending rewrite; source path existence verified
docs/review/evidence/run7-root-dispatch-original-gates.txt,review,not yet assigned,Classify before deletion; no file may disappear without an extraction decision.,pending rewrite; source path existence verified
docs/review/evidence/run7-root-envoy-native.txt,review,not yet assigned,Classify before deletion; no file may disappear without an extraction decision.,pending rewrite; source path existence verified
docs/review/evidence/run7-root-envoy-original-gates.txt,review,not yet assigned,Classify before deletion; no file may disappear without an extraction decision.,pending rewrite; source path existence verified
docs/review/evidence/run7-sdk-a43-final.txt,review,not yet assigned,Classify before deletion; no file may disappear without an extraction decision.,pending rewrite; source path existence verified
docs/review/evidence/run7-sdk-cache-context-case-probe.mjs,review,not yet assigned,Classify before deletion; no file may disappear without an extraction decision.,pending rewrite; source path existence verified
docs/review/evidence/run7-sdk-cache-context-case-probe.txt,review,not yet assigned,Classify before deletion; no file may disappear without an extraction decision.,pending rewrite; source path existence verified
docs/review/evidence/run7-sdk-cache-context-schema-diagnostic.txt,review,not yet assigned,Classify before deletion; no file may disappear without an extraction decision.,pending rewrite; source path existence verified
docs/review/evidence/run7-sdk-helper-native.txt,review,not yet assigned,Classify before deletion; no file may disappear without an extraction decision.,pending rewrite; source path existence verified
docs/review/evidence/run7-sdk-legacy-independent-final.txt,review,not yet assigned,Classify before deletion; no file may disappear without an extraction decision.,pending rewrite; source path existence verified
docs/review/evidence/run7-sdk-lint-baseline.txt,review,not yet assigned,Classify before deletion; no file may disappear without an extraction decision.,pending rewrite; source path existence verified
docs/review/evidence/run7-sdk-native-final.txt,review,not yet assigned,Classify before deletion; no file may disappear without an extraction decision.,pending rewrite; source path existence verified
docs/review/evidence/run7-sdk-native-profile.txt,review,not yet assigned,Classify before deletion; no file may disappear without an extraction decision.,pending rewrite; source path existence verified
docs/review/evidence/run7-sdk-original-json.txt,review,not yet assigned,Classify before deletion; no file may disappear without an extraction decision.,pending rewrite; source path existence verified
docs/review/evidence/run7-sdk-plugin-before.txt,review,not yet assigned,Classify before deletion; no file may disappear without an extraction decision.,pending rewrite; source path existence verified
docs/review/evidence/run7-sdk-projection-types.txt,review,not yet assigned,Classify before deletion; no file may disappear without an extraction decision.,pending rewrite; source path existence verified
docs/review/evidence/run7-sdk-reconciled-native.txt,review,not yet assigned,Classify before deletion; no file may disappear without an extraction decision.,pending rewrite; source path existence verified
docs/review/evidence/run7-sdk-review-helpers-independent.txt,review,not yet assigned,Classify before deletion; no file may disappear without an extraction decision.,pending rewrite; source path existence verified
docs/review/evidence/run7-sdk-review-package.txt,review,not yet assigned,Classify before deletion; no file may disappear without an extraction decision.,pending rewrite; source path existence verified
docs/review/evidence/run7-sdk-transport-independent-final.txt,review,not yet assigned,Classify before deletion; no file may disappear without an extraction decision.,pending rewrite; source path existence verified
docs/review/evidence/run7-sdk-transport-independent-prerebase.txt,review,not yet assigned,Classify before deletion; no file may disappear without an extraction decision.,pending rewrite; source path existence verified
docs/review/evidence/run7-sdk-type-command-diagnostic.txt,review,not yet assigned,Classify before deletion; no file may disappear without an extraction decision.,pending rewrite; source path existence verified
docs/review/evidence/run7-sdk-types-independent-final.txt,review,not yet assigned,Classify before deletion; no file may disappear without an extraction decision.,pending rewrite; source path existence verified
docs/review/evidence/run8-envoy-chart-gates.txt,review,not yet assigned,Classify before deletion; no file may disappear without an extraction decision.,pending rewrite; source path existence verified
docs/review/evidence/run8-envoy-independent-checks.json,review,not yet assigned,Classify before deletion; no file may disappear without an extraction decision.,pending rewrite; source path existence verified
docs/review/evidence/run8-envoy-independent-native.txt,review,not yet assigned,Classify before deletion; no file may disappear without an extraction decision.,pending rewrite; source path existence verified
docs/review/evidence/run8-envoy-native-final.txt,review,not yet assigned,Classify before deletion; no file may disappear without an extraction decision.,pending rewrite; source path existence verified
docs/review/evidence/run8-envoy-native-initial.txt,review,not yet assigned,Classify before deletion; no file may disappear without an extraction decision.,pending rewrite; source path existence verified
docs/review/evidence/run8-operator-independent-final.txt,review,not yet assigned,Classify before deletion; no file may disappear without an extraction decision.,pending rewrite; source path existence verified
docs/review/evidence/run8-operator-independent-signal-after.txt,review,not yet assigned,Classify before deletion; no file may disappear without an extraction decision.,pending rewrite; source path existence verified
docs/review/evidence/run8-operator-independent-signal-before.txt,review,not yet assigned,Classify before deletion; no file may disappear without an extraction decision.,pending rewrite; source path existence verified
docs/review/evidence/run8-operator-independent-state-view.txt,review,not yet assigned,Classify before deletion; no file may disappear without an extraction decision.,pending rewrite; source path existence verified
docs/review/evidence/run8-root-sdk-integrated.txt,review,not yet assigned,Classify before deletion; no file may disappear without an extraction decision.,pending rewrite; source path existence verified
docs/review/evidence/run8-root-sdk-original-gates.txt,review,not yet assigned,Classify before deletion; no file may disappear without an extraction decision.,pending rewrite; source path existence verified
docs/review/evidence/run8-root-supervisor-start.txt,review,not yet assigned,Classify before deletion; no file may disappear without an extraction decision.,pending rewrite; source path existence verified
docs/review/evidence/run8-sdk-cache-archive-independent.json,review,not yet assigned,Classify before deletion; no file may disappear without an extraction decision.,pending rewrite; source path existence verified
docs/review/evidence/run8-sdk-cache-cli-types-independent.txt,review,not yet assigned,Classify before deletion; no file may disappear without an extraction decision.,pending rewrite; source path existence verified
docs/review/evidence/run8-sdk-cache-context-full-review-independent.txt,review,not yet assigned,Classify before deletion; no file may disappear without an extraction decision.,pending rewrite; source path existence verified
docs/review/evidence/run8-sdk-cache-context-independent-before.txt,review,not yet assigned,Classify before deletion; no file may disappear without an extraction decision.,pending rewrite; source path existence verified
docs/review/evidence/run8-sdk-cache-context-native-independent.txt,review,not yet assigned,Classify before deletion; no file may disappear without an extraction decision.,pending rewrite; source path existence verified
docs/review/evidence/run8-sdk-cache-context-types-independent.txt,review,not yet assigned,Classify before deletion; no file may disappear without an extraction decision.,pending rewrite; source path existence verified
docs/review/evidence/run8-sdk-cache-followup-cli.txt,review,not yet assigned,Classify before deletion; no file may disappear without an extraction decision.,pending rewrite; source path existence verified
docs/review/evidence/run8-sdk-cache-full-review-before-final.txt,review,not yet assigned,Classify before deletion; no file may disappear without an extraction decision.,pending rewrite; source path existence verified
docs/review/evidence/run8-sdk-cache-full-review-frozen.txt,review,not yet assigned,Classify before deletion; no file may disappear without an extraction decision.,pending rewrite; source path existence verified
docs/review/evidence/run8-sdk-cache-full-review-independent.txt,review,not yet assigned,Classify before deletion; no file may disappear without an extraction decision.,pending rewrite; source path existence verified
docs/review/evidence/run8-sdk-cache-independent-before.txt,review,not yet assigned,Classify before deletion; no file may disappear without an extraction decision.,pending rewrite; source path existence verified
docs/review/evidence/run8-sdk-cache-independent-preliminary.txt,review,not yet assigned,Classify before deletion; no file may disappear without an extraction decision.,pending rewrite; source path existence verified
docs/review/evidence/run8-sdk-cache-initial.txt,review,not yet assigned,Classify before deletion; no file may disappear without an extraction decision.,pending rewrite; source path existence verified
docs/review/evidence/run8-sdk-cache-native-e1a276a.txt,review,not yet assigned,Classify before deletion; no file may disappear without an extraction decision.,pending rewrite; source path existence verified
docs/review/evidence/run8-sdk-cache-native-independent-corrected.txt,review,not yet assigned,Classify before deletion; no file may disappear without an extraction decision.,pending rewrite; source path existence verified
docs/review/evidence/run8-sdk-cache-native-independent-prior.txt,review,not yet assigned,Classify before deletion; no file may disappear without an extraction decision.,pending rewrite; source path existence verified
docs/review/evidence/run8-sdk-cache-original-e1a276a.txt,review,not yet assigned,Classify before deletion; no file may disappear without an extraction decision.,pending rewrite; source path existence verified
docs/review/evidence/run8-sdk-cache-reconciled-59.txt,review,not yet assigned,Classify before deletion; no file may disappear without an extraction decision.,pending rewrite; source path existence verified
docs/review/evidence/run8-sdk-cache-reconciled-independent.txt,review,not yet assigned,Classify before deletion; no file may disappear without an extraction decision.,pending rewrite; source path existence verified
docs/review/evidence/run8-sdk-cache-sdk-projection-checkpoints.txt,review,not yet assigned,Classify before deletion; no file may disappear without an extraction decision.,pending rewrite; source path existence verified
docs/review/evidence/run8-sdk-cache-source-independent-before.txt,review,not yet assigned,Classify before deletion; no file may disappear without an extraction decision.,pending rewrite; source path existence verified
docs/review/evidence/run8-sdk-cache-source-writer-before.txt,review,not yet assigned,Classify before deletion; no file may disappear without an extraction decision.,pending rewrite; source path existence verified
docs/review/evidence/run8-sdk-cache-transport-projection-independent.txt,review,not yet assigned,Classify before deletion; no file may disappear without an extraction decision.,pending rewrite; source path existence verified
docs/review/evidence/run8-sdk-cache-writer-independent-before.txt,review,not yet assigned,Classify before deletion; no file may disappear without an extraction decision.,pending rewrite; source path existence verified
docs/review/evidence/run9-operator-independent-sdk-final.txt,review,not yet assigned,Classify before deletion; no file may disappear without an extraction decision.,pending rewrite; source path existence verified
docs/review/evidence/run9-prism-retag-portability.txt,review,not yet assigned,Classify before deletion; no file may disappear without an extraction decision.,pending rewrite; source path existence verified
docs/review/evidence/run9-root-cache-reader-lint.txt,review,not yet assigned,Classify before deletion; no file may disappear without an extraction decision.,pending rewrite; source path existence verified
docs/review/evidence/run9-root-cache-reader-native.txt,review,not yet assigned,Classify before deletion; no file may disappear without an extraction decision.,pending rewrite; source path existence verified
docs/review/evidence/run9-root-cache-reader-original.txt,review,not yet assigned,Classify before deletion; no file may disappear without an extraction decision.,pending rewrite; source path existence verified
docs/review/evidence/run9-root-cache-reader-prism.txt,review,not yet assigned,Classify before deletion; no file may disappear without an extraction decision.,pending rewrite; source path existence verified
docs/review/evidence/run9-root-cache-selector-followup.txt,review,not yet assigned,Classify before deletion; no file may disappear without an extraction decision.,pending rewrite; source path existence verified
docs/review/evidence/run9-root-operator-gates.txt,review,not yet assigned,Classify before deletion; no file may disappear without an extraction decision.,pending rewrite; source path existence verified
docs/review/evidence/run9-root-operator-native.txt,review,not yet assigned,Classify before deletion; no file may disappear without an extraction decision.,pending rewrite; source path existence verified
docs/review/evidence/run9-root-prism-gates.txt,review,not yet assigned,Classify before deletion; no file may disappear without an extraction decision.,pending rewrite; source path existence verified
docs/review/evidence/run9-root-prism-git-free.txt,review,not yet assigned,Classify before deletion; no file may disappear without an extraction decision.,pending rewrite; source path existence verified
docs/review/evidence/run9-root-prism-native.txt,review,not yet assigned,Classify before deletion; no file may disappear without an extraction decision.,pending rewrite; source path existence verified
docs/review/evidence/run9-root-runtime-admission-native.txt,review,not yet assigned,Classify before deletion; no file may disappear without an extraction decision.,pending rewrite; source path existence verified
docs/review/evidence/run9-root-runtime-admission-prism.txt,review,not yet assigned,Classify before deletion; no file may disappear without an extraction decision.,pending rewrite; source path existence verified
docs/review/evidence/run9-root-sdk-fresh.txt,review,not yet assigned,Classify before deletion; no file may disappear without an extraction decision.,pending rewrite; source path existence verified
docs/review/evidence/run9-runtime-profile-independent-42.txt,review,not yet assigned,Classify before deletion; no file may disappear without an extraction decision.,pending rewrite; source path existence verified
docs/review/evidence/run9-runtime-profile-independent-final-101-first.txt,review,not yet assigned,Classify before deletion; no file may disappear without an extraction decision.,pending rewrite; source path existence verified
docs/review/evidence/run9-runtime-profile-independent-final-24-quiet.txt,review,not yet assigned,Classify before deletion; no file may disappear without an extraction decision.,pending rewrite; source path existence verified
docs/review/evidence/run9-runtime-profile-independent-final-original.txt,review,not yet assigned,Classify before deletion; no file may disappear without an extraction decision.,pending rewrite; source path existence verified
docs/review/evidence/run9-runtime-profile-independent-final-types.txt,review,not yet assigned,Classify before deletion; no file may disappear without an extraction decision.,pending rewrite; source path existence verified
docs/review/evidence/run9-runtime-profile-independent-native-16.txt,review,not yet assigned,Classify before deletion; no file may disappear without an extraction decision.,pending rewrite; source path existence verified
docs/review/evidence/run9-runtime-profile-independent-review-full.txt,review,not yet assigned,Classify before deletion; no file may disappear without an extraction decision.,pending rewrite; source path existence verified
docs/review/evidence/run9-runtime-profile-independent-sdk-cli.txt,review,not yet assigned,Classify before deletion; no file may disappear without an extraction decision.,pending rewrite; source path existence verified
docs/review/evidence/run9-sdk-cache-operator-cli-independent.txt,review,not yet assigned,Classify before deletion; no file may disappear without an extraction decision.,pending rewrite; source path existence verified
docs/review/evidence/run9-sdk-cache-operator-interactions-independent.txt,review,not yet assigned,Classify before deletion; no file may disappear without an extraction decision.,pending rewrite; source path existence verified
docs/review/evidence/run9-sdk-cache-operator-native-independent.txt,review,not yet assigned,Classify before deletion; no file may disappear without an extraction decision.,pending rewrite; source path existence verified
docs/review/evidence/run9-sdk-cache-operator-reconciled-34.txt,review,not yet assigned,Classify before deletion; no file may disappear without an extraction decision.,pending rewrite; source path existence verified
docs/review/evidence/run9-sdk-cache-profile-proxy-after-30.txt,review,not yet assigned,Classify before deletion; no file may disappear without an extraction decision.,pending rewrite; source path existence verified
docs/review/evidence/run9-sdk-cache-profile-proxy-before.txt,review,not yet assigned,Classify before deletion; no file may disappear without an extraction decision.,pending rewrite; source path existence verified
docs/review/evidence/run9-sdk-cache-profile-proxy-full-review.txt,review,not yet assigned,Classify before deletion; no file may disappear without an extraction decision.,pending rewrite; source path existence verified
docs/review/evidence/run9-sdk-transport-proxy-audit.mjs,review,not yet assigned,Classify before deletion; no file may disappear without an extraction decision.,pending rewrite; source path existence verified
docs/review/evidence/run9-supervisor-initial-status-adoption.txt,review,not yet assigned,Classify before deletion; no file may disappear without an extraction decision.,pending rewrite; source path existence verified
docs/review/evidence/run9-supervisor-native-start-final.txt,review,not yet assigned,Classify before deletion; no file may disappear without an extraction decision.,pending rewrite; source path existence verified
docs/review/evidence/run9-supervisor-native-start-initial.txt,review,not yet assigned,Classify before deletion; no file may disappear without an extraction decision.,pending rewrite; source path existence verified
docs/review/evidence/run9-supervisor-native-start-lint.txt,review,not yet assigned,Classify before deletion; no file may disappear without an extraction decision.,pending rewrite; source path existence verified
docs/review/evidence/runtime-session-cleanup.txt,review,not yet assigned,Classify before deletion; no file may disappear without an extraction decision.,pending rewrite; source path existence verified
docs/review/evidence/scaffold-publication-lint.txt,review,not yet assigned,Classify before deletion; no file may disappear without an extraction decision.,pending rewrite; source path existence verified
docs/review/evidence/scaffold-publication-tests.txt,review,not yet assigned,Classify before deletion; no file may disappear without an extraction decision.,pending rewrite; source path existence verified
docs/review/evidence/scaffold-publication-types.txt,review,not yet assigned,Classify before deletion; no file may disappear without an extraction decision.,pending rewrite; source path existence verified
docs/review/evidence/sdk-artifact-original.txt,review,not yet assigned,Classify before deletion; no file may disappear without an extraction decision.,pending rewrite; source path existence verified
docs/review/evidence/sdk-canonical-consumers.tsv,review,not yet assigned,Classify before deletion; no file may disappear without an extraction decision.,pending rewrite; source path existence verified
docs/review/evidence/sdk-json-audit-lint.txt,review,not yet assigned,Classify before deletion; no file may disappear without an extraction decision.,pending rewrite; source path existence verified
docs/review/evidence/sdk-json-compatibility-audit.mts,review,not yet assigned,Classify before deletion; no file may disappear without an extraction decision.,pending rewrite; source path existence verified
docs/review/evidence/sdk-json-compatibility.txt,review,not yet assigned,Classify before deletion; no file may disappear without an extraction decision.,pending rewrite; source path existence verified
docs/review/evidence/sdk-json-consumers-sv.txt,review,not yet assigned,Classify before deletion; no file may disappear without an extraction decision.,pending rewrite; source path existence verified
docs/review/evidence/sdk-json-consumers.txt,review,not yet assigned,Classify before deletion; no file may disappear without an extraction decision.,pending rewrite; source path existence verified
docs/review/evidence/sdk-json-package.txt,review,not yet assigned,Classify before deletion; no file may disappear without an extraction decision.,pending rewrite; source path existence verified
docs/review/evidence/studio-types-lint.txt,review,not yet assigned,Classify before deletion; no file may disappear without an extraction decision.,pending rewrite; source path existence verified
docs/review/evidence/studio-types-tests.txt,review,not yet assigned,Classify before deletion; no file may disappear without an extraction decision.,pending rewrite; source path existence verified
docs/review/evidence/telemetry-contract-tests.txt,review,not yet assigned,Classify before deletion; no file may disappear without an extraction decision.,pending rewrite; source path existence verified
docs/review/evidence/test-gate-contract-tests.txt,review,not yet assigned,Classify before deletion; no file may disappear without an extraction decision.,pending rewrite; source path existence verified
docs/review/evidence/trivy-freshness-image.txt,review,not yet assigned,Classify before deletion; no file may disappear without an extraction decision.,pending rewrite; source path existence verified
docs/review/evidence/trivy-freshness-lint.txt,review,not yet assigned,Classify before deletion; no file may disappear without an extraction decision.,pending rewrite; source path existence verified
docs/review/evidence/trivy-freshness-native.txt,review,not yet assigned,Classify before deletion; no file may disappear without an extraction decision.,pending rewrite; source path existence verified
docs/review/evidence/trivy-freshness-regression.txt,review,not yet assigned,Classify before deletion; no file may disappear without an extraction decision.,pending rewrite; source path existence verified
docs/review/evidence/trivy-freshness-remote.txt,review,not yet assigned,Classify before deletion; no file may disappear without an extraction decision.,pending rewrite; source path existence verified
docs/review/evidence/trivy-freshness-snapshot.json,review,not yet assigned,Classify before deletion; no file may disappear without an extraction decision.,pending rewrite; source path existence verified
docs/review/evidence/trivy-freshness-typecheck.txt,review,not yet assigned,Classify before deletion; no file may disappear without an extraction decision.,pending rewrite; source path existence verified
docs/review/evidence/version-generator-integration.txt,review,not yet assigned,Classify before deletion; no file may disappear without an extraction decision.,pending rewrite; source path existence verified
docs/review/evidence/visual-browser-identity.txt,review,not yet assigned,Classify before deletion; no file may disappear without an extraction decision.,pending rewrite; source path existence verified
docs/review/evidence/wave47-admission-attempt-consumer.txt,review,not yet assigned,Classify before deletion; no file may disappear without an extraction decision.,pending rewrite; source path existence verified
docs/review/evidence/wave47-admission-baseline-lint.txt,review,not yet assigned,Classify before deletion; no file may disappear without an extraction decision.,pending rewrite; source path existence verified
docs/review/evidence/wave47-admission-existing-file-lint.txt,review,not yet assigned,Classify before deletion; no file may disappear without an extraction decision.,pending rewrite; source path existence verified
docs/review/evidence/wave47-admission-independent-attempt.txt,review,not yet assigned,Classify before deletion; no file may disappear without an extraction decision.,pending rewrite; source path existence verified
docs/review/evidence/wave47-admission-independent-reconciliation.txt,review,not yet assigned,Classify before deletion; no file may disappear without an extraction decision.,pending rewrite; source path existence verified
docs/review/evidence/wave47-admission-independent-tests.txt,review,not yet assigned,Classify before deletion; no file may disappear without an extraction decision.,pending rewrite; source path existence verified
docs/review/evidence/wave47-admission-independent-types.txt,review,not yet assigned,Classify before deletion; no file may disappear without an extraction decision.,pending rewrite; source path existence verified
docs/review/evidence/wave47-admission-lint.txt,review,not yet assigned,Classify before deletion; no file may disappear without an extraction decision.,pending rewrite; source path existence verified
docs/review/evidence/wave47-admission-reconciliation-consumer.txt,review,not yet assigned,Classify before deletion; no file may disappear without an extraction decision.,pending rewrite; source path existence verified
docs/review/evidence/wave47-admission-retirement-tests.txt,review,not yet assigned,Classify before deletion; no file may disappear without an extraction decision.,pending rewrite; source path existence verified
docs/review/evidence/wave47-admission-types.txt,review,not yet assigned,Classify before deletion; no file may disappear without an extraction decision.,pending rewrite; source path existence verified
docs/review/evidence/wave47-infra/contracts.txt,review,not yet assigned,Classify before deletion; no file may disappear without an extraction decision.,pending rewrite; source path existence verified
docs/review/evidence/wave47-infra/controller.txt,review,not yet assigned,Classify before deletion; no file may disappear without an extraction decision.,pending rewrite; source path existence verified
docs/review/evidence/wave47-infra/fence-after.txt,review,not yet assigned,Classify before deletion; no file may disappear without an extraction decision.,pending rewrite; source path existence verified
docs/review/evidence/wave47-infra/fence.txt,review,not yet assigned,Classify before deletion; no file may disappear without an extraction decision.,pending rewrite; source path existence verified
docs/review/evidence/wave47-infra/postgres-native-version.txt,review,not yet assigned,Classify before deletion; no file may disappear without an extraction decision.,pending rewrite; source path existence verified
docs/review/evidence/wave47-infra/postgres-unprivileged-prerequisite.txt,review,not yet assigned,Classify before deletion; no file may disappear without an extraction decision.,pending rewrite; source path existence verified
docs/review/evidence/wave47-infra/release-after.txt,review,not yet assigned,Classify before deletion; no file may disappear without an extraction decision.,pending rewrite; source path existence verified
docs/review/evidence/wave47-infra/release-lint.txt,review,not yet assigned,Classify before deletion; no file may disappear without an extraction decision.,pending rewrite; source path existence verified
docs/review/evidence/wave47-infra/release-private-before.txt,review,not yet assigned,Classify before deletion; no file may disappear without an extraction decision.,pending rewrite; source path existence verified
docs/review/evidence/wave47-infra/release-production-lint.txt,review,not yet assigned,Classify before deletion; no file may disappear without an extraction decision.,pending rewrite; source path existence verified
docs/review/evidence/wave47-infra/rollout-after.txt,review,not yet assigned,Classify before deletion; no file may disappear without an extraction decision.,pending rewrite; source path existence verified
docs/review/evidence/wave47-infra/rollout.txt,review,not yet assigned,Classify before deletion; no file may disappear without an extraction decision.,pending rewrite; source path existence verified
docs/review/evidence/wave47-infra/trivy.txt,review,not yet assigned,Classify before deletion; no file may disappear without an extraction decision.,pending rewrite; source path existence verified
docs/review/evidence/wave47-legacy-independent-probe.mjs,review,not yet assigned,Classify before deletion; no file may disappear without an extraction decision.,pending rewrite; source path existence verified
docs/review/evidence/wave47-legacy-independent-review-initial.txt,review,not yet assigned,Classify before deletion; no file may disappear without an extraction decision.,pending rewrite; source path existence verified
docs/review/evidence/wave47-legacy-independent-review.txt,review,not yet assigned,Classify before deletion; no file may disappear without an extraction decision.,pending rewrite; source path existence verified
docs/review/evidence/wave47-prism/browser-install.txt,review,not yet assigned,Classify before deletion; no file may disappear without an extraction decision.,pending rewrite; source path existence verified
docs/review/evidence/wave47-prism/commands.txt,review,not yet assigned,Classify before deletion; no file may disappear without an extraction decision.,pending rewrite; source path existence verified
docs/review/evidence/wave47-prism/focused-lint.txt,review,not yet assigned,Classify before deletion; no file may disappear without an extraction decision.,pending rewrite; source path existence verified
docs/review/evidence/wave47-prism/initdb.txt,review,not yet assigned,Classify before deletion; no file may disappear without an extraction decision.,pending rewrite; source path existence verified
docs/review/evidence/wave47-prism/local-db-probe.txt,review,not yet assigned,Classify before deletion; no file may disappear without an extraction decision.,pending rewrite; source path existence verified
docs/review/evidence/wave47-prism/native-cache.txt,review,not yet assigned,Classify before deletion; no file may disappear without an extraction decision.,pending rewrite; source path existence verified
docs/review/evidence/wave47-prism/native-corpus.txt,review,not yet assigned,Classify before deletion; no file may disappear without an extraction decision.,pending rewrite; source path existence verified
docs/review/evidence/wave47-prism/native-studio.txt,review,not yet assigned,Classify before deletion; no file may disappear without an extraction decision.,pending rewrite; source path existence verified
docs/review/evidence/wave47-prism/native-transactions.txt,review,not yet assigned,Classify before deletion; no file may disappear without an extraction decision.,pending rewrite; source path existence verified
docs/review/evidence/wave47-prism/native-visual.txt,review,not yet assigned,Classify before deletion; no file may disappear without an extraction decision.,pending rewrite; source path existence verified
docs/review/evidence/wave47-prism/original-tests.txt,review,not yet assigned,Classify before deletion; no file may disappear without an extraction decision.,pending rewrite; source path existence verified
docs/review/evidence/wave47-prism/postgres-version.txt,review,not yet assigned,Classify before deletion; no file may disappear without an extraction decision.,pending rewrite; source path existence verified
docs/review/evidence/wave47-prism/prism-types.txt,review,not yet assigned,Classify before deletion; no file may disappear without an extraction decision.,pending rewrite; source path existence verified
docs/review/evidence/wave47-prism/studio-build.txt,review,not yet assigned,Classify before deletion; no file may disappear without an extraction decision.,pending rewrite; source path existence verified
docs/review/evidence/wave47-prism/studio-types.txt,review,not yet assigned,Classify before deletion; no file may disappear without an extraction decision.,pending rewrite; source path existence verified
docs/review/evidence/wave47-prism/uid-map.txt,review,not yet assigned,Classify before deletion; no file may disappear without an extraction decision.,pending rewrite; source path existence verified
docs/review/evidence/wave47-prism/visual-identity.txt,review,not yet assigned,Classify before deletion; no file may disappear without an extraction decision.,pending rewrite; source path existence verified
docs/review/evidence/wave47-product-chart/product-chart-final.log,review,not yet assigned,Classify before deletion; no file may disappear without an extraction decision.,pending rewrite; source path existence verified
docs/review/evidence/wave47-product-chart/product-chart-lint.log,review,not yet assigned,Classify before deletion; no file may disappear without an extraction decision.,pending rewrite; source path existence verified
docs/review/evidence/wave47-product-chart/product-chart.log,review,not yet assigned,Classify before deletion; no file may disappear without an extraction decision.,pending rewrite; source path existence verified
docs/review/evidence/wave47-product/build-deadline.log,review,not yet assigned,Classify before deletion; no file may disappear without an extraction decision.,pending rewrite; source path existence verified
docs/review/evidence/wave47-product/build-native.log,review,not yet assigned,Classify before deletion; no file may disappear without an extraction decision.,pending rewrite; source path existence verified
docs/review/evidence/wave47-product/bundle-build-final.log,review,not yet assigned,Classify before deletion; no file may disappear without an extraction decision.,pending rewrite; source path existence verified
docs/review/evidence/wave47-product/bundle-build.log,review,not yet assigned,Classify before deletion; no file may disappear without an extraction decision.,pending rewrite; source path existence verified
docs/review/evidence/wave47-product/bundled-demo-imports.log,review,not yet assigned,Classify before deletion; no file may disappear without an extraction decision.,pending rewrite; source path existence verified
docs/review/evidence/wave47-product/buster-bundle.log,review,not yet assigned,Classify before deletion; no file may disappear without an extraction decision.,pending rewrite; source path existence verified
docs/review/evidence/wave47-product/coverage.log,review,not yet assigned,Classify before deletion; no file may disappear without an extraction decision.,pending rewrite; source path existence verified
docs/review/evidence/wave47-product/direct-native-built.log,review,not yet assigned,Classify before deletion; no file may disappear without an extraction decision.,pending rewrite; source path existence verified
docs/review/evidence/wave47-product/direct-native.log,review,not yet assigned,Classify before deletion; no file may disappear without an extraction decision.,pending rewrite; source path existence verified
docs/review/evidence/wave47-product/gates.json,review,not yet assigned,Classify before deletion; no file may disappear without an extraction decision.,pending rewrite; source path existence verified
docs/review/evidence/wave47-product/import-bundle.log,review,not yet assigned,Classify before deletion; no file may disappear without an extraction decision.,pending rewrite; source path existence verified
docs/review/evidence/wave47-product/import-compiler-final.log,review,not yet assigned,Classify before deletion; no file may disappear without an extraction decision.,pending rewrite; source path existence verified
docs/review/evidence/wave47-product/import-compiler.log,review,not yet assigned,Classify before deletion; no file may disappear without an extraction decision.,pending rewrite; source path existence verified
docs/review/evidence/wave47-product/junit-local.log,review,not yet assigned,Classify before deletion; no file may disappear without an extraction decision.,pending rewrite; source path existence verified
docs/review/evidence/wave47-product/junit-native-built.log,review,not yet assigned,Classify before deletion; no file may disappear without an extraction decision.,pending rewrite; source path existence verified
docs/review/evidence/wave47-product/junit-native.log,review,not yet assigned,Classify before deletion; no file may disappear without an extraction decision.,pending rewrite; source path existence verified
docs/review/evidence/wave47-product/lint-existing-final.log,review,not yet assigned,Classify before deletion; no file may disappear without an extraction decision.,pending rewrite; source path existence verified
docs/review/evidence/wave47-product/lint-existing.log,review,not yet assigned,Classify before deletion; no file may disappear without an extraction decision.,pending rewrite; source path existence verified
docs/review/evidence/wave47-product/lint-final.log,review,not yet assigned,Classify before deletion; no file may disappear without an extraction decision.,pending rewrite; source path existence verified
docs/review/evidence/wave47-product/lint.log,review,not yet assigned,Classify before deletion; no file may disappear without an extraction decision.,pending rewrite; source path existence verified
docs/review/evidence/wave47-product/output-contract.log,review,not yet assigned,Classify before deletion; no file may disappear without an extraction decision.,pending rewrite; source path existence verified
docs/review/evidence/wave47-product/report-operator.log,review,not yet assigned,Classify before deletion; no file may disappear without an extraction decision.,pending rewrite; source path existence verified
docs/review/evidence/wave47-product/role-manifests.log,review,not yet assigned,Classify before deletion; no file may disappear without an extraction decision.,pending rewrite; source path existence verified
docs/review/evidence/wave47-product/runtime-session.log,review,not yet assigned,Classify before deletion; no file may disappear without an extraction decision.,pending rewrite; source path existence verified
docs/review/evidence/wave47-product/sandbox-build.log,review,not yet assigned,Classify before deletion; no file may disappear without an extraction decision.,pending rewrite; source path existence verified
docs/review/evidence/wave47-product/supervisor-adoption.log,review,not yet assigned,Classify before deletion; no file may disappear without an extraction decision.,pending rewrite; source path existence verified
docs/review/evidence/wave47-product/supervisor-local.log,review,not yet assigned,Classify before deletion; no file may disappear without an extraction decision.,pending rewrite; source path existence verified
docs/review/evidence/wave47-product/types-final.log,review,not yet assigned,Classify before deletion; no file may disappear without an extraction decision.,pending rewrite; source path existence verified
docs/review/evidence/wave47-product/types.log,review,not yet assigned,Classify before deletion; no file may disappear without an extraction decision.,pending rewrite; source path existence verified
docs/review/evidence/wave47-project-cli-execution-independent.txt,review,not yet assigned,Classify before deletion; no file may disappear without an extraction decision.,pending rewrite; source path existence verified
docs/review/evidence/wave47-project-cli-execution-initial.txt,review,not yet assigned,Classify before deletion; no file may disappear without an extraction decision.,pending rewrite; source path existence verified
docs/review/evidence/wave47-project-cli-execution-probe.mjs,review,not yet assigned,Classify before deletion; no file may disappear without an extraction decision.,pending rewrite; source path existence verified
docs/review/evidence/wave47-project-cli-execution.txt,review,not yet assigned,Classify before deletion; no file may disappear without an extraction decision.,pending rewrite; source path existence verified
docs/review/evidence/wave47-project-legacy-resume-cutover-initial.txt,review,not yet assigned,Classify before deletion; no file may disappear without an extraction decision.,pending rewrite; source path existence verified
docs/review/evidence/wave47-project-legacy-resume-cutover-probe.mjs,review,not yet assigned,Classify before deletion; no file may disappear without an extraction decision.,pending rewrite; source path existence verified
docs/review/evidence/wave47-project-legacy-resume-cutover.txt,review,not yet assigned,Classify before deletion; no file may disappear without an extraction decision.,pending rewrite; source path existence verified
docs/review/evidence/wave47-project-scaffold-cli-first-pass.txt,review,not yet assigned,Classify before deletion; no file may disappear without an extraction decision.,pending rewrite; source path existence verified
docs/review/evidence/wave47-project-scaffold-cli-independent.txt,review,not yet assigned,Classify before deletion; no file may disappear without an extraction decision.,pending rewrite; source path existence verified
docs/review/evidence/wave47-project-scaffold-cli-initial.txt,review,not yet assigned,Classify before deletion; no file may disappear without an extraction decision.,pending rewrite; source path existence verified
docs/review/evidence/wave47-project-scaffold-cli-probe.mjs,review,not yet assigned,Classify before deletion; no file may disappear without an extraction decision.,pending rewrite; source path existence verified
docs/review/evidence/wave47-project-scaffold-original-tests.txt,review,not yet assigned,Classify before deletion; no file may disappear without an extraction decision.,pending rewrite; source path existence verified
docs/review/evidence/wave47-project-scaffold-typecheck.txt,review,not yet assigned,Classify before deletion; no file may disappear without an extraction decision.,pending rewrite; source path existence verified
docs/review/evidence/wave47-resource-independent/executor.txt,review,not yet assigned,Classify before deletion; no file may disappear without an extraction decision.,pending rewrite; source path existence verified
docs/review/evidence/wave47-resource-independent/runtime.txt,review,not yet assigned,Classify before deletion; no file may disappear without an extraction decision.,pending rewrite; source path existence verified
docs/review/evidence/wave47-resource-independent/terminal.txt,review,not yet assigned,Classify before deletion; no file may disappear without an extraction decision.,pending rewrite; source path existence verified
docs/review/evidence/wave47-resource-independent/types.txt,review,not yet assigned,Classify before deletion; no file may disappear without an extraction decision.,pending rewrite; source path existence verified
docs/review/evidence/wave47-resume-integrated-final.txt,review,not yet assigned,Classify before deletion; no file may disappear without an extraction decision.,pending rewrite; source path existence verified
docs/review/evidence/wave47-resume-integrated-initial.txt,review,not yet assigned,Classify before deletion; no file may disappear without an extraction decision.,pending rewrite; source path existence verified
docs/review/evidence/wave47-retirement-snapshot-integration-before.txt,review,not yet assigned,Classify before deletion; no file may disappear without an extraction decision.,pending rewrite; source path existence verified
docs/review/evidence/wave47-retirement-snapshot-integration-initial-new-regression.txt,review,not yet assigned,Classify before deletion; no file may disappear without an extraction decision.,pending rewrite; source path existence verified
docs/review/evidence/wave47-retirement-snapshot-integration-lint-invocation-error.txt,review,not yet assigned,Classify before deletion; no file may disappear without an extraction decision.,pending rewrite; source path existence verified
docs/review/evidence/wave47-retirement-snapshot-integration-lint.txt,review,not yet assigned,Classify before deletion; no file may disappear without an extraction decision.,pending rewrite; source path existence verified
docs/review/evidence/wave47-retirement-snapshot-integration-tests.txt,review,not yet assigned,Classify before deletion; no file may disappear without an extraction decision.,pending rewrite; source path existence verified
docs/review/evidence/wave47-root/coverage.log,review,not yet assigned,Classify before deletion; no file may disappear without an extraction decision.,pending rewrite; source path existence verified
docs/review/evidence/wave47-root/integrated-compiler.log,review,not yet assigned,Classify before deletion; no file may disappear without an extraction decision.,pending rewrite; source path existence verified
docs/review/evidence/wave47-root/integrated-nova-types.log,review,not yet assigned,Classify before deletion; no file may disappear without an extraction decision.,pending rewrite; source path existence verified
docs/review/evidence/wave47-root/integrated-prism-types.log,review,not yet assigned,Classify before deletion; no file may disappear without an extraction decision.,pending rewrite; source path existence verified
docs/review/evidence/wave47-root/integrated-runtime-types.log,review,not yet assigned,Classify before deletion; no file may disappear without an extraction decision.,pending rewrite; source path existence verified
docs/review/evidence/wave47-root/integrated-store-sdk.log,review,not yet assigned,Classify before deletion; no file may disappear without an extraction decision.,pending rewrite; source path existence verified
docs/review/evidence/wave47-root/integrated-worker.log,review,not yet assigned,Classify before deletion; no file may disappear without an extraction decision.,pending rewrite; source path existence verified
docs/review/evidence/wave47-root/manifests-corrected.log,review,not yet assigned,Classify before deletion; no file may disappear without an extraction decision.,pending rewrite; source path existence verified
docs/review/evidence/wave47-root/manifests.log,review,not yet assigned,Classify before deletion; no file may disappear without an extraction decision.,pending rewrite; source path existence verified
docs/review/evidence/wave47-root/prism-rounds.log,review,not yet assigned,Classify before deletion; no file may disappear without an extraction decision.,pending rewrite; source path existence verified
docs/review/evidence/wave47-root/release.log,review,not yet assigned,Classify before deletion; no file may disappear without an extraction decision.,pending rewrite; source path existence verified
docs/review/evidence/wave47-root/runtime-operator.log,review,not yet assigned,Classify before deletion; no file may disappear without an extraction decision.,pending rewrite; source path existence verified
docs/review/evidence/wave47-root/trivy-freshness.log,review,not yet assigned,Classify before deletion; no file may disappear without an extraction decision.,pending rewrite; source path existence verified
docs/review/evidence/wave47-scaffold-root-integrated.txt,review,not yet assigned,Classify before deletion; no file may disappear without an extraction decision.,pending rewrite; source path existence verified
docs/review/evidence/wave47-sdk-effects/identity-tests.txt,review,not yet assigned,Classify before deletion; no file may disappear without an extraction decision.,pending rewrite; source path existence verified
docs/review/evidence/wave47-sdk-effects/legacy-producer.txt,review,not yet assigned,Classify before deletion; no file may disappear without an extraction decision.,pending rewrite; source path existence verified
docs/review/evidence/wave47-sdk-effects/legacy-provenance.json,review,not yet assigned,Classify before deletion; no file may disappear without an extraction decision.,pending rewrite; source path existence verified
docs/review/evidence/wave47-sdk-effects/lint.txt,review,not yet assigned,Classify before deletion; no file may disappear without an extraction decision.,pending rewrite; source path existence verified
docs/review/evidence/wave47-sdk-effects/original-effects.txt,review,not yet assigned,Classify before deletion; no file may disappear without an extraction decision.,pending rewrite; source path existence verified
docs/review/evidence/wave47-sdk-effects/phase7.txt,review,not yet assigned,Classify before deletion; no file may disappear without an extraction decision.,pending rewrite; source path existence verified
docs/review/evidence/wave47-sdk-effects/replay-consumers.txt,review,not yet assigned,Classify before deletion; no file may disappear without an extraction decision.,pending rewrite; source path existence verified
docs/review/evidence/wave47-sdk-effects/report-consumer.txt,review,not yet assigned,Classify before deletion; no file may disappear without an extraction decision.,pending rewrite; source path existence verified
docs/review/evidence/wave47-sdk-effects/types.txt,review,not yet assigned,Classify before deletion; no file may disappear without an extraction decision.,pending rewrite; source path existence verified
docs/review/evidence/wave47-sdk-independent-lock-probe.mjs,review,not yet assigned,Classify before deletion; no file may disappear without an extraction decision.,pending rewrite; source path existence verified
docs/review/evidence/wave47-sdk-independent-lock.txt,review,not yet assigned,Classify before deletion; no file may disappear without an extraction decision.,pending rewrite; source path existence verified
docs/review/evidence/wave47-sdk-independent-projection-probe.mjs,review,not yet assigned,Classify before deletion; no file may disappear without an extraction decision.,pending rewrite; source path existence verified
docs/review/evidence/wave47-sdk-independent-projection.txt,review,not yet assigned,Classify before deletion; no file may disappear without an extraction decision.,pending rewrite; source path existence verified
docs/review/evidence/wave47-sdk-independent-review.txt,review,not yet assigned,Classify before deletion; no file may disappear without an extraction decision.,pending rewrite; source path existence verified
docs/review/evidence/wave47-sdk-independent/foreign-ref-after-final.txt,review,not yet assigned,Classify before deletion; no file may disappear without an extraction decision.,pending rewrite; source path existence verified
docs/review/evidence/wave47-sdk-independent/foreign-ref-before.txt,review,not yet assigned,Classify before deletion; no file may disappear without an extraction decision.,pending rewrite; source path existence verified
docs/review/evidence/wave47-sdk-independent/legacy-identity.mjs,review,not yet assigned,Classify before deletion; no file may disappear without an extraction decision.,pending rewrite; source path existence verified
docs/review/evidence/wave47-sdk-independent/legacy-identity.txt,review,not yet assigned,Classify before deletion; no file may disappear without an extraction decision.,pending rewrite; source path existence verified
docs/review/evidence/wave47-sdk-independent/portable-final.txt,review,not yet assigned,Classify before deletion; no file may disappear without an extraction decision.,pending rewrite; source path existence verified
docs/review/evidence/wave47-sdk-independent/project-source-final.txt,review,not yet assigned,Classify before deletion; no file may disappear without an extraction decision.,pending rewrite; source path existence verified
docs/review/evidence/wave47-sdk-independent/read-authorization.txt,review,not yet assigned,Classify before deletion; no file may disappear without an extraction decision.,pending rewrite; source path existence verified
docs/review/evidence/wave47-sdk-independent/ref-proof.mjs,review,not yet assigned,Classify before deletion; no file may disappear without an extraction decision.,pending rewrite; source path existence verified
docs/review/evidence/wave47-sdk-independent/reviewed-source-sha256.txt,review,not yet assigned,Classify before deletion; no file may disappear without an extraction decision.,pending rewrite; source path existence verified
docs/review/evidence/wave47-sdk-independent/sdk-contract.txt,review,not yet assigned,Classify before deletion; no file may disappear without an extraction decision.,pending rewrite; source path existence verified
docs/review/evidence/wave47-sdk-source/compiler-final.txt,review,not yet assigned,Classify before deletion; no file may disappear without an extraction decision.,pending rewrite; source path existence verified
docs/review/evidence/wave47-sdk-source/final-graphs-snapshots.txt,review,not yet assigned,Classify before deletion; no file may disappear without an extraction decision.,pending rewrite; source path existence verified
docs/review/evidence/wave47-sdk-source/final-original-graphs.txt,review,not yet assigned,Classify before deletion; no file may disappear without an extraction decision.,pending rewrite; source path existence verified
docs/review/evidence/wave47-sdk-source/historical-full-resume.txt,review,not yet assigned,Classify before deletion; no file may disappear without an extraction decision.,pending rewrite; source path existence verified
docs/review/evidence/wave47-sdk-source/historical-graph-probe.mjs.txt,review,not yet assigned,Classify before deletion; no file may disappear without an extraction decision.,pending rewrite; source path existence verified
docs/review/evidence/wave47-sdk-source/historical-provenance.json,review,not yet assigned,Classify before deletion; no file may disappear without an extraction decision.,pending rewrite; source path existence verified
docs/review/evidence/wave47-sdk-source/historical-snapshot-capture.mts.txt,review,not yet assigned,Classify before deletion; no file may disappear without an extraction decision.,pending rewrite; source path existence verified
docs/review/evidence/wave47-sdk-source/legacy-capture.txt,review,not yet assigned,Classify before deletion; no file may disappear without an extraction decision.,pending rewrite; source path existence verified
docs/review/evidence/wave47-sdk-source/lint-cli-baseline.txt,review,not yet assigned,Classify before deletion; no file may disappear without an extraction decision.,pending rewrite; source path existence verified
docs/review/evidence/wave47-sdk-source/lint-cli-current.txt,review,not yet assigned,Classify before deletion; no file may disappear without an extraction decision.,pending rewrite; source path existence verified
docs/review/evidence/wave47-sdk-source/lint-final-noncli.txt,review,not yet assigned,Classify before deletion; no file may disappear without an extraction decision.,pending rewrite; source path existence verified
docs/review/evidence/wave47-sdk-source/lint-source-final.txt,review,not yet assigned,Classify before deletion; no file may disappear without an extraction decision.,pending rewrite; source path existence verified
docs/review/evidence/wave47-sdk-source/locale-graphs-after-snapshot.txt,review,not yet assigned,Classify before deletion; no file may disappear without an extraction decision.,pending rewrite; source path existence verified
docs/review/evidence/wave47-sdk-source/locale-graphs.txt,review,not yet assigned,Classify before deletion; no file may disappear without an extraction decision.,pending rewrite; source path existence verified
docs/review/evidence/wave47-sdk-source/phase6-final.txt,review,not yet assigned,Classify before deletion; no file may disappear without an extraction decision.,pending rewrite; source path existence verified
docs/review/evidence/wave47-sdk-source/portable-history-checkout.json,review,not yet assigned,Classify before deletion; no file may disappear without an extraction decision.,pending rewrite; source path existence verified
docs/review/evidence/wave47-sdk-source/portable-history-probe.txt,review,not yet assigned,Classify before deletion; no file may disappear without an extraction decision.,pending rewrite; source path existence verified
docs/review/evidence/wave47-sdk-source/portable-history-tamper.txt,review,not yet assigned,Classify before deletion; no file may disappear without an extraction decision.,pending rewrite; source path existence verified
docs/review/evidence/wave47-sdk-source/project-recovery-final.txt,review,not yet assigned,Classify before deletion; no file may disappear without an extraction decision.,pending rewrite; source path existence verified
docs/review/evidence/wave47-sdk-source/report.txt,review,not yet assigned,Classify before deletion; no file may disappear without an extraction decision.,pending rewrite; source path existence verified
docs/review/evidence/wave47-sdk-source/resume-recheck-original-cli.txt,review,not yet assigned,Classify before deletion; no file may disappear without an extraction decision.,pending rewrite; source path existence verified
docs/review/evidence/wave47-sdk-source/resume-recheck-tests.txt,review,not yet assigned,Classify before deletion; no file may disappear without an extraction decision.,pending rewrite; source path existence verified
docs/review/evidence/wave47-sdk-source/snapshots.txt,review,not yet assigned,Classify before deletion; no file may disappear without an extraction decision.,pending rewrite; source path existence verified
docs/review/evidence/wave47-sdk-source/types-final.txt,review,not yet assigned,Classify before deletion; no file may disappear without an extraction decision.,pending rewrite; source path existence verified
docs/review/evidence/wave47-sdk-subject-compiler.txt,review,not yet assigned,Classify before deletion; no file may disappear without an extraction decision.,pending rewrite; source path existence verified
docs/review/evidence/wave47-sdk-subject-final-source-hashes.txt,review,not yet assigned,Classify before deletion; no file may disappear without an extraction decision.,pending rewrite; source path existence verified
docs/review/evidence/wave47-sdk-subject-independent-historical.txt,review,not yet assigned,Classify before deletion; no file may disappear without an extraction decision.,pending rewrite; source path existence verified
docs/review/evidence/wave47-sdk-subject-independent.txt,review,not yet assigned,Classify before deletion; no file may disappear without an extraction decision.,pending rewrite; source path existence verified
docs/review/evidence/wave47-sdk-subject-original-consumers.txt,review,not yet assigned,Classify before deletion; no file may disappear without an extraction decision.,pending rewrite; source path existence verified
docs/review/evidence/wave47-sdk-subject-project-recovery.txt,review,not yet assigned,Classify before deletion; no file may disappear without an extraction decision.,pending rewrite; source path existence verified
docs/review/evidence/wave47-sdk-subject-source-hashes.txt,review,not yet assigned,Classify before deletion; no file may disappear without an extraction decision.,pending rewrite; source path existence verified
docs/review/evidence/wave47-sdk/artifact-final.txt,review,not yet assigned,Classify before deletion; no file may disappear without an extraction decision.,pending rewrite; source path existence verified
docs/review/evidence/wave47-sdk/demo-owner-final.txt,review,not yet assigned,Classify before deletion; no file may disappear without an extraction decision.,pending rewrite; source path existence verified
docs/review/evidence/wave47-sdk/demo-reference-final.txt,review,not yet assigned,Classify before deletion; no file may disappear without an extraction decision.,pending rewrite; source path existence verified
docs/review/evidence/wave47-sdk/generated-check.txt,review,not yet assigned,Classify before deletion; no file may disappear without an extraction decision.,pending rewrite; source path existence verified
docs/review/evidence/wave47-sdk/implementation-final.txt,review,not yet assigned,Classify before deletion; no file may disappear without an extraction decision.,pending rewrite; source path existence verified
docs/review/evidence/wave47-sdk/lint-complete-final.txt,review,not yet assigned,Classify before deletion; no file may disappear without an extraction decision.,pending rewrite; source path existence verified
docs/review/evidence/wave47-sdk/nova-types-final.txt,review,not yet assigned,Classify before deletion; no file may disappear without an extraction decision.,pending rewrite; source path existence verified
docs/review/evidence/wave47-sdk/original-consumers.txt,review,not yet assigned,Classify before deletion; no file may disappear without an extraction decision.,pending rewrite; source path existence verified
docs/review/evidence/wave47-sdk/portable-reference-final.txt,review,not yet assigned,Classify before deletion; no file may disappear without an extraction decision.,pending rewrite; source path existence verified
docs/review/evidence/wave47-sdk/repair-evidence.ts-baseline-lint.txt,review,not yet assigned,Classify before deletion; no file may disappear without an extraction decision.,pending rewrite; source path existence verified
docs/review/evidence/wave47-sdk/sdk-build-final.txt,review,not yet assigned,Classify before deletion; no file may disappear without an extraction decision.,pending rewrite; source path existence verified
docs/review/evidence/wave47-sdk/sdk-tests-final.txt,review,not yet assigned,Classify before deletion; no file may disappear without an extraction decision.,pending rewrite; source path existence verified
docs/review/evidence/wave47-sdk/source-consumers.txt,review,not yet assigned,Classify before deletion; no file may disappear without an extraction decision.,pending rewrite; source path existence verified
docs/review/evidence/wave47-sdk/source-graphs-registered.txt,review,not yet assigned,Classify before deletion; no file may disappear without an extraction decision.,pending rewrite; source path existence verified
docs/review/evidence/wave47-sdk/summary-final.txt,review,not yet assigned,Classify before deletion; no file may disappear without an extraction decision.,pending rewrite; source path existence verified
docs/review/evidence/wave47-sdk/summary-reference-final.txt,review,not yet assigned,Classify before deletion; no file may disappear without an extraction decision.,pending rewrite; source path existence verified
docs/review/evidence/wave47-store-independent/accounting-final.mjs,review,not yet assigned,Classify before deletion; no file may disappear without an extraction decision.,pending rewrite; source path existence verified
docs/review/evidence/wave47-store-independent/accounting-final.txt,review,not yet assigned,Classify before deletion; no file may disappear without an extraction decision.,pending rewrite; source path existence verified
docs/review/evidence/wave47-store-independent/retirement-accounting-probe.txt,review,not yet assigned,Classify before deletion; no file may disappear without an extraction decision.,pending rewrite; source path existence verified
docs/review/evidence/wave47-store-independent/retirement-final.txt,review,not yet assigned,Classify before deletion; no file may disappear without an extraction decision.,pending rewrite; source path existence verified
docs/review/evidence/wave47-store-independent/reviewed-source-sha256.txt,review,not yet assigned,Classify before deletion; no file may disappear without an extraction decision.,pending rewrite; source path existence verified
docs/review/evidence/wave47-store-independent/shared-consumers.txt,review,not yet assigned,Classify before deletion; no file may disappear without an extraction decision.,pending rewrite; source path existence verified
docs/review/evidence/wave47-telemetry-accounting-fixed.txt,review,not yet assigned,Classify before deletion; no file may disappear without an extraction decision.,pending rewrite; source path existence verified
docs/review/evidence/wave47-telemetry-artifact-consumer.txt,review,not yet assigned,Classify before deletion; no file may disappear without an extraction decision.,pending rewrite; source path existence verified
docs/review/evidence/wave47-telemetry-consumer.txt,review,not yet assigned,Classify before deletion; no file may disappear without an extraction decision.,pending rewrite; source path existence verified
docs/review/evidence/wave47-telemetry-lint-final.txt,review,not yet assigned,Classify before deletion; no file may disappear without an extraction decision.,pending rewrite; source path existence verified
docs/review/evidence/wave47-telemetry-lint.txt,review,not yet assigned,Classify before deletion; no file may disappear without an extraction decision.,pending rewrite; source path existence verified
docs/review/evidence/wave47-telemetry-retirement-tests-final.txt,review,not yet assigned,Classify before deletion; no file may disappear without an extraction decision.,pending rewrite; source path existence verified
docs/review/evidence/wave47-telemetry-retirement-tests.txt,review,not yet assigned,Classify before deletion; no file may disappear without an extraction decision.,pending rewrite; source path existence verified
docs/review/evidence/wave47-telemetry-types-final.txt,review,not yet assigned,Classify before deletion; no file may disappear without an extraction decision.,pending rewrite; source path existence verified
docs/review/evidence/wave47-telemetry-types.txt,review,not yet assigned,Classify before deletion; no file may disappear without an extraction decision.,pending rewrite; source path existence verified
docs/review/evidence/wave47-trust/deployment.txt,review,not yet assigned,Classify before deletion; no file may disappear without an extraction decision.,pending rewrite; source path existence verified
docs/review/evidence/wave47-trust/trust-auth.txt,review,not yet assigned,Classify before deletion; no file may disappear without an extraction decision.,pending rewrite; source path existence verified
docs/review/evidence/wave47-trust/trust-lint.txt,review,not yet assigned,Classify before deletion; no file may disappear without an extraction decision.,pending rewrite; source path existence verified
docs/review/evidence/wave47-trust/trust-native.txt,review,not yet assigned,Classify before deletion; no file may disappear without an extraction decision.,pending rewrite; source path existence verified
docs/review/evidence/wave47-trust/trust-render-after.txt,review,not yet assigned,Classify before deletion; no file may disappear without an extraction decision.,pending rewrite; source path existence verified
docs/review/evidence/wave47-trust/trust-render.txt,review,not yet assigned,Classify before deletion; no file may disappear without an extraction decision.,pending rewrite; source path existence verified
docs/review/evidence/wave48-attempt-retirement-boundary.txt,review,not yet assigned,Classify before deletion; no file may disappear without an extraction decision.,pending rewrite; source path existence verified
docs/review/evidence/wave48-prism-product/baseline-control-lint.log,review,not yet assigned,Classify before deletion; no file may disappear without an extraction decision.,pending rewrite; source path existence verified
docs/review/evidence/wave48-prism-product/existing-lint.log,review,not yet assigned,Classify before deletion; no file may disappear without an extraction decision.,pending rewrite; source path existence verified
docs/review/evidence/wave48-prism-product/lint.log,review,not yet assigned,Classify before deletion; no file may disappear without an extraction decision.,pending rewrite; source path existence verified
docs/review/evidence/wave48-prism-product/targeted-tests.log,review,not yet assigned,Classify before deletion; no file may disappear without an extraction decision.,pending rewrite; source path existence verified
docs/review/evidence/wave48-prism-product/typecheck.log,review,not yet assigned,Classify before deletion; no file may disappear without an extraction decision.,pending rewrite; source path existence verified
docs/review/evidence/wave48-product-controller/controller-final.txt,review,not yet assigned,Classify before deletion; no file may disappear without an extraction decision.,pending rewrite; source path existence verified
docs/review/evidence/wave48-product-controller/controller-full-initial.txt,review,not yet assigned,Classify before deletion; no file may disappear without an extraction decision.,pending rewrite; source path existence verified
docs/review/evidence/wave48-product-controller/go-vet-final.txt,review,not yet assigned,Classify before deletion; no file may disappear without an extraction decision.,pending rewrite; source path existence verified
docs/review/evidence/wave48-product-controller/helm-cel-boundary.txt,review,not yet assigned,Classify before deletion; no file may disappear without an extraction decision.,pending rewrite; source path existence verified
docs/review/evidence/wave48-product-controller/helm-contract-final.txt,review,not yet assigned,Classify before deletion; no file may disappear without an extraction decision.,pending rewrite; source path existence verified
docs/review/evidence/wave48-product-controller/helm-contract-initial.txt,review,not yet assigned,Classify before deletion; no file may disappear without an extraction decision.,pending rewrite; source path existence verified
docs/review/evidence/wave48-product-controller/native-k8s-context.txt,review,not yet assigned,Classify before deletion; no file may disappear without an extraction decision.,pending rewrite; source path existence verified
docs/review/evidence/wave48-product-controller/product-cel-boundary.txt,review,not yet assigned,Classify before deletion; no file may disappear without an extraction decision.,pending rewrite; source path existence verified
docs/review/evidence/wave48-product-controller/product-interop-initial.txt,review,not yet assigned,Classify before deletion; no file may disappear without an extraction decision.,pending rewrite; source path existence verified
docs/review/evidence/wave48-product-independent/go-product-cost-followup.txt,review,not yet assigned,Classify before deletion; no file may disappear without an extraction decision.,pending rewrite; source path existence verified
docs/review/evidence/wave48-product-independent/go-product.txt,review,not yet assigned,Classify before deletion; no file may disappear without an extraction decision.,pending rewrite; source path existence verified
docs/review/evidence/wave48-product-independent/prism-chart.txt,review,not yet assigned,Classify before deletion; no file may disappear without an extraction decision.,pending rewrite; source path existence verified
docs/review/evidence/wave48-product-independent/prism-product.txt,review,not yet assigned,Classify before deletion; no file may disappear without an extraction decision.,pending rewrite; source path existence verified
docs/review/evidence/wave48-product-independent/prism-tls.txt,review,not yet assigned,Classify before deletion; no file may disappear without an extraction decision.,pending rewrite; source path existence verified
docs/review/evidence/wave48-product-independent/source-sha256.json,review,not yet assigned,Classify before deletion; no file may disappear without an extraction decision.,pending rewrite; source path existence verified
docs/review/evidence/wave49-prism-control-http/bounded-modules-lint.txt,review,not yet assigned,Classify before deletion; no file may disappear without an extraction decision.,pending rewrite; source path existence verified
docs/review/evidence/wave49-prism-control-http/commands.md,review,not yet assigned,Classify before deletion; no file may disappear without an extraction decision.,pending rewrite; source path existence verified
docs/review/evidence/wave49-prism-control-http/config-structured.txt,review,not yet assigned,Classify before deletion; no file may disappear without an extraction decision.,pending rewrite; source path existence verified
docs/review/evidence/wave49-prism-control-http/deploy-contract-before.txt,review,not yet assigned,Classify before deletion; no file may disappear without an extraction decision.,pending rewrite; source path existence verified
docs/review/evidence/wave49-prism-control-http/deploy-contract.txt,review,not yet assigned,Classify before deletion; no file may disappear without an extraction decision.,pending rewrite; source path existence verified
docs/review/evidence/wave49-prism-control-http/independent-regressions.txt,review,not yet assigned,Classify before deletion; no file may disappear without an extraction decision.,pending rewrite; source path existence verified
docs/review/evidence/wave49-prism-control-http/independent-structured-lint.txt,review,not yet assigned,Classify before deletion; no file may disappear without an extraction decision.,pending rewrite; source path existence verified
docs/review/evidence/wave49-prism-control-http/independent-structured-regressions.txt,review,not yet assigned,Classify before deletion; no file may disappear without an extraction decision.,pending rewrite; source path existence verified
docs/review/evidence/wave49-prism-control-http/lint-before.txt,review,not yet assigned,Classify before deletion; no file may disappear without an extraction decision.,pending rewrite; source path existence verified
docs/review/evidence/wave49-prism-control-http/lint-structured.txt,review,not yet assigned,Classify before deletion; no file may disappear without an extraction decision.,pending rewrite; source path existence verified
docs/review/evidence/wave49-prism-control-http/lint.txt,review,not yet assigned,Classify before deletion; no file may disappear without an extraction decision.,pending rewrite; source path existence verified
docs/review/evidence/wave49-prism-control-http/new-modules-lint.txt,review,not yet assigned,Classify before deletion; no file may disappear without an extraction decision.,pending rewrite; source path existence verified
docs/review/evidence/wave49-prism-control-http/regressions-structured.txt,review,not yet assigned,Classify before deletion; no file may disappear without an extraction decision.,pending rewrite; source path existence verified
docs/review/evidence/wave49-prism-control-http/regressions.txt,review,not yet assigned,Classify before deletion; no file may disappear without an extraction decision.,pending rewrite; source path existence verified
docs/review/evidence/wave49-prism-control-http/typecheck-final.txt,review,not yet assigned,Classify before deletion; no file may disappear without an extraction decision.,pending rewrite; source path existence verified
docs/review/evidence/wave49-prism-control-http/typecheck-structured.txt,review,not yet assigned,Classify before deletion; no file may disappear without an extraction decision.,pending rewrite; source path existence verified
docs/review/evidence/wave49-prism-control-http/typecheck.txt,review,not yet assigned,Classify before deletion; no file may disappear without an extraction decision.,pending rewrite; source path existence verified
docs/review/evidence/worker-contract-tests.txt,review,not yet assigned,Classify before deletion; no file may disappear without an extraction decision.,pending rewrite; source path existence verified
docs/review/evidence/worker-core-tests.txt,review,not yet assigned,Classify before deletion; no file may disappear without an extraction decision.,pending rewrite; source path existence verified
docs/review/evidence/worker-deadline-tests.txt,review,not yet assigned,Classify before deletion; no file may disappear without an extraction decision.,pending rewrite; source path existence verified
docs/review/evidence/worker-resource-native-gates.txt,review,not yet assigned,Classify before deletion; no file may disappear without an extraction decision.,pending rewrite; source path existence verified
docs/review/evidence/worker-terminal-resources-after.txt,review,not yet assigned,Classify before deletion; no file may disappear without an extraction decision.,pending rewrite; source path existence verified
docs/review/evidence/worker-terminal-resources-before.txt,review,not yet assigned,Classify before deletion; no file may disappear without an extraction decision.,pending rewrite; source path existence verified
docs/review/evidence/worker-terminal-resources-lint.json,review,not yet assigned,Classify before deletion; no file may disappear without an extraction decision.,pending rewrite; source path existence verified
docs/review/evidence/workflow-trust-split.txt,review,not yet assigned,Classify before deletion; no file may disappear without an extraction decision.,pending rewrite; source path existence verified
docs/review/findings.md,review,not yet assigned,Classify before deletion; no file may disappear without an extraction decision.,pending rewrite; source path existence verified
docs/review/handoff.md,review,not yet assigned,Classify before deletion; no file may disappear without an extraction decision.,pending rewrite; source path existence verified
docs/review/infrastructure/README.md,review,not yet assigned,Classify before deletion; no file may disappear without an extraction decision.,pending rewrite; source path existence verified
docs/review/infrastructure/argocd.md,review,not yet assigned,Classify before deletion; no file may disappear without an extraction decision.,pending rewrite; source path existence verified
docs/review/infrastructure/backup-recovery.md,review,not yet assigned,Classify before deletion; no file may disappear without an extraction decision.,pending rewrite; source path existence verified
docs/review/infrastructure/buildkit.md,review,not yet assigned,Classify before deletion; no file may disappear without an extraction decision.,pending rewrite; source path existence verified
docs/review/infrastructure/ci-build.md,review,not yet assigned,Classify before deletion; no file may disappear without an extraction decision.,pending rewrite; source path existence verified
docs/review/infrastructure/cilium-migration.md,review,not yet assigned,Classify before deletion; no file may disappear without an extraction decision.,pending rewrite; source path existence verified
docs/review/infrastructure/cluster-bootstrap.md,review,not yet assigned,Classify before deletion; no file may disappear without an extraction decision.,pending rewrite; source path existence verified
docs/review/infrastructure/envoy.md,review,not yet assigned,Classify before deletion; no file may disappear without an extraction decision.,pending rewrite; source path existence verified
docs/review/infrastructure/findings-index.json,review,not yet assigned,Classify before deletion; no file may disappear without an extraction decision.,pending rewrite; source path existence verified
docs/review/infrastructure/handoff.md,review,not yet assigned,Classify before deletion; no file may disappear without an extraction decision.,pending rewrite; source path existence verified
docs/review/infrastructure/inventory-data.json,review,not yet assigned,Classify before deletion; no file may disappear without an extraction decision.,pending rewrite; source path existence verified
docs/review/infrastructure/inventory.md,review,not yet assigned,Classify before deletion; no file may disappear without an extraction decision.,pending rewrite; source path existence verified
docs/review/infrastructure/litellm-postgresql.md,review,not yet assigned,Classify before deletion; no file may disappear without an extraction decision.,pending rewrite; source path existence verified
docs/review/infrastructure/litellm.md,review,not yet assigned,Classify before deletion; no file may disappear without an extraction decision.,pending rewrite; source path existence verified
docs/review/infrastructure/namespace-broker.md,review,not yet assigned,Classify before deletion; no file may disappear without an extraction decision.,pending rewrite; source path existence verified
docs/review/infrastructure/network-dns.md,review,not yet assigned,Classify before deletion; no file may disappear without an extraction decision.,pending rewrite; source path existence verified
docs/review/infrastructure/observability.md,review,not yet assigned,Classify before deletion; no file may disappear without an extraction decision.,pending rewrite; source path existence verified
docs/review/infrastructure/ops-mcp.md,review,not yet assigned,Classify before deletion; no file may disappear without an extraction decision.,pending rewrite; source path existence verified
docs/review/infrastructure/ops-pod.md,review,not yet assigned,Classify before deletion; no file may disappear without an extraction decision.,pending rewrite; source path existence verified
docs/review/infrastructure/paths/administrative-access.md,review,not yet assigned,Classify before deletion; no file may disappear without an extraction decision.,pending rewrite; source path existence verified
docs/review/infrastructure/paths/bootstrap.md,review,not yet assigned,Classify before deletion; no file may disappear without an extraction decision.,pending rewrite; source path existence verified
docs/review/infrastructure/paths/cni-migration.md,review,not yet assigned,Classify before deletion; no file may disappear without an extraction decision.,pending rewrite; source path existence verified
docs/review/infrastructure/paths/image-release.md,review,not yet assigned,Classify before deletion; no file may disappear without an extraction decision.,pending rewrite; source path existence verified
docs/review/infrastructure/paths/persistence-restore.md,review,not yet assigned,Classify before deletion; no file may disappear without an extraction decision.,pending rewrite; source path existence verified
docs/review/infrastructure/paths/pipeline-communication.md,review,not yet assigned,Classify before deletion; no file may disappear without an extraction decision.,pending rewrite; source path existence verified
docs/review/infrastructure/prism-postgresql.md,review,not yet assigned,Classify before deletion; no file may disappear without an extraction decision.,pending rewrite; source path existence verified
docs/review/infrastructure/prism-workloads.md,review,not yet assigned,Classify before deletion; no file may disappear without an extraction decision.,pending rewrite; source path existence verified
docs/review/infrastructure/public-config.md,review,not yet assigned,Classify before deletion; no file may disappear without an extraction decision.,pending rewrite; source path existence verified
docs/review/infrastructure/qdrant.md,review,not yet assigned,Classify before deletion; no file may disappear without an extraction decision.,pending rewrite; source path existence verified
docs/review/infrastructure/redis.md,review,not yet assigned,Classify before deletion; no file may disappear without an extraction decision.,pending rewrite; source path existence verified
docs/review/infrastructure/registry-local.md,review,not yet assigned,Classify before deletion; no file may disappear without an extraction decision.,pending rewrite; source path existence verified
docs/review/infrastructure/registry-mirror.md,review,not yet assigned,Classify before deletion; no file may disappear without an extraction decision.,pending rewrite; source path existence verified
docs/review/infrastructure/release-promotion.md,review,not yet assigned,Classify before deletion; no file may disappear without an extraction decision.,pending rewrite; source path existence verified
docs/review/infrastructure/role-workloads.md,review,not yet assigned,Classify before deletion; no file may disappear without an extraction decision.,pending rewrite; source path existence verified
docs/review/infrastructure/runtime-images.md,review,not yet assigned,Classify before deletion; no file may disappear without an extraction decision.,pending rewrite; source path existence verified
docs/review/infrastructure/secrets.md,review,not yet assigned,Classify before deletion; no file may disappear without an extraction decision.,pending rewrite; source path existence verified
docs/review/infrastructure/source-coverage.md,review,not yet assigned,Classify before deletion; no file may disappear without an extraction decision.,pending rewrite; source path existence verified
docs/review/infrastructure/spire.md,review,not yet assigned,Classify before deletion; no file may disappear without an extraction decision.,pending rewrite; source path existence verified
docs/review/infrastructure/storage.md,review,not yet assigned,Classify before deletion; no file may disappear without an extraction decision.,pending rewrite; source path existence verified
docs/review/infrastructure/tailscale.md,review,not yet assigned,Classify before deletion; no file may disappear without an extraction decision.,pending rewrite; source path existence verified
docs/review/infrastructure/updates-security.md,review,not yet assigned,Classify before deletion; no file may disappear without an extraction decision.,pending rewrite; source path existence verified
docs/review/infrastructure/verification-results.json,review,not yet assigned,Classify before deletion; no file may disappear without an extraction decision.,pending rewrite; source path existence verified
docs/review/infrastructure/verification.md,review,not yet assigned,Classify before deletion; no file may disappear without an extraction decision.,pending rewrite; source path existence verified
docs/review/inventory-data.json,review,not yet assigned,Classify before deletion; no file may disappear without an extraction decision.,pending rewrite; source path existence verified
docs/review/inventory.md,review,not yet assigned,Classify before deletion; no file may disappear without an extraction decision.,pending rewrite; source path existence verified
docs/review/operations-and-packaging.md,review,not yet assigned,Classify before deletion; no file may disappear without an extraction decision.,pending rewrite; source path existence verified
docs/review/paths/README.md,review,not yet assigned,Classify before deletion; no file may disappear without an extraction decision.,pending rewrite; source path existence verified
docs/review/paths/T01-happy-path.md,review,not yet assigned,Classify before deletion; no file may disappear without an extraction decision.,pending rewrite; source path existence verified
docs/review/paths/T02-design-feedback.md,review,not yet assigned,Classify before deletion; no file may disappear without an extraction decision.,pending rewrite; source path existence verified
docs/review/paths/T03-architecture-repair.md,review,not yet assigned,Classify before deletion; no file may disappear without an extraction decision.,pending rewrite; source path existence verified
docs/review/paths/T04-risk-acceptance.md,review,not yet assigned,Classify before deletion; no file may disappear without an extraction decision.,pending rewrite; source path existence verified
docs/review/paths/T05-module-repairs.md,review,not yet assigned,Classify before deletion; no file may disappear without an extraction decision.,pending rewrite; source path existence verified
docs/review/paths/T06-parallel-modules.md,review,not yet assigned,Classify before deletion; no file may disappear without an extraction decision.,pending rewrite; source path existence verified
docs/review/paths/T07-git-failures.md,review,not yet assigned,Classify before deletion; no file may disappear without an extraction decision.,pending rewrite; source path existence verified
docs/review/paths/T08-restart-resume.md,review,not yet assigned,Classify before deletion; no file may disappear without an extraction decision.,pending rewrite; source path existence verified
docs/review/paths/T09-retry-escalation.md,review,not yet assigned,Classify before deletion; no file may disappear without an extraction decision.,pending rewrite; source path existence verified
docs/review/paths/T10-minimal-checks.md,review,not yet assigned,Classify before deletion; no file may disappear without an extraction decision.,pending rewrite; source path existence verified
docs/review/paths/T11-deterministic-suites.md,review,not yet assigned,Classify before deletion; no file may disappear without an extraction decision.,pending rewrite; source path existence verified
docs/review/paths/T12-test-agent.md,review,not yet assigned,Classify before deletion; no file may disappear without an extraction decision.,pending rewrite; source path existence verified
docs/review/paths/T13-cumulative-gates.md,review,not yet assigned,Classify before deletion; no file may disappear without an extraction decision.,pending rewrite; source path existence verified
docs/review/paths/T14-operator-preview.md,review,not yet assigned,Classify before deletion; no file may disappear without an extraction decision.,pending rewrite; source path existence verified
docs/review/paths/T15-pipeline-review.md,review,not yet assigned,Classify before deletion; no file may disappear without an extraction decision.,pending rewrite; source path existence verified
docs/review/paths/T16-case-study-closeout.md,review,not yet assigned,Classify before deletion; no file may disappear without an extraction decision.,pending rewrite; source path existence verified
docs/review/paths/orchestrator-verification.md,review,not yet assigned,Classify before deletion; no file may disappear without an extraction decision.,pending rewrite; source path existence verified
docs/review/paths/report.md,review,not yet assigned,Classify before deletion; no file may disappear without an extraction decision.,pending rewrite; source path existence verified
docs/review/prism-spikes.md,review,not yet assigned,Classify before deletion; no file may disappear without an extraction decision.,pending rewrite; source path existence verified
docs/review/remediation/README.md,review,not yet assigned,Classify before deletion; no file may disappear without an extraction decision.,pending rewrite; source path existence verified
docs/review/remediation/candidates/worker-trust-native-unverified.patch,review,not yet assigned,Classify before deletion; no file may disappear without an extraction decision.,pending rewrite; source path existence verified
docs/review/remediation/decisions.md,review,not yet assigned,Classify before deletion; no file may disappear without an extraction decision.,pending rewrite; source path existence verified
docs/review/remediation/design/sdk-canonical-consumers.json,review,not yet assigned,Classify before deletion; no file may disappear without an extraction decision.,pending rewrite; source path existence verified
docs/review/remediation/evidence/run13-report-independent-extra.txt,review,not yet assigned,Classify before deletion; no file may disappear without an extraction decision.,pending rewrite; source path existence verified
docs/review/remediation/evidence/run14-report-independent-before.txt,review,not yet assigned,Classify before deletion; no file may disappear without an extraction decision.,pending rewrite; source path existence verified
docs/review/remediation/evidence/run14-report-independent-checks.txt,review,not yet assigned,Classify before deletion; no file may disappear without an extraction decision.,pending rewrite; source path existence verified
docs/review/remediation/evidence/run14-report-independent-quiet.txt,review,not yet assigned,Classify before deletion; no file may disappear without an extraction decision.,pending rewrite; source path existence verified
docs/review/remediation/evidence/run14-report-independent-supplement.txt,review,not yet assigned,Classify before deletion; no file may disappear without an extraction decision.,pending rewrite; source path existence verified
docs/review/remediation/evidence/run15-report-independent-current.txt,review,not yet assigned,Classify before deletion; no file may disappear without an extraction decision.,pending rewrite; source path existence verified
docs/review/remediation/evidence/run7-operator-authority-fixture.txt,review,not yet assigned,Classify before deletion; no file may disappear without an extraction decision.,pending rewrite; source path existence verified
docs/review/remediation/evidence/run8-operator-author-matrix.txt,review,not yet assigned,Classify before deletion; no file may disappear without an extraction decision.,pending rewrite; source path existence verified
docs/review/remediation/evidence/run8-operator-initial-runtime.txt,review,not yet assigned,Classify before deletion; no file may disappear without an extraction decision.,pending rewrite; source path existence verified
docs/review/remediation/evidence/run8-operator-sibling-regression.txt,review,not yet assigned,Classify before deletion; no file may disappear without an extraction decision.,pending rewrite; source path existence verified
docs/review/remediation/evidence/run9-operator-sdk-checks.txt,review,not yet assigned,Classify before deletion; no file may disappear without an extraction decision.,pending rewrite; source path existence verified
docs/review/remediation/evidence/run9-operator-sdk-matrix.txt,review,not yet assigned,Classify before deletion; no file may disappear without an extraction decision.,pending rewrite; source path existence verified
docs/review/remediation/evidence/run9-operator-sdk-sibling.txt,review,not yet assigned,Classify before deletion; no file may disappear without an extraction decision.,pending rewrite; source path existence verified
docs/review/remediation/evidence/run9-runtime-profile-before.txt,review,not yet assigned,Classify before deletion; no file may disappear without an extraction decision.,pending rewrite; source path existence verified
docs/review/remediation/evidence/run9-runtime-profile-checks.txt,review,not yet assigned,Classify before deletion; no file may disappear without an extraction decision.,pending rewrite; source path existence verified
docs/review/remediation/evidence/run9-runtime-profile-final-matrix.txt,review,not yet assigned,Classify before deletion; no file may disappear without an extraction decision.,pending rewrite; source path existence verified
docs/review/remediation/evidence/run9-runtime-profile-first-matrix.txt,review,not yet assigned,Classify before deletion; no file may disappear without an extraction decision.,pending rewrite; source path existence verified
docs/review/remediation/evidence/run9-runtime-profile-legacy-cli.txt,review,not yet assigned,Classify before deletion; no file may disappear without an extraction decision.,pending rewrite; source path existence verified
docs/review/remediation/evidence/run9-runtime-profile-reconciled-checks.txt,review,not yet assigned,Classify before deletion; no file may disappear without an extraction decision.,pending rewrite; source path existence verified
docs/review/remediation/evidence/run9-runtime-profile-reconciled-dependencies.txt,review,not yet assigned,Classify before deletion; no file may disappear without an extraction decision.,pending rewrite; source path existence verified
docs/review/remediation/evidence/run9-runtime-profile-reconciled-matrix.txt,review,not yet assigned,Classify before deletion; no file may disappear without an extraction decision.,pending rewrite; source path existence verified
docs/review/remediation/evidence/run9-runtime-profile-reconciled-review-first.txt,review,not yet assigned,Classify before deletion; no file may disappear without an extraction decision.,pending rewrite; source path existence verified
docs/review/remediation/evidence/run9-runtime-profile-reconciled-review-quiet.txt,review,not yet assigned,Classify before deletion; no file may disappear without an extraction decision.,pending rewrite; source path existence verified
docs/review/remediation/handoff.md,review,not yet assigned,Classify before deletion; no file may disappear without an extraction decision.,pending rewrite; source path existence verified
docs/review/remediation/implementation/adapter-dependency-identity.md,review,not yet assigned,Classify before deletion; no file may disappear without an extraction decision.,pending rewrite; source path existence verified
docs/review/remediation/implementation/approval-invalidation.md,review,not yet assigned,Classify before deletion; no file may disappear without an extraction decision.,pending rewrite; source path existence verified
docs/review/remediation/implementation/approval-source-binding.md,review,not yet assigned,Classify before deletion; no file may disappear without an extraction decision.,pending rewrite; source path existence verified
docs/review/remediation/implementation/attempt-owner-launcher-admission-design.md,review,not yet assigned,Classify before deletion; no file may disappear without an extraction decision.,pending rewrite; source path existence verified
docs/review/remediation/implementation/attempt-resource-accountability-boundary.md,review,not yet assigned,Classify before deletion; no file may disappear without an extraction decision.,pending rewrite; source path existence verified
docs/review/remediation/implementation/build-command.md,review,not yet assigned,Classify before deletion; no file may disappear without an extraction decision.,pending rewrite; source path existence verified
docs/review/remediation/implementation/buildkit-preflight-version.md,review,not yet assigned,Classify before deletion; no file may disappear without an extraction decision.,pending rewrite; source path existence verified
docs/review/remediation/implementation/buster-engine.md,review,not yet assigned,Classify before deletion; no file may disappear without an extraction decision.,pending rewrite; source path existence verified
docs/review/remediation/implementation/buster-job-compaction.md,review,not yet assigned,Classify before deletion; no file may disappear without an extraction decision.,pending rewrite; source path existence verified
docs/review/remediation/implementation/buster-orphan-recovery-boundary.md,review,not yet assigned,Classify before deletion; no file may disappear without an extraction decision.,pending rewrite; source path existence verified
docs/review/remediation/implementation/buster-readiness.md,review,not yet assigned,Classify before deletion; no file may disappear without an extraction decision.,pending rewrite; source path existence verified
docs/review/remediation/implementation/capability-redis-import.md,review,not yet assigned,Classify before deletion; no file may disappear without an extraction decision.,pending rewrite; source path existence verified
docs/review/remediation/implementation/contracts-2.md,review,not yet assigned,Classify before deletion; no file may disappear without an extraction decision.,pending rewrite; source path existence verified
docs/review/remediation/implementation/contracts.md,review,not yet assigned,Classify before deletion; no file may disappear without an extraction decision.,pending rewrite; source path existence verified
docs/review/remediation/implementation/demo-auth-evidence.md,review,not yet assigned,Classify before deletion; no file may disappear without an extraction decision.,pending rewrite; source path existence verified
docs/review/remediation/implementation/demo-credential-handoff.md,review,not yet assigned,Classify before deletion; no file may disappear without an extraction decision.,pending rewrite; source path existence verified
docs/review/remediation/implementation/demo-generation-receipt-context.md,review,not yet assigned,Classify before deletion; no file may disappear without an extraction decision.,pending rewrite; source path existence verified
docs/review/remediation/implementation/demo-handoff-independent-review.md,review,not yet assigned,Classify before deletion; no file may disappear without an extraction decision.,pending rewrite; source path existence verified
docs/review/remediation/implementation/demo-handoff.md,review,not yet assigned,Classify before deletion; no file may disappear without an extraction decision.,pending rewrite; source path existence verified
docs/review/remediation/implementation/demo-ready-controller-contract.md,review,not yet assigned,Classify before deletion; no file may disappear without an extraction decision.,pending rewrite; source path existence verified
docs/review/remediation/implementation/demo-retention-policy-design.md,review,not yet assigned,Classify before deletion; no file may disappear without an extraction decision.,pending rewrite; source path existence verified
docs/review/remediation/implementation/demo-role-packaging.md,review,not yet assigned,Classify before deletion; no file may disappear without an extraction decision.,pending rewrite; source path existence verified
docs/review/remediation/implementation/deployment-release-selection.md,review,not yet assigned,Classify before deletion; no file may disappear without an extraction decision.,pending rewrite; source path existence verified
docs/review/remediation/implementation/discord-delivery-receipt.md,review,not yet assigned,Classify before deletion; no file may disappear without an extraction decision.,pending rewrite; source path existence verified
docs/review/remediation/implementation/effects.md,review,not yet assigned,Classify before deletion; no file may disappear without an extraction decision.,pending rewrite; source path existence verified
docs/review/remediation/implementation/evidence-resource-lock.md,review,not yet assigned,Classify before deletion; no file may disappear without an extraction decision.,pending rewrite; source path existence verified
docs/review/remediation/implementation/forge-workspace.md,review,not yet assigned,Classify before deletion; no file may disappear without an extraction decision.,pending rewrite; source path existence verified
docs/review/remediation/implementation/gate-coverage.md,review,not yet assigned,Classify before deletion; no file may disappear without an extraction decision.,pending rewrite; source path existence verified
docs/review/remediation/implementation/git-repository.md,review,not yet assigned,Classify before deletion; no file may disappear without an extraction decision.,pending rewrite; source path existence verified
docs/review/remediation/implementation/github-action-pins.md,review,not yet assigned,Classify before deletion; no file may disappear without an extraction decision.,pending rewrite; source path existence verified
docs/review/remediation/implementation/ingestion-service.md,review,not yet assigned,Classify before deletion; no file may disappear without an extraction decision.,pending rewrite; source path existence verified
docs/review/remediation/implementation/integration-resume.md,review,not yet assigned,Classify before deletion; no file may disappear without an extraction decision.,pending rewrite; source path existence verified
docs/review/remediation/implementation/isolation.md,review,not yet assigned,Classify before deletion; no file may disappear without an extraction decision.,pending rewrite; source path existence verified
docs/review/remediation/implementation/junit-executed-required.md,review,not yet assigned,Classify before deletion; no file may disappear without an extraction decision.,pending rewrite; source path existence verified
docs/review/remediation/implementation/lint.md,review,not yet assigned,Classify before deletion; no file may disappear without an extraction decision.,pending rewrite; source path existence verified
docs/review/remediation/implementation/namespace-broker.md,review,not yet assigned,Classify before deletion; no file may disappear without an extraction decision.,pending rewrite; source path existence verified
docs/review/remediation/implementation/nova-gate-deadlines.md,review,not yet assigned,Classify before deletion; no file may disappear without an extraction decision.,pending rewrite; source path existence verified
docs/review/remediation/implementation/nova-remote-boundaries.md,review,not yet assigned,Classify before deletion; no file may disappear without an extraction decision.,pending rewrite; source path existence verified
docs/review/remediation/implementation/nova-repair-budget.md,review,not yet assigned,Classify before deletion; no file may disappear without an extraction decision.,pending rewrite; source path existence verified
docs/review/remediation/implementation/observability-replay.md,review,not yet assigned,Classify before deletion; no file may disappear without an extraction decision.,pending rewrite; source path existence verified
docs/review/remediation/implementation/observability-retention.md,review,not yet assigned,Classify before deletion; no file may disappear without an extraction decision.,pending rewrite; source path existence verified
docs/review/remediation/implementation/observability-retirement-planner.md,review,not yet assigned,Classify before deletion; no file may disappear without an extraction decision.,pending rewrite; source path existence verified
docs/review/remediation/implementation/observer-build.md,review,not yet assigned,Classify before deletion; no file may disappear without an extraction decision.,pending rewrite; source path existence verified
docs/review/remediation/implementation/observer-ingress.md,review,not yet assigned,Classify before deletion; no file may disappear without an extraction decision.,pending rewrite; source path existence verified
docs/review/remediation/implementation/offline-generator-gates.md,review,not yet assigned,Classify before deletion; no file may disappear without an extraction decision.,pending rewrite; source path existence verified
docs/review/remediation/implementation/operator-notification.md,review,not yet assigned,Classify before deletion; no file may disappear without an extraction decision.,pending rewrite; source path existence verified
docs/review/remediation/implementation/pr6-api-network-contract.md,review,not yet assigned,Classify before deletion; no file may disappear without an extraction decision.,pending rewrite; source path existence verified
docs/review/remediation/implementation/pr6-buster-cleanup-parent.md,review,not yet assigned,Classify before deletion; no file may disappear without an extraction decision.,pending rewrite; source path existence verified
docs/review/remediation/implementation/pr6-buster-fixture-checkpoint.md,review,not yet assigned,Classify before deletion; no file may disappear without an extraction decision.,pending rewrite; source path existence verified
docs/review/remediation/implementation/pr6-buster-fixture-control.md,review,not yet assigned,Classify before deletion; no file may disappear without an extraction decision.,pending rewrite; source path existence verified
docs/review/remediation/implementation/pr6-buster-launch-authority-decision.md,review,not yet assigned,Classify before deletion; no file may disappear without an extraction decision.,pending rewrite; source path existence verified
docs/review/remediation/implementation/pr6-fixture-lifecycle-boundary.md,review,not yet assigned,Classify before deletion; no file may disappear without an extraction decision.,pending rewrite; source path existence verified
docs/review/remediation/implementation/pr6-gitops-closure.md,review,not yet assigned,Classify before deletion; no file may disappear without an extraction decision.,pending rewrite; source path existence verified
docs/review/remediation/implementation/pr6-infrastructure-checkpoint.md,review,not yet assigned,Classify before deletion; no file may disappear without an extraction decision.,pending rewrite; source path existence verified
docs/review/remediation/implementation/pr6-knip.md,review,not yet assigned,Classify before deletion; no file may disappear without an extraction decision.,pending rewrite; source path existence verified
docs/review/remediation/implementation/pr6-launch-ownership-checkpoint.md,review,not yet assigned,Classify before deletion; no file may disappear without an extraction decision.,pending rewrite; source path existence verified
docs/review/remediation/implementation/pr6-local-acceptance.md,review,not yet assigned,Classify before deletion; no file may disappear without an extraction decision.,pending rewrite; source path existence verified
docs/review/remediation/implementation/pr6-native-dispatch-checkpoint.md,review,not yet assigned,Classify before deletion; no file may disappear without an extraction decision.,pending rewrite; source path existence verified
docs/review/remediation/implementation/pr6-native-durability-checkpoint.md,review,not yet assigned,Classify before deletion; no file may disappear without an extraction decision.,pending rewrite; source path existence verified
docs/review/remediation/implementation/pr6-native-entry-types.md,review,not yet assigned,Classify before deletion; no file may disappear without an extraction decision.,pending rewrite; source path existence verified
docs/review/remediation/implementation/pr6-native-preparation.md,review,not yet assigned,Classify before deletion; no file may disappear without an extraction decision.,pending rewrite; source path existence verified
docs/review/remediation/implementation/pr6-native-runtime-checkpoint.md,review,not yet assigned,Classify before deletion; no file may disappear without an extraction decision.,pending rewrite; source path existence verified
docs/review/remediation/implementation/pr6-native-scope-checkpoint.md,review,not yet assigned,Classify before deletion; no file may disappear without an extraction decision.,pending rewrite; source path existence verified
docs/review/remediation/implementation/pr6-node-accounting-decision.md,review,not yet assigned,Classify before deletion; no file may disappear without an extraction decision.,pending rewrite; source path existence verified
docs/review/remediation/implementation/pr6-node-pools-checkpoint.md,review,not yet assigned,Classify before deletion; no file may disappear without an extraction decision.,pending rewrite; source path existence verified
docs/review/remediation/implementation/pr6-oci-identity.md,review,not yet assigned,Classify before deletion; no file may disappear without an extraction decision.,pending rewrite; source path existence verified
docs/review/remediation/implementation/pr6-postgresql-recovery-checkpoint.md,review,not yet assigned,Classify before deletion; no file may disappear without an extraction decision.,pending rewrite; source path existence verified
docs/review/remediation/implementation/pr6-prism-backup-groups.md,review,not yet assigned,Classify before deletion; no file may disappear without an extraction decision.,pending rewrite; source path existence verified
docs/review/remediation/implementation/pr6-prism-completion-cpu.md,review,not yet assigned,Classify before deletion; no file may disappear without an extraction decision.,pending rewrite; source path existence verified
docs/review/remediation/implementation/pr6-prism-native-local-closure.md,review,not yet assigned,Classify before deletion; no file may disappear without an extraction decision.,pending rewrite; source path existence verified
docs/review/remediation/implementation/pr6-prism-single-runtime.md,review,not yet assigned,Classify before deletion; no file may disappear without an extraction decision.,pending rewrite; source path existence verified
docs/review/remediation/implementation/pr6-private-access.md,review,not yet assigned,Classify before deletion; no file may disappear without an extraction decision.,pending rewrite; source path existence verified
docs/review/remediation/implementation/pr6-qdrant-checkpoint.md,review,not yet assigned,Classify before deletion; no file may disappear without an extraction decision.,pending rewrite; source path existence verified
docs/review/remediation/implementation/pr6-redis-durability.md,review,not yet assigned,Classify before deletion; no file may disappear without an extraction decision.,pending rewrite; source path existence verified
docs/review/remediation/implementation/pr6-redis-migration-closure.md,review,not yet assigned,Classify before deletion; no file may disappear without an extraction decision.,pending rewrite; source path existence verified
docs/review/remediation/implementation/pr6-registry-target.md,review,not yet assigned,Classify before deletion; no file may disappear without an extraction decision.,pending rewrite; source path existence verified
docs/review/remediation/implementation/pr6-risk-and-registry.md,review,not yet assigned,Classify before deletion; no file may disappear without an extraction decision.,pending rewrite; source path existence verified
docs/review/remediation/implementation/pr6-runtime-tool-locks.md,review,not yet assigned,Classify before deletion; no file may disappear without an extraction decision.,pending rewrite; source path existence verified
docs/review/remediation/implementation/pr6-sdk-local-verification.md,review,not yet assigned,Classify before deletion; no file may disappear without an extraction decision.,pending rewrite; source path existence verified
docs/review/remediation/implementation/pr6-stateful-migration-closure.md,review,not yet assigned,Classify before deletion; no file may disappear without an extraction decision.,pending rewrite; source path existence verified
docs/review/remediation/implementation/pr6-stateful-upgrade-checkpoint.md,review,not yet assigned,Classify before deletion; no file may disappear without an extraction decision.,pending rewrite; source path existence verified
docs/review/remediation/implementation/pr6-supervisor-ownership-io.md,review,not yet assigned,Classify before deletion; no file may disappear without an extraction decision.,pending rewrite; source path existence verified
docs/review/remediation/implementation/preflight-declarations.md,review,not yet assigned,Classify before deletion; no file may disappear without an extraction decision.,pending rewrite; source path existence verified
docs/review/remediation/implementation/prism-agent-jobs.md,review,not yet assigned,Classify before deletion; no file may disappear without an extraction decision.,pending rewrite; source path existence verified
docs/review/remediation/implementation/prism-agent-resource-v2.md,review,not yet assigned,Classify before deletion; no file may disappear without an extraction decision.,pending rewrite; source path existence verified
docs/review/remediation/implementation/prism-artifacts.md,review,not yet assigned,Classify before deletion; no file may disappear without an extraction decision.,pending rewrite; source path existence verified
docs/review/remediation/implementation/prism-control.md,review,not yet assigned,Classify before deletion; no file may disappear without an extraction decision.,pending rewrite; source path existence verified
docs/review/remediation/implementation/prism-corpus.md,review,not yet assigned,Classify before deletion; no file may disappear without an extraction decision.,pending rewrite; source path existence verified
docs/review/remediation/implementation/prism-design-rounds.md,review,not yet assigned,Classify before deletion; no file may disappear without an extraction decision.,pending rewrite; source path existence verified
docs/review/remediation/implementation/prism-domain.md,review,not yet assigned,Classify before deletion; no file may disappear without an extraction decision.,pending rewrite; source path existence verified
docs/review/remediation/implementation/prism-engine-cache.md,review,not yet assigned,Classify before deletion; no file may disappear without an extraction decision.,pending rewrite; source path existence verified
docs/review/remediation/implementation/prism-ingestion-resources.md,review,not yet assigned,Classify before deletion; no file may disappear without an extraction decision.,pending rewrite; source path existence verified
docs/review/remediation/implementation/prism-operational-readiness.md,review,not yet assigned,Classify before deletion; no file may disappear without an extraction decision.,pending rewrite; source path existence verified
docs/review/remediation/implementation/prism-preferences.md,review,not yet assigned,Classify before deletion; no file may disappear without an extraction decision.,pending rewrite; source path existence verified
docs/review/remediation/implementation/prism-product-decisions.md,review,not yet assigned,Classify before deletion; no file may disappear without an extraction decision.,pending rewrite; source path existence verified
docs/review/remediation/implementation/prism-renderer-studio.md,review,not yet assigned,Classify before deletion; no file may disappear without an extraction decision.,pending rewrite; source path existence verified
docs/review/remediation/implementation/prism-worker-cancellation.md,review,not yet assigned,Classify before deletion; no file may disappear without an extraction decision.,pending rewrite; source path existence verified
docs/review/remediation/implementation/prism-worker-control.md,review,not yet assigned,Classify before deletion; no file may disappear without an extraction decision.,pending rewrite; source path existence verified
docs/review/remediation/implementation/process-network.md,review,not yet assigned,Classify before deletion; no file may disappear without an extraction decision.,pending rewrite; source path existence verified
docs/review/remediation/implementation/product-decisions-independent-review.md,review,not yet assigned,Classify before deletion; no file may disappear without an extraction decision.,pending rewrite; source path existence verified
docs/review/remediation/implementation/project-source-v2.md,review,not yet assigned,Classify before deletion; no file may disappear without an extraction decision.,pending rewrite; source path existence verified
docs/review/remediation/implementation/readiness-independent-review.md,review,not yet assigned,Classify before deletion; no file may disappear without an extraction decision.,pending rewrite; source path existence verified
docs/review/remediation/implementation/recovery.md,review,not yet assigned,Classify before deletion; no file may disappear without an extraction decision.,pending rewrite; source path existence verified
docs/review/remediation/implementation/redis-transport.md,review,not yet assigned,Classify before deletion; no file may disappear without an extraction decision.,pending rewrite; source path existence verified
docs/review/remediation/implementation/registration-contract-boundary.md,review,not yet assigned,Classify before deletion; no file may disappear without an extraction decision.,pending rewrite; source path existence verified
docs/review/remediation/implementation/registry-client-scope.json,review,not yet assigned,Classify before deletion; no file may disappear without an extraction decision.,pending rewrite; source path existence verified
docs/review/remediation/implementation/registry-clients.md,review,not yet assigned,Classify before deletion; no file may disappear without an extraction decision.,pending rewrite; source path existence verified
docs/review/remediation/implementation/registry-health-scope.json,review,not yet assigned,Classify before deletion; no file may disappear without an extraction decision.,pending rewrite; source path existence verified
docs/review/remediation/implementation/registry-health.md,review,not yet assigned,Classify before deletion; no file may disappear without an extraction decision.,pending rewrite; source path existence verified
docs/review/remediation/implementation/registry-startup-latency.md,review,not yet assigned,Classify before deletion; no file may disappear without an extraction decision.,pending rewrite; source path existence verified
docs/review/remediation/implementation/registry.md,review,not yet assigned,Classify before deletion; no file may disappear without an extraction decision.,pending rewrite; source path existence verified
docs/review/remediation/implementation/release-configuration.md,review,not yet assigned,Classify before deletion; no file may disappear without an extraction decision.,pending rewrite; source path existence verified
docs/review/remediation/implementation/report-evidence.md,review,not yet assigned,Classify before deletion; no file may disappear without an extraction decision.,pending rewrite; source path existence verified
docs/review/remediation/implementation/report-identity.md,review,not yet assigned,Classify before deletion; no file may disappear without an extraction decision.,pending rewrite; source path existence verified
docs/review/remediation/implementation/resume-20260909.md,review,not yet assigned,Classify before deletion; no file may disappear without an extraction decision.,pending rewrite; source path existence verified
docs/review/remediation/implementation/resume-20260912-supervisor-lease.md,review,not yet assigned,Classify before deletion; no file may disappear without an extraction decision.,pending rewrite; source path existence verified
docs/review/remediation/implementation/resume-20260914-gitops-handoff.md,review,not yet assigned,Classify before deletion; no file may disappear without an extraction decision.,pending rewrite; source path existence verified
docs/review/remediation/implementation/resume-84-buster-independent-review.md,review,not yet assigned,Classify before deletion; no file may disappear without an extraction decision.,pending rewrite; source path existence verified
docs/review/remediation/implementation/resume-84-buster-read-independent-review.md,review,not yet assigned,Classify before deletion; no file may disappear without an extraction decision.,pending rewrite; source path existence verified
docs/review/remediation/implementation/resume-84-buster-root-review.md,review,not yet assigned,Classify before deletion; no file may disappear without an extraction decision.,pending rewrite; source path existence verified
docs/review/remediation/implementation/resume-84-buster-shutdown-storage.md,review,not yet assigned,Classify before deletion; no file may disappear without an extraction decision.,pending rewrite; source path existence verified
docs/review/remediation/implementation/resume-84-buster-status-read-residual.md,review,not yet assigned,Classify before deletion; no file may disappear without an extraction decision.,pending rewrite; source path existence verified
docs/review/remediation/implementation/resume-84-delivery-independent-review.md,review,not yet assigned,Classify before deletion; no file may disappear without an extraction decision.,pending rewrite; source path existence verified
docs/review/remediation/implementation/resume-84-integration-independent-review.md,review,not yet assigned,Classify before deletion; no file may disappear without an extraction decision.,pending rewrite; source path existence verified
docs/review/remediation/implementation/resume-84-integration-root-review.md,review,not yet assigned,Classify before deletion; no file may disappear without an extraction decision.,pending rewrite; source path existence verified
docs/review/remediation/implementation/resume-84-native-followup-matrix.md,review,not yet assigned,Classify before deletion; no file may disappear without an extraction decision.,pending rewrite; source path existence verified
docs/review/remediation/implementation/resume-84-native-gates-root-review.md,review,not yet assigned,Classify before deletion; no file may disappear without an extraction decision.,pending rewrite; source path existence verified
docs/review/remediation/implementation/resume-84-nonprism-triage.md,review,not yet assigned,Classify before deletion; no file may disappear without an extraction decision.,pending rewrite; source path existence verified
docs/review/remediation/implementation/resume-84-prism-cpu-ownership-direction.md,review,not yet assigned,Classify before deletion; no file may disappear without an extraction decision.,pending rewrite; source path existence verified
docs/review/remediation/implementation/resume-84-prism-final-independent-review.md,review,not yet assigned,Classify before deletion; no file may disappear without an extraction decision.,pending rewrite; source path existence verified
docs/review/remediation/implementation/resume-84-prism-independent-review.md,review,not yet assigned,Classify before deletion; no file may disappear without an extraction decision.,pending rewrite; source path existence verified
docs/review/remediation/implementation/resume-84-prism-native-retention-gate.md,review,not yet assigned,Classify before deletion; no file may disappear without an extraction decision.,pending rewrite; source path existence verified
docs/review/remediation/implementation/resume-84-prism-remaining-triage.md,review,not yet assigned,Classify before deletion; no file may disappear without an extraction decision.,pending rewrite; source path existence verified
docs/review/remediation/implementation/resume-84-prism-shutdown-independent-review.md,review,not yet assigned,Classify before deletion; no file may disappear without an extraction decision.,pending rewrite; source path existence verified
docs/review/remediation/implementation/resume-84-release-evidence-review.md,review,not yet assigned,Classify before deletion; no file may disappear without an extraction decision.,pending rewrite; source path existence verified
docs/review/remediation/implementation/resume-84-release-root-review.md,review,not yet assigned,Classify before deletion; no file may disappear without an extraction decision.,pending rewrite; source path existence verified
docs/review/remediation/implementation/resume-84-supervisor-independent-review.md,review,not yet assigned,Classify before deletion; no file may disappear without an extraction decision.,pending rewrite; source path existence verified
docs/review/remediation/implementation/resume-84-supervisor-launch-independent-review.md,review,not yet assigned,Classify before deletion; no file may disappear without an extraction decision.,pending rewrite; source path existence verified
docs/review/remediation/implementation/resume-84-supervisor-launch-root.md,review,not yet assigned,Classify before deletion; no file may disappear without an extraction decision.,pending rewrite; source path existence verified
docs/review/remediation/implementation/resume-84-supervisor-state-independent-review.md,review,not yet assigned,Classify before deletion; no file may disappear without an extraction decision.,pending rewrite; source path existence verified
docs/review/remediation/implementation/resume-84-supervisor-state-root.md,review,not yet assigned,Classify before deletion; no file may disappear without an extraction decision.,pending rewrite; source path existence verified
docs/review/remediation/implementation/resume-84-supervisor-stop.md,review,not yet assigned,Classify before deletion; no file may disappear without an extraction decision.,pending rewrite; source path existence verified
docs/review/remediation/implementation/resume-84-worker-http-independent-review.md,review,not yet assigned,Classify before deletion; no file may disappear without an extraction decision.,pending rewrite; source path existence verified
docs/review/remediation/implementation/resume-84-worker-http.md,review,not yet assigned,Classify before deletion; no file may disappear without an extraction decision.,pending rewrite; source path existence verified
docs/review/remediation/implementation/resume-84-worker-pg-native-entry.md,review,not yet assigned,Classify before deletion; no file may disappear without an extraction decision.,pending rewrite; source path existence verified
docs/review/remediation/implementation/resume-84-worker-shutdown.md,review,not yet assigned,Classify before deletion; no file may disappear without an extraction decision.,pending rewrite; source path existence verified
docs/review/remediation/implementation/review-supervisor.md,review,not yet assigned,Classify before deletion; no file may disappear without an extraction decision.,pending rewrite; source path existence verified
docs/review/remediation/implementation/review.md,review,not yet assigned,Classify before deletion; no file may disappear without an extraction decision.,pending rewrite; source path existence verified
docs/review/remediation/implementation/role-git.md,review,not yet assigned,Classify before deletion; no file may disappear without an extraction decision.,pending rewrite; source path existence verified
docs/review/remediation/implementation/rollout-health.md,review,not yet assigned,Classify before deletion; no file may disappear without an extraction decision.,pending rewrite; source path existence verified
docs/review/remediation/implementation/run10-prism-baseline-acceptance.md,review,not yet assigned,Classify before deletion; no file may disappear without an extraction decision.,pending rewrite; source path existence verified
docs/review/remediation/implementation/run10-prism-baseline-wip.md,review,not yet assigned,Classify before deletion; no file may disappear without an extraction decision.,pending rewrite; source path existence verified
docs/review/remediation/implementation/run10-runtime-admission-root-review.md,review,not yet assigned,Classify before deletion; no file may disappear without an extraction decision.,pending rewrite; source path existence verified
docs/review/remediation/implementation/run11-prism-baseline-independent-review.md,review,not yet assigned,Classify before deletion; no file may disappear without an extraction decision.,pending rewrite; source path existence verified
docs/review/remediation/implementation/run11-report-root-review.md,review,not yet assigned,Classify before deletion; no file may disappear without an extraction decision.,pending rewrite; source path existence verified
docs/review/remediation/implementation/run12-prism-reader-acceptance.md,review,not yet assigned,Classify before deletion; no file may disappear without an extraction decision.,pending rewrite; source path existence verified
docs/review/remediation/implementation/run12-prism-reader-wip.md,review,not yet assigned,Classify before deletion; no file may disappear without an extraction decision.,pending rewrite; source path existence verified
docs/review/remediation/implementation/run13-prism-reader-independent-review.md,review,not yet assigned,Classify before deletion; no file may disappear without an extraction decision.,pending rewrite; source path existence verified
docs/review/remediation/implementation/run13-report-cutover-wip.md,review,not yet assigned,Classify before deletion; no file may disappear without an extraction decision.,pending rewrite; source path existence verified
docs/review/remediation/implementation/run13-report-independent-checkpoint.md,review,not yet assigned,Classify before deletion; no file may disappear without an extraction decision.,pending rewrite; source path existence verified
docs/review/remediation/implementation/run14-report-author-checkpoint.md,review,not yet assigned,Classify before deletion; no file may disappear without an extraction decision.,pending rewrite; source path existence verified
docs/review/remediation/implementation/run14-report-independent-review.md,review,not yet assigned,Classify before deletion; no file may disappear without an extraction decision.,pending rewrite; source path existence verified
docs/review/remediation/implementation/run15-report-independent-current.md,review,not yet assigned,Classify before deletion; no file may disappear without an extraction decision.,pending rewrite; source path existence verified
docs/review/remediation/implementation/run15-report-runtime-reconciliation.md,review,not yet assigned,Classify before deletion; no file may disappear without an extraction decision.,pending rewrite; source path existence verified
docs/review/remediation/implementation/run3-adapter-dependency-identity.md,review,not yet assigned,Classify before deletion; no file may disappear without an extraction decision.,pending rewrite; source path existence verified
docs/review/remediation/implementation/run3-attempt-result-independent-review.md,review,not yet assigned,Classify before deletion; no file may disappear without an extraction decision.,pending rewrite; source path existence verified
docs/review/remediation/implementation/run3-attempt-result-projection.md,review,not yet assigned,Classify before deletion; no file may disappear without an extraction decision.,pending rewrite; source path existence verified
docs/review/remediation/implementation/run3-observability-next-package.md,review,not yet assigned,Classify before deletion; no file may disappear without an extraction decision.,pending rewrite; source path existence verified
docs/review/remediation/implementation/run3-product-control-port.md,review,not yet assigned,Classify before deletion; no file may disappear without an extraction decision.,pending rewrite; source path existence verified
docs/review/remediation/implementation/run3-product-port-independent-review.md,review,not yet assigned,Classify before deletion; no file may disappear without an extraction decision.,pending rewrite; source path existence verified
docs/review/remediation/implementation/run3-review-evidence-encoding.md,review,not yet assigned,Classify before deletion; no file may disappear without an extraction decision.,pending rewrite; source path existence verified
docs/review/remediation/implementation/run3-review-evidence-independent-review.md,review,not yet assigned,Classify before deletion; no file may disappear without an extraction decision.,pending rewrite; source path existence verified
docs/review/remediation/implementation/run3-sdk-remaining-domains.md,review,not yet assigned,Classify before deletion; no file may disappear without an extraction decision.,pending rewrite; source path existence verified
docs/review/remediation/implementation/run3-sdk-repair-identity.md,review,not yet assigned,Classify before deletion; no file may disappear without an extraction decision.,pending rewrite; source path existence verified
docs/review/remediation/implementation/run3-sdk-repair-independent-review.md,review,not yet assigned,Classify before deletion; no file may disappear without an extraction decision.,pending rewrite; source path existence verified
docs/review/remediation/implementation/run5-adapter-canonical-identity.md,review,not yet assigned,Classify before deletion; no file may disappear without an extraction decision.,pending rewrite; source path existence verified
docs/review/remediation/implementation/run5-adapter-independent-review.md,review,not yet assigned,Classify before deletion; no file may disappear without an extraction decision.,pending rewrite; source path existence verified
docs/review/remediation/implementation/run5-blob-reader-boundary.md,review,not yet assigned,Classify before deletion; no file may disappear without an extraction decision.,pending rewrite; source path existence verified
docs/review/remediation/implementation/run5-blob-reader-independent-review.md,review,not yet assigned,Classify before deletion; no file may disappear without an extraction decision.,pending rewrite; source path existence verified
docs/review/remediation/implementation/run5-coupled-candidate.md,review,not yet assigned,Classify before deletion; no file may disappear without an extraction decision.,pending rewrite; source path existence verified
docs/review/remediation/implementation/run5-dispatch-independent-plan.md,review,not yet assigned,Classify before deletion; no file may disappear without an extraction decision.,pending rewrite; source path existence verified
docs/review/remediation/implementation/run5-legacy-cli-fixture-order.md,review,not yet assigned,Classify before deletion; no file may disappear without an extraction decision.,pending rewrite; source path existence verified
docs/review/remediation/implementation/run5-native-controller-transitions.md,review,not yet assigned,Classify before deletion; no file may disappear without an extraction decision.,pending rewrite; source path existence verified
docs/review/remediation/implementation/run5-native-fence-status.md,review,not yet assigned,Classify before deletion; no file may disappear without an extraction decision.,pending rewrite; source path existence verified
docs/review/remediation/implementation/run5-nova-dispatch-projection-design.md,review,not yet assigned,Classify before deletion; no file may disappear without an extraction decision.,pending rewrite; source path existence verified
docs/review/remediation/implementation/run5-nova-dispatch-projection-wip.md,review,not yet assigned,Classify before deletion; no file may disappear without an extraction decision.,pending rewrite; source path existence verified
docs/review/remediation/implementation/run6-coupled-candidate.md,review,not yet assigned,Classify before deletion; no file may disappear without an extraction decision.,pending rewrite; source path existence verified
docs/review/remediation/implementation/run6-coupled-independent-review.md,review,not yet assigned,Classify before deletion; no file may disappear without an extraction decision.,pending rewrite; source path existence verified
docs/review/remediation/implementation/run6-coupled-root-review.md,review,not yet assigned,Classify before deletion; no file may disappear without an extraction decision.,pending rewrite; source path existence verified
docs/review/remediation/implementation/run6-envoy-independent-review.md,review,not yet assigned,Classify before deletion; no file may disappear without an extraction decision.,pending rewrite; source path existence verified
docs/review/remediation/implementation/run6-envoy-native-readiness.md,review,not yet assigned,Classify before deletion; no file may disappear without an extraction decision.,pending rewrite; source path existence verified
docs/review/remediation/implementation/run6-nova-dispatch-causal-wip.md,review,not yet assigned,Classify before deletion; no file may disappear without an extraction decision.,pending rewrite; source path existence verified
docs/review/remediation/implementation/run6-nova-dispatch-retention.md,review,not yet assigned,Classify before deletion; no file may disappear without an extraction decision.,pending rewrite; source path existence verified
docs/review/remediation/implementation/run6-sdk-profile-independent-early.md,review,not yet assigned,Classify before deletion; no file may disappear without an extraction decision.,pending rewrite; source path existence verified
docs/review/remediation/implementation/run6-sdk-transport-profile.md,review,not yet assigned,Classify before deletion; no file may disappear without an extraction decision.,pending rewrite; source path existence verified
docs/review/remediation/implementation/run7-dispatch-independent-review.md,review,not yet assigned,Classify before deletion; no file may disappear without an extraction decision.,pending rewrite; source path existence verified
docs/review/remediation/implementation/run7-dispatch-root-review.md,review,not yet assigned,Classify before deletion; no file may disappear without an extraction decision.,pending rewrite; source path existence verified
docs/review/remediation/implementation/run7-envoy-corrected-native-readiness.md,review,not yet assigned,Classify before deletion; no file may disappear without an extraction decision.,pending rewrite; source path existence verified
docs/review/remediation/implementation/run7-envoy-independent-review.md,review,not yet assigned,Classify before deletion; no file may disappear without an extraction decision.,pending rewrite; source path existence verified
docs/review/remediation/implementation/run7-envoy-root-review.md,review,not yet assigned,Classify before deletion; no file may disappear without an extraction decision.,pending rewrite; source path existence verified
docs/review/remediation/implementation/run7-operator-independent-audit.md,review,not yet assigned,Classify before deletion; no file may disappear without an extraction decision.,pending rewrite; source path existence verified
docs/review/remediation/implementation/run7-operator-retention-design.md,review,not yet assigned,Classify before deletion; no file may disappear without an extraction decision.,pending rewrite; source path existence verified
docs/review/remediation/implementation/run7-sdk-cache-context-checkpoint.md,review,not yet assigned,Classify before deletion; no file may disappear without an extraction decision.,pending rewrite; source path existence verified
docs/review/remediation/implementation/run7-sdk-transport-independent-final.md,review,not yet assigned,Classify before deletion; no file may disappear without an extraction decision.,pending rewrite; source path existence verified
docs/review/remediation/implementation/run8-envoy-independent-review.md,review,not yet assigned,Classify before deletion; no file may disappear without an extraction decision.,pending rewrite; source path existence verified
docs/review/remediation/implementation/run8-envoy-reconciliation.md,review,not yet assigned,Classify before deletion; no file may disappear without an extraction decision.,pending rewrite; source path existence verified
docs/review/remediation/implementation/run8-operator-independent-final.md,review,not yet assigned,Classify before deletion; no file may disappear without an extraction decision.,pending rewrite; source path existence verified
docs/review/remediation/implementation/run8-operator-projection-wip.md,review,not yet assigned,Classify before deletion; no file may disappear without an extraction decision.,pending rewrite; source path existence verified
docs/review/remediation/implementation/run8-operator-request-retention.md,review,not yet assigned,Classify before deletion; no file may disappear without an extraction decision.,pending rewrite; source path existence verified
docs/review/remediation/implementation/run8-sdk-cache-author.md,review,not yet assigned,Classify before deletion; no file may disappear without an extraction decision.,pending rewrite; source path existence verified
docs/review/remediation/implementation/run8-sdk-cache-independent-early.md,review,not yet assigned,Classify before deletion; no file may disappear without an extraction decision.,pending rewrite; source path existence verified
docs/review/remediation/implementation/run8-sdk-cache-independent-final.md,review,not yet assigned,Classify before deletion; no file may disappear without an extraction decision.,pending rewrite; source path existence verified
docs/review/remediation/implementation/run8-sdk-cache-wip-checkpoint.md,review,not yet assigned,Classify before deletion; no file may disappear without an extraction decision.,pending rewrite; source path existence verified
docs/review/remediation/implementation/run8-supervisor-root-review.md,review,not yet assigned,Classify before deletion; no file may disappear without an extraction decision.,pending rewrite; source path existence verified
docs/review/remediation/implementation/run9-cache-reader-root-review.md,review,not yet assigned,Classify before deletion; no file may disappear without an extraction decision.,pending rewrite; source path existence verified
docs/review/remediation/implementation/run9-operator-independent-sdk-final.md,review,not yet assigned,Classify before deletion; no file may disappear without an extraction decision.,pending rewrite; source path existence verified
docs/review/remediation/implementation/run9-operator-root-review.md,review,not yet assigned,Classify before deletion; no file may disappear without an extraction decision.,pending rewrite; source path existence verified
docs/review/remediation/implementation/run9-operator-sdk-reconciliation.md,review,not yet assigned,Classify before deletion; no file may disappear without an extraction decision.,pending rewrite; source path existence verified
docs/review/remediation/implementation/run9-prism-baseline-root-review.md,review,not yet assigned,Classify before deletion; no file may disappear without an extraction decision.,pending rewrite; source path existence verified
docs/review/remediation/implementation/run9-prism-retag-portability.md,review,not yet assigned,Classify before deletion; no file may disappear without an extraction decision.,pending rewrite; source path existence verified
docs/review/remediation/implementation/run9-runtime-profile-final-checkpoint.md,review,not yet assigned,Classify before deletion; no file may disappear without an extraction decision.,pending rewrite; source path existence verified
docs/review/remediation/implementation/run9-runtime-profile-independent-final.md,review,not yet assigned,Classify before deletion; no file may disappear without an extraction decision.,pending rewrite; source path existence verified
docs/review/remediation/implementation/run9-runtime-profile-independent-review.md,review,not yet assigned,Classify before deletion; no file may disappear without an extraction decision.,pending rewrite; source path existence verified
docs/review/remediation/implementation/run9-runtime-profile-no-trap.md,review,not yet assigned,Classify before deletion; no file may disappear without an extraction decision.,pending rewrite; source path existence verified
docs/review/remediation/implementation/run9-runtime-profile-reconciled.md,review,not yet assigned,Classify before deletion; no file may disappear without an extraction decision.,pending rewrite; source path existence verified
docs/review/remediation/implementation/run9-sdk-cache-independent-final.md,review,not yet assigned,Classify before deletion; no file may disappear without an extraction decision.,pending rewrite; source path existence verified
docs/review/remediation/implementation/run9-sdk-root-review.md,review,not yet assigned,Classify before deletion; no file may disappear without an extraction decision.,pending rewrite; source path existence verified
docs/review/remediation/implementation/run9-supervisor-original-start.md,review,not yet assigned,Classify before deletion; no file may disappear without an extraction decision.,pending rewrite; source path existence verified
docs/review/remediation/implementation/runtime-session-cleanup.md,review,not yet assigned,Classify before deletion; no file may disappear without an extraction decision.,pending rewrite; source path existence verified
docs/review/remediation/implementation/scaffold-publication.md,review,not yet assigned,Classify before deletion; no file may disappear without an extraction decision.,pending rewrite; source path existence verified
docs/review/remediation/implementation/scaffold-regeneration.md,review,not yet assigned,Classify before deletion; no file may disappear without an extraction decision.,pending rewrite; source path existence verified
docs/review/remediation/implementation/sdk-checkpoint-encoding-independent-review.md,review,not yet assigned,Classify before deletion; no file may disappear without an extraction decision.,pending rewrite; source path existence verified
docs/review/remediation/implementation/sdk-checkpoint-encoding.md,review,not yet assigned,Classify before deletion; no file may disappear without an extraction decision.,pending rewrite; source path existence verified
docs/review/remediation/implementation/sdk-effect-identity.md,review,not yet assigned,Classify before deletion; no file may disappear without an extraction decision.,pending rewrite; source path existence verified
docs/review/remediation/implementation/sdk-json-compatibility.md,review,not yet assigned,Classify before deletion; no file may disappear without an extraction decision.,pending rewrite; source path existence verified
docs/review/remediation/implementation/sdk-portability-plan.md,review,not yet assigned,Classify before deletion; no file may disappear without an extraction decision.,pending rewrite; source path existence verified
docs/review/remediation/implementation/sdk-remaining-digest-matrix.md,review,not yet assigned,Classify before deletion; no file may disappear without an extraction decision.,pending rewrite; source path existence verified
docs/review/remediation/implementation/sdk-source-identity.md,review,not yet assigned,Classify before deletion; no file may disappear without an extraction decision.,pending rewrite; source path existence verified
docs/review/remediation/implementation/sdk-source-resume-recheck.md,review,not yet assigned,Classify before deletion; no file may disappear without an extraction decision.,pending rewrite; source path existence verified
docs/review/remediation/implementation/state.md,review,not yet assigned,Classify before deletion; no file may disappear without an extraction decision.,pending rewrite; source path existence verified
docs/review/remediation/implementation/studio-service.md,review,not yet assigned,Classify before deletion; no file may disappear without an extraction decision.,pending rewrite; source path existence verified
docs/review/remediation/implementation/studio-types.md,review,not yet assigned,Classify before deletion; no file may disappear without an extraction decision.,pending rewrite; source path existence verified
docs/review/remediation/implementation/tailscale-exposure.md,review,not yet assigned,Classify before deletion; no file may disappear without an extraction decision.,pending rewrite; source path existence verified
docs/review/remediation/implementation/telemetry-release-identities.md,review,not yet assigned,Classify before deletion; no file may disappear without an extraction decision.,pending rewrite; source path existence verified
docs/review/remediation/implementation/telemetry-store.md,review,not yet assigned,Classify before deletion; no file may disappear without an extraction decision.,pending rewrite; source path existence verified
docs/review/remediation/implementation/telemetry.md,review,not yet assigned,Classify before deletion; no file may disappear without an extraction decision.,pending rewrite; source path existence verified
docs/review/remediation/implementation/test-provider-semantics.md,review,not yet assigned,Classify before deletion; no file may disappear without an extraction decision.,pending rewrite; source path existence verified
docs/review/remediation/implementation/trivy-freshness.md,review,not yet assigned,Classify before deletion; no file may disappear without an extraction decision.,pending rewrite; source path existence verified
docs/review/remediation/implementation/verification-secret-rbac.md,review,not yet assigned,Classify before deletion; no file may disappear without an extraction decision.,pending rewrite; source path existence verified
docs/review/remediation/implementation/version-generator-integration.md,review,not yet assigned,Classify before deletion; no file may disappear without an extraction decision.,pending rewrite; source path existence verified
docs/review/remediation/implementation/visual-browser-identity.md,review,not yet assigned,Classify before deletion; no file may disappear without an extraction decision.,pending rewrite; source path existence verified
docs/review/remediation/implementation/wave47-admission-independent-review.md,review,not yet assigned,Classify before deletion; no file may disappear without an extraction decision.,pending rewrite; source path existence verified
docs/review/remediation/implementation/wave47-admission-retirement.md,review,not yet assigned,Classify before deletion; no file may disappear without an extraction decision.,pending rewrite; source path existence verified
docs/review/remediation/implementation/wave47-infrastructure.md,review,not yet assigned,Classify before deletion; no file may disappear without an extraction decision.,pending rewrite; source path existence verified
docs/review/remediation/implementation/wave47-legacy-independent-review.md,review,not yet assigned,Classify before deletion; no file may disappear without an extraction decision.,pending rewrite; source path existence verified
docs/review/remediation/implementation/wave47-prism-reverification.md,review,not yet assigned,Classify before deletion; no file may disappear without an extraction decision.,pending rewrite; source path existence verified
docs/review/remediation/implementation/wave47-product-gates.md,review,not yet assigned,Classify before deletion; no file may disappear without an extraction decision.,pending rewrite; source path existence verified
docs/review/remediation/implementation/wave47-project-cli-execution-entry.md,review,not yet assigned,Classify before deletion; no file may disappear without an extraction decision.,pending rewrite; source path existence verified
docs/review/remediation/implementation/wave47-project-cli-independent-review.md,review,not yet assigned,Classify before deletion; no file may disappear without an extraction decision.,pending rewrite; source path existence verified
docs/review/remediation/implementation/wave47-retirement-snapshot-integration.md,review,not yet assigned,Classify before deletion; no file may disappear without an extraction decision.,pending rewrite; source path existence verified
docs/review/remediation/implementation/wave47-root-review.md,review,not yet assigned,Classify before deletion; no file may disappear without an extraction decision.,pending rewrite; source path existence verified
docs/review/remediation/implementation/wave47-sdk-effect-independent-review.md,review,not yet assigned,Classify before deletion; no file may disappear without an extraction decision.,pending rewrite; source path existence verified
docs/review/remediation/implementation/wave47-sdk-independent-review.md,review,not yet assigned,Classify before deletion; no file may disappear without an extraction decision.,pending rewrite; source path existence verified
docs/review/remediation/implementation/wave47-sdk-subject-independent-review.md,review,not yet assigned,Classify before deletion; no file may disappear without an extraction decision.,pending rewrite; source path existence verified
docs/review/remediation/implementation/wave47-store-independent-review.md,review,not yet assigned,Classify before deletion; no file may disappear without an extraction decision.,pending rewrite; source path existence verified
docs/review/remediation/implementation/wave47-telemetry-retirement.md,review,not yet assigned,Classify before deletion; no file may disappear without an extraction decision.,pending rewrite; source path existence verified
docs/review/remediation/implementation/wave48-attempt-retirement-boundary.md,review,not yet assigned,Classify before deletion; no file may disappear without an extraction decision.,pending rewrite; source path existence verified
docs/review/remediation/implementation/wave48-product-controller.md,review,not yet assigned,Classify before deletion; no file may disappear without an extraction decision.,pending rewrite; source path existence verified
docs/review/remediation/implementation/wave49-prism-control-http.md,review,not yet assigned,Classify before deletion; no file may disappear without an extraction decision.,pending rewrite; source path existence verified
docs/review/remediation/implementation/wave49-prism-control-independent-review.md,review,not yet assigned,Classify before deletion; no file may disappear without an extraction decision.,pending rewrite; source path existence verified
docs/review/remediation/implementation/worker-deadline.md,review,not yet assigned,Classify before deletion; no file may disappear without an extraction decision.,pending rewrite; source path existence verified
docs/review/remediation/implementation/worker-terminal-resource-measurement.md,review,not yet assigned,Classify before deletion; no file may disappear without an extraction decision.,pending rewrite; source path existence verified
docs/review/remediation/implementation/worker-terminal-resources-independent-review.md,review,not yet assigned,Classify before deletion; no file may disappear without an extraction decision.,pending rewrite; source path existence verified
docs/review/remediation/implementation/worker-trust-operational-readiness.md,review,not yet assigned,Classify before deletion; no file may disappear without an extraction decision.,pending rewrite; source path existence verified
docs/review/remediation/implementation/workflow-trust-split.md,review,not yet assigned,Classify before deletion; no file may disappear without an extraction decision.,pending rewrite; source path existence verified
docs/review/remediation/partial-39-20260911-scope.json,review,not yet assigned,Classify before deletion; no file may disappear without an extraction decision.,pending rewrite; source path existence verified
docs/review/remediation/partial-47-progress.json,review,not yet assigned,Classify before deletion; no file may disappear without an extraction decision.,pending rewrite; source path existence verified
docs/review/remediation/partial-47-scope.json,review,not yet assigned,Classify before deletion; no file may disappear without an extraction decision.,pending rewrite; source path existence verified
docs/review/remediation/pr6-local-acceptance.json,review,not yet assigned,Classify before deletion; no file may disappear without an extraction decision.,pending rewrite; source path existence verified
docs/review/remediation/pr6-seven-progress.json,review,not yet assigned,Classify before deletion; no file may disappear without an extraction decision.,pending rewrite; source path existence verified
docs/review/remediation/progress.md,review,not yet assigned,Classify before deletion; no file may disappear without an extraction decision.,pending rewrite; source path existence verified
docs/review/remediation/register.md,review,not yet assigned,Classify before deletion; no file may disappear without an extraction decision.,pending rewrite; source path existence verified
docs/review/remediation/resume/README.md,review,not yet assigned,Classify before deletion; no file may disappear without an extraction decision.,pending rewrite; source path existence verified
docs/review/remediation/resume/initial-recovery-review.md,review,not yet assigned,Classify before deletion; no file may disappear without an extraction decision.,pending rewrite; source path existence verified
docs/review/remediation/resume/native-followup-39-20260911.json,review,not yet assigned,Classify before deletion; no file may disappear without an extraction decision.,pending rewrite; source path existence verified
docs/review/remediation/resume/native-followup-current-resolution.json,review,not yet assigned,Classify before deletion; no file may disappear without an extraction decision.,pending rewrite; source path existence verified
docs/review/remediation/resume/package-checkpoints.json,review,not yet assigned,Classify before deletion; no file may disappear without an extraction decision.,pending rewrite; source path existence verified
docs/review/remediation/resume/remaining-40-scheduling.json,review,not yet assigned,Classify before deletion; no file may disappear without an extraction decision.,pending rewrite; source path existence verified
docs/review/remediation/resume/remaining-40-scheduling.md,review,not yet assigned,Classify before deletion; no file may disappear without an extraction decision.,pending rewrite; source path existence verified
docs/review/remediation/resume/root-checkpoint.md,review,not yet assigned,Classify before deletion; no file may disappear without an extraction decision.,pending rewrite; source path existence verified
docs/review/remediation/resume/run-20260909t2114.md,review,not yet assigned,Classify before deletion; no file may disappear without an extraction decision.,pending rewrite; source path existence verified
docs/review/remediation/resume/run-20260909t2146.md,review,not yet assigned,Classify before deletion; no file may disappear without an extraction decision.,pending rewrite; source path existence verified
docs/review/remediation/resume/run-20260909t2220.md,review,not yet assigned,Classify before deletion; no file may disappear without an extraction decision.,pending rewrite; source path existence verified
docs/review/remediation/resume/run-20260909t223837.md,review,not yet assigned,Classify before deletion; no file may disappear without an extraction decision.,pending rewrite; source path existence verified
docs/review/remediation/resume/run-20260909t225913.md,review,not yet assigned,Classify before deletion; no file may disappear without an extraction decision.,pending rewrite; source path existence verified
docs/review/remediation/resume/run-20260909t233622.md,review,not yet assigned,Classify before deletion; no file may disappear without an extraction decision.,pending rewrite; source path existence verified
docs/review/remediation/resume/run-20260910t000837.md,review,not yet assigned,Classify before deletion; no file may disappear without an extraction decision.,pending rewrite; source path existence verified
docs/review/remediation/resume/run-20260910t004317.md,review,not yet assigned,Classify before deletion; no file may disappear without an extraction decision.,pending rewrite; source path existence verified
docs/review/remediation/resume/run-20260910t015007.md,review,not yet assigned,Classify before deletion; no file may disappear without an extraction decision.,pending rewrite; source path existence verified
docs/review/remediation/resume/run-20260910t021800.md,review,not yet assigned,Classify before deletion; no file may disappear without an extraction decision.,pending rewrite; source path existence verified
docs/review/remediation/resume/run-20260910t025258.md,review,not yet assigned,Classify before deletion; no file may disappear without an extraction decision.,pending rewrite; source path existence verified
docs/review/remediation/resume/run-20260910t050054.md,review,not yet assigned,Classify before deletion; no file may disappear without an extraction decision.,pending rewrite; source path existence verified
docs/review/remediation/resume/run-20260911-a51d-2h-state.json,review,not yet assigned,Classify before deletion; no file may disappear without an extraction decision.,pending rewrite; source path existence verified
docs/review/remediation/resume/run-20260911-a51d-2h.md,review,not yet assigned,Classify before deletion; no file may disappear without an extraction decision.,pending rewrite; source path existence verified
docs/review/remediation/resume/run-20260911-a51d-resumed-state.json,review,not yet assigned,Classify before deletion; no file may disappear without an extraction decision.,pending rewrite; source path existence verified
docs/review/remediation/resume/run-20260911-a51d-resumed.md,review,not yet assigned,Classify before deletion; no file may disappear without an extraction decision.,pending rewrite; source path existence verified
docs/review/remediation/resume/run-20260911-a51d.md,review,not yet assigned,Classify before deletion; no file may disappear without an extraction decision.,pending rewrite; source path existence verified
docs/review/remediation/resume/run-20260912-pr6-5h.json,review,not yet assigned,Classify before deletion; no file may disappear without an extraction decision.,pending rewrite; source path existence verified
docs/review/remediation/resume/run2-package-backups.json,review,not yet assigned,Classify before deletion; no file may disappear without an extraction decision.,pending rewrite; source path existence verified
docs/review/remediation/resume/run2-proof-backups.json,review,not yet assigned,Classify before deletion; no file may disappear without an extraction decision.,pending rewrite; source path existence verified
docs/review/remediation/resume/run3-package-checkpoints.json,review,not yet assigned,Classify before deletion; no file may disappear without an extraction decision.,pending rewrite; source path existence verified
docs/review/remediation/resume/run4-active-packages.json,review,not yet assigned,Classify before deletion; no file may disappear without an extraction decision.,pending rewrite; source path existence verified
docs/review/remediation/resume/run5-active-packages.json,review,not yet assigned,Classify before deletion; no file may disappear without an extraction decision.,pending rewrite; source path existence verified
docs/review/remediation/resume/run6-capacity-and-next-packages.md,review,not yet assigned,Classify before deletion; no file may disappear without an extraction decision.,pending rewrite; source path existence verified
docs/review/remediation/resume/run9-supervisor-checkpoint.json,review,not yet assigned,Classify before deletion; no file may disappear without an extraction decision.,pending rewrite; source path existence verified
docs/review/remediation/resume/work-items.json,review,not yet assigned,Classify before deletion; no file may disappear without an extraction decision.,pending rewrite; source path existence verified
docs/review/remediation/validation.md,review,not yet assigned,Classify before deletion; no file may disappear without an extraction decision.,pending rewrite; source path existence verified
docs/review/remediation/work-packages.md,review,not yet assigned,Classify before deletion; no file may disappear without an extraction decision.,pending rewrite; source path existence verified
docs/review/summary.md,review,not yet assigned,Classify before deletion; no file may disappear without an extraction decision.,pending rewrite; source path existence verified
docs/runbooks/prism-recovery.md,rewrite-and-keep,/use/runbooks/prism-recovery,Keep recovery procedures in the operator track and verify each recovery path.,pending rewrite; source path existence verified
docs/security/prism-threat-model.md,split-rewrite-then-delete,/architecture/security and /decisions,Separate current security controls from durable decisions and implementation history.,pending rewrite; source path existence verified
docs/security/worker-trust.md,split-rewrite-then-delete,/architecture/security and /decisions,Separate current security controls from durable decisions and implementation history.,pending rewrite; source path existence verified
docs/spikes/prism-foundation-spikes.md,move-out-of-product-docs,engineering research records,Retain verified research outside product documentation; publish only current boundaries and accepted decisions.,pending rewrite; source path existence verified
docs/user-guides/prism-studio.md,rewrite-and-keep,/use/prism-studio,Rewrite as a self-contained user task and verify each normal journey.,pending rewrite; source path existence verified
