path	blob_sha	bytes	category	scope	content_available	editorial_review	pr12_change
.agents/plugins/marketplace.json	6a24b51a9f5b2ba65702951c8e237eb9cabc05a3	385	implementation-or-test-data	context: not an editorial deletion candidate	False	not-started	
.dockerignore	cdd39653f3a2d668b4a6d127e85446a0a398a443	2281	implementation-or-test-data	context: not an editorial deletion candidate	False	not-started	
.github/action-pins.json	e6942f00506bde0be5b2464777e31ee883e57a0c	9394	implementation-or-tooling	context: sources and migration consumers, not editorial deletion candidates	True	not-started	
.github/workflows/build-images.yaml	f2958181e2d49346285e9106aec53f6d098c5646	11151	implementation-or-tooling	context: sources and migration consumers, not editorial deletion candidates	True	not-started	
.github/workflows/build-ops-mcp.yaml	67c463f9044d1ddf9f3b28a2eed931c227985944	9504	implementation-or-tooling	context: sources and migration consumers, not editorial deletion candidates	True	not-started	
.github/workflows/dependency-updates.yaml	f82e61497d0719f3e0507e1c95079196421e7ed5	2266	implementation-or-tooling	context: sources and migration consumers, not editorial deletion candidates	True	not-started	
.github/workflows/docs-checks.yaml	d5988b30d1fbcb4e565cdf7c9853c9d8dc4090dc	4447	implementation-or-tooling	context: sources and migration consumers, not editorial deletion candidates	True	not-started	
.github/workflows/pipeline-reliability.yaml	7c1b6c8215b2f9afc4dda4cff6b62b1903def074	10476	implementation-or-tooling	context: sources and migration consumers, not editorial deletion candidates	True	not-started	
.github/workflows/promote-runtime.yaml	0be0e66db87050f6bb1b304f4fc1fcfbd9a25125	4123	implementation-or-tooling	context: sources and migration consumers, not editorial deletion candidates	True	not-started	
.github/workflows/publish-image-receipts.yaml	94956b553365a29cd8adbcada886d6b493433b06	1660	implementation-or-tooling	context: sources and migration consumers, not editorial deletion candidates	True	not-started	
.github/workflows/release-security.yaml	30d9a494a3032d0371cce0b3f60d944ef4e6df06	1966	implementation-or-tooling	context: sources and migration consumers, not editorial deletion candidates	True	not-started	
.github/workflows/remediation-native.yaml	5a2566d2a4d445424ab45bbd423c998b500385e9	4720	implementation-or-tooling	context: sources and migration consumers, not editorial deletion candidates	True	not-started	
.github/workflows/role-images.yaml	dd9fab8924da5ea6ba647476f768652ad303f2bd	2561	implementation-or-tooling	context: sources and migration consumers, not editorial deletion candidates	True	not-started	
.github/workflows/update-checks.yaml	a542eb2bcb71df84f4e0196c5c97b2b5ec00ff3c	2923	implementation-or-tooling	context: sources and migration consumers, not editorial deletion candidates	True	not-started	
.gitignore	93a2bcc36f15949b1e4bdd72a57fa6f0a3dfd9a0	855	implementation-or-test-data	context: not an editorial deletion candidate	False	not-started	
CODE_OF_CONDUCT.md	beb83f10b5af346140a410c054defee9cf112b38	722	component-or-root-documentation	in-scope	False	not-started	
CONTRIBUTING.md	10e89d05dded4a9246e11d45ffa5a774a4eff296	1458	component-or-root-documentation	in-scope	False	not-started	
LICENSE	846d8bc709d3e5056764b79436b9598a1b9534e3	1063	license	excluded: legal license text	False	not-started	
README.md	be8d263170695e7fdda77e9ff293324371b7c389	5515	component-or-root-documentation	in-scope	True	not-started	
SECURITY.md	37866d28b0dd099415ed41ab0c277abe480c7bb5	900	component-or-root-documentation	in-scope	False	not-started	
charts/gitops/Chart.yaml	decc663b479e936e6ca3f6a1192d90917e4e652b	113	implementation-or-tooling	context: sources and migration consumers, not editorial deletion candidates	False	not-started	
charts/gitops/files/application-health.lua	adb76518cb4891e7beedd0b65fc4a3031bddddd3	2155	implementation-or-tooling	context: sources and migration consumers, not editorial deletion candidates	False	not-started	
charts/gitops/templates/applications.yaml	41c0e7340faf54340d2fd9e3391bea80beb4835f	2000	implementation-or-tooling	context: sources and migration consumers, not editorial deletion candidates	False	not-started	
charts/gitops/values.yaml	27c40727ab9875b22c29527637d1d79a7e1ce95a	218	implementation-or-tooling	context: sources and migration consumers, not editorial deletion candidates	False	not-started	
charts/kubeclaw/Chart.yaml	d9eb62493f4647fb4deb5a2d8b7f07cdbedf20e3	867	implementation-or-tooling	context: sources and migration consumers, not editorial deletion candidates	False	not-started	
charts/kubeclaw/files/config/.semgrep.yml	63164e1b9f1af91c44e403b807ffe30b0b4b0f28	16586	implementation-or-tooling	context: sources and migration consumers, not editorial deletion candidates	False	not-started	
charts/kubeclaw/files/config/.tflint.hcl	427121c3ef48e92d9272fad80112ada04c84d6d5	66	implementation-or-tooling	context: sources and migration consumers, not editorial deletion candidates	False	not-started	
charts/kubeclaw/files/config/.yamllint.yml	cd44e39a575ac24b1ec82c53176e4d66c9b30aa3	212	implementation-or-tooling	context: sources and migration consumers, not editorial deletion candidates	False	not-started	
charts/kubeclaw/files/config/eslint-type-evidence-config.mjs	bedbc95a3d928d59da2fc8794901da10535d93d9	3216	implementation-or-tooling	context: sources and migration consumers, not editorial deletion candidates	False	not-started	
charts/kubeclaw/files/config/eslint-type-evidence-generated-config.mjs	8ef5639769420e8fc5b57bcc3409a56be79fbe41	1008	implementation-or-tooling	context: sources and migration consumers, not editorial deletion candidates	False	not-started	
charts/kubeclaw/files/config/eslint-type-evidence-tests-config.mjs	61639cb451c033f9f562d54ac8054cea4a7cd52f	1533	implementation-or-tooling	context: sources and migration consumers, not editorial deletion candidates	False	not-started	
charts/kubeclaw/files/config/eslint.config.mjs	c84c2b929276c0c40931a5604b5628aeb2c002eb	12543	implementation-or-tooling	context: sources and migration consumers, not editorial deletion candidates	False	not-started	
charts/kubeclaw/files/config/jscpd-tests.json	ed3713d4a8bc6a07f3fccc2f7c443c6b8e39cd7b	320	implementation-or-tooling	context: sources and migration consumers, not editorial deletion candidates	False	not-started	
charts/kubeclaw/files/config/jscpd.json	2e8a6fde54e41c6928a645de43fab109692ef73a	600	implementation-or-tooling	context: sources and migration consumers, not editorial deletion candidates	False	not-started	
charts/kubeclaw/files/config/knip.json	b8869633db06fdf40f7ac48fa7c68c9ab7e9b255	19096	implementation-or-tooling	context: sources and migration consumers, not editorial deletion candidates	False	not-started	
charts/kubeclaw/files/config/kubernetes-policy-pack-default.json	aff8afc4629a8726bc72db3c6325f6fde49b3799	1050	implementation-or-tooling	context: sources and migration consumers, not editorial deletion candidates	False	not-started	
charts/kubeclaw/files/config/lint-baseline.json	f1aaaff9ed39a84e2d9bfc219f1c93b93f595b8a	679	implementation-or-tooling	context: sources and migration consumers, not editorial deletion candidates	False	not-started	
charts/kubeclaw/files/config/lint-policy.json	67cdb1b3afb7c13a051a23a97b4e3691e50f254e	25145	implementation-or-tooling	context: sources and migration consumers, not editorial deletion candidates	False	not-started	
charts/kubeclaw/files/config/swarm.config.json	3ff9b7452eb38061abefdb67865f16ceaa7cbf84	518	implementation-or-tooling	context: sources and migration consumers, not editorial deletion candidates	False	not-started	
charts/kubeclaw/files/config/type-evidence-eslint-plugin.mjs	21ccebe8f518959350161d9848e644241cb05d7b	12419	implementation-or-tooling	context: sources and migration consumers, not editorial deletion candidates	False	not-started	
charts/kubeclaw/templates/NOTES.txt	e43dc61d2fd044d31779e69009521e16c5182aad	1382	implementation-or-tooling	context: sources and migration consumers, not editorial deletion candidates	False	not-started	
charts/kubeclaw/templates/_demo-ready-client.tpl	7d8eff34c46b6764ece2af6115755f700bbc1573	2187	implementation-or-tooling	context: sources and migration consumers, not editorial deletion candidates	False	not-started	
charts/kubeclaw/templates/_helpers.tpl	61410d9f99af20bf9b8301b576ac8db6a4373b12	3671	implementation-or-tooling	context: sources and migration consumers, not editorial deletion candidates	False	not-started	
charts/kubeclaw/templates/_registry-clients.tpl	7b3bc36ce4689f5c47d6872e57d0e20ad124d6a2	5585	implementation-or-tooling	context: sources and migration consumers, not editorial deletion candidates	False	not-started	
charts/kubeclaw/templates/_worker-trust-readiness.tpl	1022519adcd4008281d96545b9148004ee9e6ee0	6539	implementation-or-tooling	context: sources and migration consumers, not editorial deletion candidates	False	not-started	
charts/kubeclaw/templates/archviewer.yaml	e26d3b69e977aa29ace06caa4505a5cd107943a0	1798	implementation-or-tooling	context: sources and migration consumers, not editorial deletion candidates	False	not-started	
charts/kubeclaw/templates/buster-namespace-controller.yaml	e1d78565e3d8ca49bfa3141deeadbeab184c0800	12103	implementation-or-tooling	context: sources and migration consumers, not editorial deletion candidates	False	not-started	
charts/kubeclaw/templates/buster-namespace-fence.yaml	3a37766a057eaa2b1bafee3ec5d247851151eba5	2130	implementation-or-tooling	context: sources and migration consumers, not editorial deletion candidates	False	not-started	
charts/kubeclaw/templates/buster-namespace-lease-crd.yaml	1f043f95e28a4de59b3f6868209aa857dbe2009a	24873	implementation-or-tooling	context: sources and migration consumers, not editorial deletion candidates	False	not-started	
charts/kubeclaw/templates/buster-runtime-pvc.yaml	56e05785cb9088aee1e8172e69ffc6ddbb53646a	751	implementation-or-tooling	context: sources and migration consumers, not editorial deletion candidates	False	not-started	
charts/kubeclaw/templates/configmap-gateway.yaml	cc30cbaf30a6dca0db986506f8bdf15203bb5e44	8810	implementation-or-tooling	context: sources and migration consumers, not editorial deletion candidates	False	not-started	
charts/kubeclaw/templates/configmap-skills.yaml	dce9a0156383e10cb698a67f3c3450dc61ba1844	847	implementation-or-tooling	context: sources and migration consumers, not editorial deletion candidates	False	not-started	
charts/kubeclaw/templates/configmap-swarm-config.yaml	7fae6614044f319df86a000067d6780550d0f0ee	1856	implementation-or-tooling	context: sources and migration consumers, not editorial deletion candidates	False	not-started	
charts/kubeclaw/templates/configmap-worker-trust.yaml	300194fb12b4e9a0d06ea45a28899f7a765c6d2e	12202	implementation-or-tooling	context: sources and migration consumers, not editorial deletion candidates	False	not-started	
charts/kubeclaw/templates/configmap-workspace.yaml	c8d98a23f7c214a4eeaa521a03cf43bdc4b828f3	958	implementation-or-tooling	context: sources and migration consumers, not editorial deletion candidates	False	not-started	
charts/kubeclaw/templates/demo-ready-service.yaml	504a7afe77ebb78a8b234955b4db73b613a3e3f1	1740	implementation-or-tooling	context: sources and migration consumers, not editorial deletion candidates	False	not-started	
charts/kubeclaw/templates/deployment.yaml	53c737c665171bc5464952d6d5f72762145e45f4	87143	implementation-or-tooling	context: sources and migration consumers, not editorial deletion candidates	False	not-started	
charts/kubeclaw/templates/pvc.yaml	59daf303b8497838f36bc2838384211737f3ec80	1486	implementation-or-tooling	context: sources and migration consumers, not editorial deletion candidates	False	not-started	
charts/kubeclaw/templates/rbac.yaml	97a65785143cc6bd7109069ef840672aa4faec1e	4372	implementation-or-tooling	context: sources and migration consumers, not editorial deletion candidates	False	not-started	
charts/kubeclaw/templates/secret.yaml	857d426d7ddc6653388b22e316f86ea40a5bf063	1020	implementation-or-tooling	context: sources and migration consumers, not editorial deletion candidates	False	not-started	
charts/kubeclaw/templates/service-extra-nodeports.yaml	1f43fd18db6c396417ff7fef7ae2cbaf548755bc	600	implementation-or-tooling	context: sources and migration consumers, not editorial deletion candidates	False	not-started	
charts/kubeclaw/templates/service.yaml	8e896b45ac3eca571712ac95c003e762110fc852	1187	implementation-or-tooling	context: sources and migration consumers, not editorial deletion candidates	False	not-started	
charts/kubeclaw/templates/serviceaccount.yaml	0ab955ebc02b35bc1e010a80e3f59c98911fa544	326	implementation-or-tooling	context: sources and migration consumers, not editorial deletion candidates	False	not-started	
charts/kubeclaw/values.yaml	a5a8817000f4a41857a3d44d4dd3bea42dfdb589	18980	implementation-or-tooling	context: sources and migration consumers, not editorial deletion candidates	False	not-started	
charts/ops-pod/Chart.yaml	292994bbd68ba848831f9e65def4544999253b55	161	implementation-or-tooling	context: sources and migration consumers, not editorial deletion candidates	False	not-started	
charts/ops-pod/templates/network.yaml	fba64d0136452cc08d8fab2a08cc63831316fbe3	1868	implementation-or-tooling	context: sources and migration consumers, not editorial deletion candidates	False	not-started	
charts/ops-pod/templates/rbac.yaml	0308c0583a77d187dfe8fff84664fea6008bd1b9	1965	implementation-or-tooling	context: sources and migration consumers, not editorial deletion candidates	False	not-started	
charts/ops-pod/templates/tailscale-storage.yaml	61ca30f34c82350edb14be642c047f92c8dc8f28	395	implementation-or-tooling	context: sources and migration consumers, not editorial deletion candidates	False	not-started	
charts/ops-pod/templates/workload.yaml	c5f81b66c78054a062b1704e1279c4c82511dcd5	6599	implementation-or-tooling	context: sources and migration consumers, not editorial deletion candidates	False	not-started	
charts/ops-pod/values.yaml	a0bad669df5bab6608ee6dccc0a26e61c628dbba	1266	implementation-or-tooling	context: sources and migration consumers, not editorial deletion candidates	False	not-started	
charts/prism/Chart.yaml	8a971c595b77f31d2672d0aab4152381a292fcd4	146	implementation-or-tooling	context: sources and migration consumers, not editorial deletion candidates	False	not-started	
charts/prism/ci-values.yaml	7ca1e8271dfa32616d22c8ba4eb06c8ba18b377a	761	implementation-or-tooling	context: sources and migration consumers, not editorial deletion candidates	False	not-started	
charts/prism/files/prism-backup.sh	5aa11f741721b716ad643d94964f431502d13c40	8568	implementation-or-tooling	context: sources and migration consumers, not editorial deletion candidates	False	not-started	
charts/prism/templates/_helpers.tpl	c77cffb4cb105a16b69c528962d780ce5273623f	440	implementation-or-tooling	context: sources and migration consumers, not editorial deletion candidates	False	not-started	
charts/prism/templates/_product-decisions.tpl	8a0325f13639a92af7e980f84c665b826a511f37	2741	implementation-or-tooling	context: sources and migration consumers, not editorial deletion candidates	False	not-started	
charts/prism/templates/_worker-trust-readiness.tpl	c547ba8edbf6ef86bc65e02a5d793f3d10dc373d	6533	implementation-or-tooling	context: sources and migration consumers, not editorial deletion candidates	False	not-started	
charts/prism/templates/backup-storage-check.yaml	b3ac429acacef08dc26e3625aef4f0877e4a1af0	1712	implementation-or-tooling	context: sources and migration consumers, not editorial deletion candidates	False	not-started	
charts/prism/templates/backup.yaml	28d0c306cde482e05f454ba7a0d156b1aaf7a58a	3918	implementation-or-tooling	context: sources and migration consumers, not editorial deletion candidates	False	not-started	
charts/prism/templates/configmap-worker-trust.yaml	be1fbb55c851cb0359db872c1c95f7b2f25dc358	19296	implementation-or-tooling	context: sources and migration consumers, not editorial deletion candidates	False	not-started	
charts/prism/templates/ingestion.yaml	34ad96df2d386e4d1ca2fc2a26dd8b314626dc93	2296	implementation-or-tooling	context: sources and migration consumers, not editorial deletion candidates	False	not-started	
charts/prism/templates/jobs.yaml	1902a3f63baa3e3103d2acf22fd9097c9250e910	3553	implementation-or-tooling	context: sources and migration consumers, not editorial deletion candidates	False	not-started	
charts/prism/templates/networkpolicy.yaml	8dcdc042ac02130e532d576ad44df6aa9f0662d9	8298	implementation-or-tooling	context: sources and migration consumers, not editorial deletion candidates	False	not-started	
charts/prism/templates/postgresql.yaml	54d923640498c0a707a7bb75fb51be7c9e91010a	4164	implementation-or-tooling	context: sources and migration consumers, not editorial deletion candidates	False	not-started	
charts/prism/templates/product-decisions-networkpolicy.yaml	6e1df43249d90693fd6fcb1c9f4baf9bfd8c6061	746	implementation-or-tooling	context: sources and migration consumers, not editorial deletion candidates	False	not-started	
charts/prism/templates/serviceaccounts.yaml	2e78bc1f7f46e3663a7b8e02b720e3f7a93d3f74	215	implementation-or-tooling	context: sources and migration consumers, not editorial deletion candidates	False	not-started	
charts/prism/templates/services.yaml	0f9fff2b3f4fc3aa4fd2e7d2f3cc6a0b2329389d	1432	implementation-or-tooling	context: sources and migration consumers, not editorial deletion candidates	False	not-started	
charts/prism/templates/workloads.yaml	93e2b41ce149a4a803fb7ffbc5c51223507c2380	14332	implementation-or-tooling	context: sources and migration consumers, not editorial deletion candidates	False	not-started	
charts/prism/values.schema.json	53554d87de15424433a16984c5142db6de299d0b	13411	implementation-or-tooling	context: sources and migration consumers, not editorial deletion candidates	False	not-started	
charts/prism/values.yaml	f52ea0c4ea6a0c5744738a4e878b0c2e9d953982	3474	implementation-or-tooling	context: sources and migration consumers, not editorial deletion candidates	False	not-started	
cmd/buster-namespace-controller/demo-auth-credentials_test.go	0c48258f866e862dd8bf621a51d0d7a236349f0b	3043	implementation-or-test-data	context: not an editorial deletion candidate	False	not-started	
cmd/buster-namespace-controller/demo-credentials.go	066d25526051d1e0f3287f20e580bd44d47a1cd0	8928	implementation-or-test-data	context: not an editorial deletion candidate	False	not-started	
cmd/buster-namespace-controller/demo-credentials_test.go	6556146b57b94f63f80253558c837545ec3a5e1a	6360	implementation-or-test-data	context: not an editorial deletion candidate	False	not-started	
cmd/buster-namespace-controller/demo-producer-interop_test.go	53e209164ebb6502eca75ba3908390a5aa776372	4322	implementation-or-test-data	context: not an editorial deletion candidate	False	not-started	
cmd/buster-namespace-controller/demo-product-native_test.go	8f76772ca163bdbcf158af4591e2f36dffda6cf2	16963	implementation-or-test-data	context: not an editorial deletion candidate	False	not-started	
cmd/buster-namespace-controller/demo-product.go	0cd737eb2163a3946073fdf56d92ee3a8a2f9b5b	17019	implementation-or-test-data	context: not an editorial deletion candidate	False	not-started	
cmd/buster-namespace-controller/demo-product_test.go	2db202023ca90a755d831838b77f034420aa255e	13041	implementation-or-test-data	context: not an editorial deletion candidate	False	not-started	
cmd/buster-namespace-controller/demo-readiness-lifecycle.go	8312aea898b5bd6497043c4e12315beb3c2128e6	8667	implementation-or-test-data	context: not an editorial deletion candidate	False	not-started	
cmd/buster-namespace-controller/demo-readiness-sources.go	9040581a6848e8c31cbf300ae6491a59cfbb266e	5747	implementation-or-test-data	context: not an editorial deletion candidate	False	not-started	
cmd/buster-namespace-controller/demo-readiness.go	07eaf36881de13d0ab38484b9c8df7595c3de714	14838	implementation-or-test-data	context: not an editorial deletion candidate	False	not-started	
cmd/buster-namespace-controller/demo-readiness_test.go	9a595a0c553919858a7f75de8f0f4c1bc922f20c	23253	implementation-or-test-data	context: not an editorial deletion candidate	False	not-started	
cmd/buster-namespace-controller/demo-retention.go	fbd6dfe42a28ef6d0bdfa1b5f4f439b19b4c4093	1632	implementation-or-test-data	context: not an editorial deletion candidate	False	not-started	
cmd/buster-namespace-controller/demo-retention_test.go	bcd4485692e39e6f1e06c768430159cc0b1c7c90	6689	implementation-or-test-data	context: not an editorial deletion candidate	False	not-started	
cmd/buster-namespace-controller/exposure-generation.go	82e8ae27b98d070dd15ed7ad1f544c66dc9f0d42	5180	implementation-or-test-data	context: not an editorial deletion candidate	False	not-started	
cmd/buster-namespace-controller/exposure-generation_test.go	5aae0a683f96a582ca581a26afc7aaed7a311f19	5938	implementation-or-test-data	context: not an editorial deletion candidate	False	not-started	
cmd/buster-namespace-controller/exposure-handoff_test.go	04f1b4af40da478e44a1891105943123e2854817	6247	implementation-or-test-data	context: not an editorial deletion candidate	False	not-started	
cmd/buster-namespace-controller/main.go	f5500795690047de69011d517971a2db4213c7d0	73929	implementation-or-test-data	context: not an editorial deletion candidate	False	not-started	
cmd/buster-namespace-controller/main_test.go	1247373d142fb96eaca374c5a86a42050a46047d	35564	implementation-or-test-data	context: not an editorial deletion candidate	False	not-started	
cmd/buster-namespace-controller/rbac.go	a88d06d250094e4a5bf75b329f7d70dda9105aaa	3186	implementation-or-test-data	context: not an editorial deletion candidate	False	not-started	
cmd/buster-namespace-controller/remediation_test.go	12a3aa5878da847d93f63f47f687ce261514a50d	6168	implementation-or-test-data	context: not an editorial deletion candidate	False	not-started	
contracts/agent-observability/v1/README.md	973884238e107db0c9c05eb68cf74ff6f2651136	1169	component-or-root-documentation	in-scope	True	not-started	
contracts/agent-observability/v1/package.json	4062cf5366890f0fde382c048342464ac3d01ad0	339	implementation-or-test-data	context: not an editorial deletion candidate	True	not-started	
contracts/agent-observability/v1/src/complexity.ts	2b2160a801d219e5e23874442ff3c9ac0cd82c61	1650	implementation-or-test-data	context: not an editorial deletion candidate	True	not-started	
contracts/agent-observability/v1/src/constants.ts	408216858b23efc624617ca9667f2877a69dbe18	1579	implementation-or-test-data	context: not an editorial deletion candidate	True	not-started	
contracts/agent-observability/v1/src/index.ts	57ed4c9b1028a94ae9d2066f6cf45818da9a6b23	153	implementation-or-test-data	context: not an editorial deletion candidate	True	not-started	
contracts/agent-observability/v1/src/mapping.ts	90b8a57c1c7de352cd4bf09815154c2ed960902e	4573	implementation-or-test-data	context: not an editorial deletion candidate	True	not-started	
contracts/agent-observability/v1/src/routing.ts	5e9449c3cc51cea5d74f3ca5918852563ad8ea07	2395	implementation-or-test-data	context: not an editorial deletion candidate	True	not-started	
contracts/agent-observability/v1/src/types.ts	f4fdffc434201b25767444e16bf2f528db1f02b3	6841	implementation-or-test-data	context: not an editorial deletion candidate	True	not-started	
contracts/agent-observability/v1/src/validation.ts	28e0e58d1e52458b65cd633129d9e18cfd91dfd6	14019	implementation-or-test-data	context: not an editorial deletion candidate	True	not-started	
contracts/agent-observability/v1/tests/validation.test.ts	be1c2c409ad9cdad18e4071c157c16c7975fbd16	2811	implementation-or-test-data	context: not an editorial deletion candidate	True	not-started	
contracts/agent-observability/v1/tsconfig.build.json	382f71dadb214cacf7517ca88b67334b6e0f9001	152	implementation-or-test-data	context: not an editorial deletion candidate	True	not-started	
contracts/agent-observability/v1/tsconfig.json	4dfbe0eca128d99f2aeb3eb06b97de838805eaeb	190	implementation-or-test-data	context: not an editorial deletion candidate	True	not-started	
contracts/delivery-manifest/v3/package.json	bb3d252bd2354fef92332c630a4c916eb5b50b20	480	implementation-or-test-data	context: not an editorial deletion candidate	True	not-started	
contracts/delivery-manifest/v3/schemas/delivery-manifest.v3.schema.json	e86bdce5b2917302bca2467e95db1518bbac26db	4043	implementation-or-test-data	context: not an editorial deletion candidate	True	not-started	
contracts/delivery-manifest/v3/src/index.ts	b5e9b7f763fd009073cacaad270b349e46fde040	15713	implementation-or-test-data	context: not an editorial deletion candidate	True	not-started	
contracts/delivery-manifest/v3/tests/contract.test.mts	0555d7405ab34cb15c25fa9fd6a218cd778e1789	10128	implementation-or-test-data	context: not an editorial deletion candidate	True	not-started	
contracts/delivery-manifest/v3/tsconfig.json	fafa0d59d2634a76048e39d8ff63e02d12a9f11f	109	implementation-or-test-data	context: not an editorial deletion candidate	True	not-started	
contracts/pipeline-observability/v1/README.md	f8c390d45073b8f5f64aab101230821fb1ced07d	1232	component-or-root-documentation	in-scope	True	not-started	
contracts/pipeline-observability/v1/fixtures/producer-closure.json	16fa1fea95ee730f00c8399dd5bd8e7ce21f070c	394	test-fixture	excluded from editorial migration; preserve test behavior and inspect dependencies	False	not-started	
contracts/pipeline-observability/v1/fixtures/producer-record.json	2600b4aba131b2e8c765d0e185f30b7a2a4d6b77	574	test-fixture	excluded from editorial migration; preserve test behavior and inspect dependencies	False	not-started	
contracts/pipeline-observability/v1/go/fixturecheck/main.go	d0fa22c37f359ff3d2ddeb8fb699b2e672a84dcf	3703	implementation-or-test-data	context: not an editorial deletion candidate	True	not-started	
contracts/pipeline-observability/v1/go/go.mod	3235e3325fe1636f9ee606f4cccf0bf0a9958c92	143	implementation-or-test-data	context: not an editorial deletion candidate	False	not-started	
contracts/pipeline-observability/v1/go/go.sum	d45fcac18bde1adad965af21ec8e4a0c054ccf44	261	implementation-or-test-data	context: not an editorial deletion candidate	False	not-started	
contracts/pipeline-observability/v1/go/types.go	7bbd05358f57e6a17fbf95cf5f691937ad948d4c	18180	implementation-or-test-data	context: not an editorial deletion candidate	True	not-started	
contracts/pipeline-observability/v1/package.json	877c24fbb6d1505267aad4559e9de92fdda4554f	496	implementation-or-test-data	context: not an editorial deletion candidate	True	not-started	
contracts/pipeline-observability/v1/schemas/pipeline-observability.v1.schema.json	2e5f2ddf8759fb9385d1f9aa9da5f10b40991a4a	6092	implementation-or-test-data	context: not an editorial deletion candidate	True	not-started	
contracts/pipeline-observability/v1/src/canonical-json.ts	92199ac1536600614af4b46d21a4d61fe883f443	1397	implementation-or-test-data	context: not an editorial deletion candidate	True	not-started	
contracts/pipeline-observability/v1/src/index.ts	856a437495abf394df6c7be374902d61724a6518	61	implementation-or-test-data	context: not an editorial deletion candidate	True	not-started	
contracts/pipeline-observability/v1/src/types.ts	b3ef2846a226f4e094345fe15e1f3cf2f3fad816	2359	implementation-or-test-data	context: not an editorial deletion candidate	True	not-started	
contracts/pipeline-observability/v1/src/validation.ts	cc6947e1fbc2f258632b0bce06d8d2330e2910c2	6344	implementation-or-test-data	context: not an editorial deletion candidate	True	not-started	
contracts/pipeline-observability/v1/tsconfig.json	fafa0d59d2634a76048e39d8ff63e02d12a9f11f	109	implementation-or-test-data	context: not an editorial deletion candidate	True	not-started	
contracts/pipeline-test-gate/v1/README.md	00c68da167bfae091c55afb5e398ab2932250c41	7716	component-or-root-documentation	in-scope	True	not-started	
contracts/pipeline-test-gate/v1/examples/a11y-config.json	55e7873a3dec8b697fc8b4ad1d0eda99dcea9238	336	implementation-or-test-data	context: not an editorial deletion candidate	True	not-started	
contracts/pipeline-test-gate/v1/examples/api-flow-config.json	501a8ce15d2ca7c5fa8dca072029ab5149507b66	164	implementation-or-test-data	context: not an editorial deletion candidate	True	not-started	
contracts/pipeline-test-gate/v1/examples/api-suite.json	1b3fdd3979d06b90a5ba762b5c12b8a4aedb5973	539	implementation-or-test-data	context: not an editorial deletion candidate	True	not-started	
contracts/pipeline-test-gate/v1/examples/browser-profiles.json	a73ee608c36f4e045585ef028f1d7af42608a4f2	519	implementation-or-test-data	context: not an editorial deletion candidate	True	not-started	
contracts/pipeline-test-gate/v1/examples/container-build-dockerfile.json	6838e0e648b18c6e42f5f585d5786beb0a1e9072	560	implementation-or-test-data	context: not an editorial deletion candidate	True	not-started	
contracts/pipeline-test-gate/v1/examples/e2e-playwright.json	f6a3a7974e4a17d1b8670487bab204155c4cc6fd	933	implementation-or-test-data	context: not an editorial deletion candidate	True	not-started	
contracts/pipeline-test-gate/v1/examples/e2e-result-cypress.json	b45cd41c98d0dcc80569a200fddc248dcd515ea3	790	implementation-or-test-data	context: not an editorial deletion candidate	True	not-started	
contracts/pipeline-test-gate/v1/examples/http.json	f214171f47e02a5f80fc280b350b8c619861420c	441	implementation-or-test-data	context: not an editorial deletion candidate	True	not-started	
contracts/pipeline-test-gate/v1/examples/kubernetes-fixture.json	a0ee59d2e16330f64283d876f1b0351f8441432c	834	implementation-or-test-data	context: not an editorial deletion candidate	True	not-started	
contracts/pipeline-test-gate/v1/examples/lighthouse-performance-config.json	b146edb1dd81d5ff11a4ff411e9671dc9d1d41bc	172	implementation-or-test-data	context: not an editorial deletion candidate	True	not-started	
contracts/pipeline-test-gate/v1/examples/lighthouse-settings.json	d64a6ba4eefd6c7da9d73488af086ad502c1a31c	570	implementation-or-test-data	context: not an editorial deletion candidate	True	not-started	
contracts/pipeline-test-gate/v1/examples/openapi-config.json	969bac47dd26bdc00429a238c4f22f3d54708912	223	implementation-or-test-data	context: not an editorial deletion candidate	True	not-started	
contracts/pipeline-test-gate/v1/examples/security-config.json	155bda2fe2a791d9baf712cc6737df6c1f2f0921	401	implementation-or-test-data	context: not an editorial deletion candidate	True	not-started	
contracts/pipeline-test-gate/v1/examples/size-budget-growth.json	3ecff482d4880c851bcb53dd12a3d9d1681ce0b0	2034	implementation-or-test-data	context: not an editorial deletion candidate	True	not-started	
contracts/pipeline-test-gate/v1/examples/size-budget-tar.json	6715a0247e24abfa6bec5b8befc684fcda453fec	1472	implementation-or-test-data	context: not an editorial deletion candidate	True	not-started	
contracts/pipeline-test-gate/v1/examples/tailscale-exposure.json	412cfd5f204c7004452a2c5c00f6bc125247e8c8	568	implementation-or-test-data	context: not an editorial deletion candidate	True	not-started	
contracts/pipeline-test-gate/v1/examples/unit-suite-blocking.json	1c3b44db0b33bbde78cfbb00c1e6f0d442beeeec	701	implementation-or-test-data	context: not an editorial deletion candidate	True	not-started	
contracts/pipeline-test-gate/v1/examples/unit-suite-with-coverage.json	b1f1857222a8f50ef65f22c39c512ff3507730a7	1269	implementation-or-test-data	context: not an editorial deletion candidate	True	not-started	
contracts/pipeline-test-gate/v1/examples/visual-baselines.json	be34ba0df7cf1e8b78fc8be19277dfa455bbe019	651	implementation-or-test-data	context: not an editorial deletion candidate	True	not-started	
contracts/pipeline-test-gate/v1/examples/visual-config.json	33cc2b32cad39182427b01618632393a98e69386	298	implementation-or-test-data	context: not an editorial deletion candidate	True	not-started	
contracts/pipeline-test-gate/v1/package.json	4374bc8dd26330f83b713680b3fd198613703238	762	implementation-or-test-data	context: not an editorial deletion candidate	True	not-started	
contracts/pipeline-test-gate/v1/schemas/browser-profiles.v1.schema.json	880244a21b0a4a6cb913eb073f11498a9e51d705	1269	implementation-or-test-data	context: not an editorial deletion candidate	True	not-started	
contracts/pipeline-test-gate/v1/schemas/e2e-result.v1.schema.json	b8ffd9d746ccd77952c04c5103af4f7e1725ce65	2421	implementation-or-test-data	context: not an editorial deletion candidate	True	not-started	
contracts/pipeline-test-gate/v1/schemas/lighthouse-settings.v1.schema.json	8af1c1d5c1668154253a10705823909f10fc1929	1777	implementation-or-test-data	context: not an editorial deletion candidate	True	not-started	
contracts/pipeline-test-gate/v1/schemas/pipeline-test-gate.v1.schema.json	90891a88d013922094a0ac8973124eabc0843729	53611	implementation-or-test-data	context: not an editorial deletion candidate	True	not-started	
contracts/pipeline-test-gate/v1/schemas/visual-baselines.v2.schema.json	3651d9ce3319b9e63c3c687abeadeb7aa92902d2	2222	implementation-or-test-data	context: not an editorial deletion candidate	True	not-started	
contracts/pipeline-test-gate/v1/src/coverage-expectation.ts	021bf36f5751a20c1e462c7ddcc51c5491eaf823	2594	implementation-or-test-data	context: not an editorial deletion candidate	True	not-started	
contracts/pipeline-test-gate/v1/src/coverage-result.ts	823f90d95f8dbc0ca4f3efac13efa0156b11dd1e	2910	implementation-or-test-data	context: not an editorial deletion candidate	True	not-started	
contracts/pipeline-test-gate/v1/src/coverage.ts	3a7f85172561c015d3726cfdf7df60b6874f5d8f	5883	implementation-or-test-data	context: not an editorial deletion candidate	True	not-started	
contracts/pipeline-test-gate/v1/src/digest.ts	395e6d8d9c9f641dd04bd4083d85bf4f1490178c	279	implementation-or-test-data	context: not an editorial deletion candidate	True	not-started	
contracts/pipeline-test-gate/v1/src/gate-decision.ts	58be5ebba6b566ca0996afbfe3fee435aa222624	6848	implementation-or-test-data	context: not an editorial deletion candidate	True	not-started	
contracts/pipeline-test-gate/v1/src/index.ts	1b819efbf7019685a203f148cf815790cff3ff35	238	implementation-or-test-data	context: not an editorial deletion candidate	True	not-started	
contracts/pipeline-test-gate/v1/src/remote.ts	b57f8adb9937faae7c5ac863e467ee0e548da3e9	5134	implementation-or-test-data	context: not an editorial deletion candidate	True	not-started	
contracts/pipeline-test-gate/v1/src/types.ts	f68a63890e19ba5281b8506662bcae7965be69e5	11579	implementation-or-test-data	context: not an editorial deletion candidate	True	not-started	
contracts/pipeline-test-gate/v1/src/validation.ts	1ced038b08cb948699e83fbf29491e7884d5e4e2	12874	implementation-or-test-data	context: not an editorial deletion candidate	True	not-started	
contracts/pipeline-test-gate/v1/suites/a11y.v1.json	b09d89ba7ae78a7845d56fa9186640f61e001ecd	440	implementation-or-test-data	context: not an editorial deletion candidate	True	not-started	
contracts/pipeline-test-gate/v1/suites/api.v1.json	62f84a229d04329813554bd2ffc2d0fd283a2841	732	implementation-or-test-data	context: not an editorial deletion candidate	True	not-started	
contracts/pipeline-test-gate/v1/suites/container-build.v1.json	131aaa57824469a3749a19c777ca8ccfb73571f3	188	implementation-or-test-data	context: not an editorial deletion candidate	True	not-started	
contracts/pipeline-test-gate/v1/suites/e2e.v1.json	be2bb73515cc472446688605f281996306b8f16d	375	implementation-or-test-data	context: not an editorial deletion candidate	True	not-started	
contracts/pipeline-test-gate/v1/suites/http.v1.json	ec572edbf6a85cb11a36a85255ccde54b6ce667a	166	implementation-or-test-data	context: not an editorial deletion candidate	True	not-started	
contracts/pipeline-test-gate/v1/suites/kubernetes-fixture.v1.json	b57482af677511f7baeab544d9aebca0cca78ffa	194	implementation-or-test-data	context: not an editorial deletion candidate	True	not-started	
contracts/pipeline-test-gate/v1/suites/perf.v1.json	313010ac44a5f3d11fcd64503d444e3b3e1104d4	921	implementation-or-test-data	context: not an editorial deletion candidate	True	not-started	
contracts/pipeline-test-gate/v1/suites/security.v1.json	5991085f951c40567b030493165151dbf9e7269d	1416	implementation-or-test-data	context: not an editorial deletion candidate	True	not-started	
contracts/pipeline-test-gate/v1/suites/size-budget.v1.json	902ea234ed771141984a49371d72c44afeeff2cf	180	implementation-or-test-data	context: not an editorial deletion candidate	True	not-started	
contracts/pipeline-test-gate/v1/suites/tailscale-exposure.v1.json	267eb78f4de08c2e339b75742a1fc97671bf3aa0	199	implementation-or-test-data	context: not an editorial deletion candidate	True	not-started	
contracts/pipeline-test-gate/v1/suites/unit.v1.json	f1989fca6517930b5220f23871ad9d484a039bfe	166	implementation-or-test-data	context: not an editorial deletion candidate	True	not-started	
contracts/pipeline-test-gate/v1/suites/visual.v1.json	71a93a13a9eb25a593da8a161f9b745fb6bab56e	427	implementation-or-test-data	context: not an editorial deletion candidate	True	not-started	
contracts/pipeline-test-gate/v1/tests/declarations-typecheck.ts	fae456cbf708d858a23b97b0a3b5247abfcb9857	699	implementation-or-test-data	context: not an editorial deletion candidate	True	not-started	
contracts/pipeline-test-gate/v1/tsconfig.json	4dfbe0eca128d99f2aeb3eb06b97de838805eaeb	190	implementation-or-test-data	context: not an editorial deletion candidate	True	not-started	
contracts/pipeline-worker-core/v1/README.md	78e60101d05fdb1b7de33752152c8ef29dd840d4	1832	component-or-root-documentation	in-scope	True	not-started	
contracts/pipeline-worker-core/v1/package.json	712a2fcfeb9aa466b6ee78c622b1ab2ae1ba7c6d	666	implementation-or-test-data	context: not an editorial deletion candidate	True	not-started	
contracts/pipeline-worker-core/v1/schemas/pipeline-worker-core.v1.schema.json	7a15f165d0ef1a4b808ea507d3370615bf568254	20885	implementation-or-test-data	context: not an editorial deletion candidate	True	not-started	
contracts/pipeline-worker-core/v1/schemas/pipeline-worker-core.v2.schema.json	c5a5582d7c2fd1752fd820ba855303d6ac885d8f	28248	implementation-or-test-data	context: not an editorial deletion candidate	True	not-started	
contracts/pipeline-worker-core/v1/schemas/pipeline-worker-core.v3.schema.json	a0dc3e3e6ad9c2324f3fb745b9d3d0916806adf2	23004	implementation-or-test-data	context: not an editorial deletion candidate	True	not-started	
contracts/pipeline-worker-core/v1/scripts/generate-resource-schema-v2.mjs	72ed7ff607d1b24d9f4da64f4d681dd641bea3c3	3874	implementation-or-test-data	context: not an editorial deletion candidate	True	not-started	
contracts/pipeline-worker-core/v1/scripts/generate-resource-schema-v3.mjs	163f341cceb9bea0788c0a1accfa8c311298be04	2006	implementation-or-test-data	context: not an editorial deletion candidate	True	not-started	
contracts/pipeline-worker-core/v1/src/digest.ts	3c43aa9dd1478cfb0723cc62172ca22fef149198	2829	implementation-or-test-data	context: not an editorial deletion candidate	True	not-started	
contracts/pipeline-worker-core/v1/src/index.ts	7cd06fd9a37d8cf2c81e24c5a5b5f7d0f2a84f3d	288	implementation-or-test-data	context: not an editorial deletion candidate	True	not-started	
contracts/pipeline-worker-core/v1/src/resource-types-v2.ts	1bacde076fe989bc1918b3c7295e0659be272d65	2532	implementation-or-test-data	context: not an editorial deletion candidate	True	not-started	
contracts/pipeline-worker-core/v1/src/resource-types-v3.ts	4ce811b79e0f10f70944001adf1ad9e2ea89f3cc	2101	implementation-or-test-data	context: not an editorial deletion candidate	True	not-started	
contracts/pipeline-worker-core/v1/src/resource-validation-v2.ts	28a54ca99a5309252f087ff557aae0f4a66bc9ed	6501	implementation-or-test-data	context: not an editorial deletion candidate	True	not-started	
contracts/pipeline-worker-core/v1/src/resource-validation-v3.ts	e0fd12cfae17ffafeba3f4dae9df397038fc3464	6355	implementation-or-test-data	context: not an editorial deletion candidate	True	not-started	
contracts/pipeline-worker-core/v1/src/trust.ts	9b0685fee83b8aa7c17cc1e93e4d36c8c14cf6ca	1978	implementation-or-test-data	context: not an editorial deletion candidate	True	not-started	
contracts/pipeline-worker-core/v1/src/types.ts	058d431138fa3f6bb8d52f1ccad618bacadf1470	6606	implementation-or-test-data	context: not an editorial deletion candidate	True	not-started	
contracts/pipeline-worker-core/v1/src/validation.ts	23f6a230e544b424ef26b39fe99810323bd21c0e	11476	implementation-or-test-data	context: not an editorial deletion candidate	True	not-started	
contracts/pipeline-worker-core/v1/tsconfig.json	4dfbe0eca128d99f2aeb3eb06b97de838805eaeb	190	implementation-or-test-data	context: not an editorial deletion candidate	True	not-started	
contracts/prism/v1/README.md	d4b87aabda2df4485a400e1d908f37382576b6d0	1908	component-or-root-documentation	in-scope	True	not-started	
contracts/prism/v1/fixtures/minimal-web.json	f7817b5191e6dbb5f412342edf6acc033d7c00b7	1158	test-fixture	excluded from editorial migration; preserve test behavior and inspect dependencies	False	not-started	
contracts/prism/v1/package.json	47914e3c66ce7da5f08aaca31f37dc83c279b23e	846	implementation-or-test-data	context: not an editorial deletion candidate	True	not-started	
contracts/prism/v1/schemas/baseline-v2.schema.json	a3d224fd4fc4348f03c87a873a84a36202e80b5e	1207	implementation-or-test-data	context: not an editorial deletion candidate	True	not-started	
contracts/prism/v1/schemas/engine-requests.v1.json	b137533f702698e52b2d1929ea748627e3be9b23	3161	implementation-or-test-data	context: not an editorial deletion candidate	True	not-started	
contracts/prism/v1/schemas/engine-results.v1.json	eb91c79e55931c932aae3211fa844ee97944cd91	2468	implementation-or-test-data	context: not an editorial deletion candidate	True	not-started	
contracts/prism/v1/schemas/prism-v1.schema.json	addf026ffb4944337471c84aac9bdf1655852498	25800	implementation-or-test-data	context: not an editorial deletion candidate	True	not-started	
contracts/prism/v1/scripts/generate-validators.mjs	0ef798e95427a65d29c6e7814fe596c4e81d3a43	3033	implementation-or-test-data	context: not an editorial deletion candidate	True	not-started	
contracts/prism/v1/src/baseline-archive.ts	3bda578d071c70956ed210ed185c13fe1558f77c	5924	implementation-or-test-data	context: not an editorial deletion candidate	True	not-started	
contracts/prism/v1/src/complexity.ts	61055376e84f1f84c224761c62408706d31d0a10	3283	implementation-or-test-data	context: not an editorial deletion candidate	True	not-started	
contracts/prism/v1/src/digest.ts	2811a0b64eb1410bae1bd8a142509e60105009ce	1206	implementation-or-test-data	context: not an editorial deletion candidate	True	not-started	
contracts/prism/v1/src/document-semantics.ts	b154bbf852ad2d385e823900518d8a7ae0ed3674	7054	implementation-or-test-data	context: not an editorial deletion candidate	True	not-started	
contracts/prism/v1/src/index.ts	67bf070f6d7d2b711152bfc010fa4f831dad421f	4989	implementation-or-test-data	context: not an editorial deletion candidate	True	not-started	
contracts/prism/v1/src/node-catalog.ts	2ced0c5640aed5767b61cbf3471c79aa7ffac515	11592	implementation-or-test-data	context: not an editorial deletion candidate	True	not-started	
contracts/prism/v1/src/validators.generated.d.mts	8d42f594da7d547a797e8290116a1df3e5ef062c	1301	implementation-or-test-data	context: not an editorial deletion candidate	True	not-started	
contracts/prism/v1/src/validators.generated.mjs	38c294303a9397cd7455b1d6408cb913953b3aad	272607	implementation-or-test-data	context: not an editorial deletion candidate	True	not-started	
contracts/prism/v1/tests/contracts.test.mts	36936d8ef470b8287634063e8e64835098d31ad8	7028	implementation-or-test-data	context: not an editorial deletion candidate	True	not-started	
contracts/prism/v1/tests/fixtures/control-v1-assembly.txt	3720195d7210e1bbee6a52fb8636fdfd06f8e301	1985	test-fixture	excluded from editorial migration; preserve test behavior and inspect dependencies	False	not-started	
contracts/prism/v1/tsconfig.json	7040b3bd93849bb0c54ab640de6b6fba2787e571	357	implementation-or-test-data	context: not an editorial deletion candidate	True	not-started	
contracts/telemetry/v1/README.md	e08f34ebacf551d4837e47a71ceae76dff1c37bc	3220	component-or-root-documentation	in-scope	True	not-started	
contracts/telemetry/v1/bundle-types.ts	3bd9e9622b386631f368b73d609e258b18ceb766	31932	implementation-or-test-data	context: not an editorial deletion candidate	True	not-started	
contracts/telemetry/v1/bundle/artifact_published.v1.schema.json	1948002e8d5af23370549ebd107efc7269d729f7	2085	implementation-or-test-data	context: not an editorial deletion candidate	True	not-started	
contracts/telemetry/v1/bundle/composed_prompt.v1.schema.json	9a354b96b791849b6957eb2e35b1123a063fa02d	1426	implementation-or-test-data	context: not an editorial deletion candidate	True	not-started	
contracts/telemetry/v1/bundle/evaluation_fact.v1.schema.json	8fd8d60b17d5fcd74d6fcaaa643b96cca0409fc6	965	implementation-or-test-data	context: not an editorial deletion candidate	True	not-started	
contracts/telemetry/v1/bundle/expected_source_facts.v1.schema.json	18551b6933d688a348c871087ac3bcc1042fcb03	59021	implementation-or-test-data	context: not an editorial deletion candidate	True	not-started	
contracts/telemetry/v1/bundle/pipeline_command_evidence.v1.schema.json	09ce57625c069b5d87cb228d446ea95dd73e32b4	2177	implementation-or-test-data	context: not an editorial deletion candidate	True	not-started	
contracts/telemetry/v1/bundle/pipeline_command_request.v1.schema.json	b721ddda6bd28ed67f1f8b40426196738fea8b71	1490	implementation-or-test-data	context: not an editorial deletion candidate	True	not-started	
contracts/telemetry/v1/bundle/pipeline_evidence_export.v1.schema.json	1ff1c9d2d835fd3c827156cbb9d43c34007f9f2c	1342	implementation-or-test-data	context: not an editorial deletion candidate	True	not-started	
contracts/telemetry/v1/bundle/pipeline_lifecycle_event.v1.schema.json	bfa2c992a44bd77ca560cda8085dd93c765e99c7	1750	implementation-or-test-data	context: not an editorial deletion candidate	True	not-started	
contracts/telemetry/v1/bundle/pipeline_lifecycle_read_models.v1.schema.json	b0098b6984b9926066da995b062aadffd39f7c25	47384	implementation-or-test-data	context: not an editorial deletion candidate	True	not-started	
contracts/telemetry/v1/bundle/producer_health_snapshot.v1.schema.json	51c7a3f8bb18e9aa080a123230bb0684deedf1b5	4424	implementation-or-test-data	context: not an editorial deletion candidate	True	not-started	
contracts/telemetry/v1/bundle/quarantined_payload.v1.schema.json	936707af07b789e966a37ac399c952d424c99c63	1189	implementation-or-test-data	context: not an editorial deletion candidate	True	not-started	
contracts/telemetry/v1/bundle/run_archive_manifest.v1.schema.json	62b2f91121762360d842fee76c44e2e5bda529fd	1318	implementation-or-test-data	context: not an editorial deletion candidate	True	not-started	
contracts/telemetry/v1/bundle/run_catalog_entry.v1.schema.json	9df6de1b2e0301d337993993c0b41f7e8ceabdb5	1041	implementation-or-test-data	context: not an editorial deletion candidate	True	not-started	
contracts/telemetry/v1/bundle/run_manifest.v1.schema.json	4f70d0f634c28d4dffa3c0978679d314b38743aa	2952	implementation-or-test-data	context: not an editorial deletion candidate	True	not-started	
contracts/telemetry/v1/bundle/runtime_log.v1.schema.json	1c36ccc381442d3c547e5f9b4f49aa9d926b94d5	1136	implementation-or-test-data	context: not an editorial deletion candidate	True	not-started	
contracts/telemetry/v1/bundle/terminal_closure.v1.schema.json	f340620112a771d1262f032d03c904de126d8aee	1693	implementation-or-test-data	context: not an editorial deletion candidate	True	not-started	
contracts/telemetry/v1/bundle_types.go	29a0317b423df91f2d5bb21c520646c500d502de	63950	implementation-or-test-data	context: not an editorial deletion candidate	True	not-started	
contracts/telemetry/v1/catalog.json	42f1ce4080b027e2d142871aadc6e3232a4431ea	1628	implementation-or-test-data	context: not an editorial deletion candidate	True	not-started	
contracts/telemetry/v1/contract-manifest.json	6d6a77eeac427025a53cab29044a579ca5a99596	23670	implementation-or-test-data	context: not an editorial deletion candidate	True	not-started	
contracts/telemetry/v1/correlation_identity.schema.json	7fe7c211e708ac1794ad0ad137ac6b781af550c0	1750	implementation-or-test-data	context: not an editorial deletion candidate	True	not-started	
contracts/telemetry/v1/envelope.schema.json	63c693b4354e61816c314933e76224c9289cd3ed	4810	implementation-or-test-data	context: not an editorial deletion candidate	True	not-started	
contracts/telemetry/v1/events/agent.delivery.target.schema.json	6b78477904bc1dbafb00024ed655b0c549220e13	5077	implementation-or-test-data	context: not an editorial deletion candidate	True	not-started	
contracts/telemetry/v1/events/agent.ended.schema.json	07f643bb1f4a1d03d509f4c19c5445402e9ab4f4	5137	implementation-or-test-data	context: not an editorial deletion candidate	True	not-started	
contracts/telemetry/v1/events/agent.killed.schema.json	f3e70f0bc7a634006d02dbba04994a570fa13623	4702	implementation-or-test-data	context: not an editorial deletion candidate	True	not-started	
contracts/telemetry/v1/events/agent.llm.input.summary.schema.json	7182075a90cc136a53998709c61de0a6ca0a3397	4899	implementation-or-test-data	context: not an editorial deletion candidate	True	not-started	
contracts/telemetry/v1/events/agent.llm.output.summary.schema.json	1ec603d4a17d4f4d2c9c435204bbca5873b7ed72	5079	implementation-or-test-data	context: not an editorial deletion candidate	True	not-started	
contracts/telemetry/v1/events/agent.model.ended.schema.json	faa221b2f7edd8ac0306632720893fb656aaf356	5385	implementation-or-test-data	context: not an editorial deletion candidate	True	not-started	
contracts/telemetry/v1/events/agent.model.started.schema.json	5a134ffd66c27ca8f719dd5e78f068d261b2ddbe	4617	implementation-or-test-data	context: not an editorial deletion candidate	True	not-started	
contracts/telemetry/v1/events/agent.progress.schema.json	cbab05a7e92b47af5dbd47f2e840f775cf5259e9	4734	implementation-or-test-data	context: not an editorial deletion candidate	True	not-started	
contracts/telemetry/v1/events/agent.session.ended.schema.json	3a8d68397f0f8afa14ce52181abe818da64ef27a	5239	implementation-or-test-data	context: not an editorial deletion candidate	True	not-started	
contracts/telemetry/v1/events/agent.session.started.schema.json	9d46f2cc2b165ac257b2b220d1cec1646f51429a	4721	implementation-or-test-data	context: not an editorial deletion candidate	True	not-started	
contracts/telemetry/v1/events/agent.spawn.requested.schema.json	b716948b29c3d76921d244a00063dea91215e256	5146	implementation-or-test-data	context: not an editorial deletion candidate	True	not-started	
contracts/telemetry/v1/events/agent.spawned.schema.json	b989d57203cd785dc89ff8fca16160ca59150e8e	4818	implementation-or-test-data	context: not an editorial deletion candidate	True	not-started	
contracts/telemetry/v1/events/agent.tool.finished.schema.json	61575a76d5337a060445e402cd3782f4b0a46506	5274	implementation-or-test-data	context: not an editorial deletion candidate	True	not-started	
contracts/telemetry/v1/events/agent.tool.started.schema.json	9a3a9f00069c8fc3e0fb19b9cceecd438716ccbb	4967	implementation-or-test-data	context: not an editorial deletion candidate	True	not-started	
contracts/telemetry/v1/events/agent.transcript.schema.json	6f18369d7c0a387516bfac3e209cfda7a1efd994	4607	implementation-or-test-data	context: not an editorial deletion candidate	True	not-started	
contracts/telemetry/v1/events/approval.requested.schema.json	93689a585b14f0b2c838c3003fa745817013e3c6	4570	implementation-or-test-data	context: not an editorial deletion candidate	True	not-started	
contracts/telemetry/v1/events/approval.resolved.schema.json	513bb28e94215396f84aac6b4f529d6df5bf16f4	4556	implementation-or-test-data	context: not an editorial deletion candidate	True	not-started	
contracts/telemetry/v1/events/artifact.published.schema.json	cbdeadc834bb03008fb400532e2a3672e04722ee	5261	implementation-or-test-data	context: not an editorial deletion candidate	True	not-started	
contracts/telemetry/v1/events/budget.exceeded.schema.json	2d73df38f2af29b1fd345b54eaa35cb762368a5f	4626	implementation-or-test-data	context: not an editorial deletion candidate	True	not-started	
contracts/telemetry/v1/events/budget.warning.schema.json	3f4fef88da18b83badef25204bbaa3b03ea2b29c	4624	implementation-or-test-data	context: not an editorial deletion candidate	True	not-started	
contracts/telemetry/v1/events/command.accepted.schema.json	379b2a6a07e07969444d8420ad2cfef3586844f9	4497	implementation-or-test-data	context: not an editorial deletion candidate	True	not-started	
contracts/telemetry/v1/events/command.completed.schema.json	396fd66087c2f0c6aaa7046f9f91dfb7b2f7ecc1	4664	implementation-or-test-data	context: not an editorial deletion candidate	True	not-started	
contracts/telemetry/v1/events/command.rejected.schema.json	78017e4fafe39aa177d34114e4b7d757811c1ba8	4603	implementation-or-test-data	context: not an editorial deletion candidate	True	not-started	
contracts/telemetry/v1/events/command.requested.schema.json	5392b8412a77d532d414a239ff076c0ba95b6db2	5087	implementation-or-test-data	context: not an editorial deletion candidate	True	not-started	
contracts/telemetry/v1/events/cost.update.schema.json	645322e304fc56302358d53dc01313a413475685	5103	implementation-or-test-data	context: not an editorial deletion candidate	True	not-started	
contracts/telemetry/v1/events/error.escalation.schema.json	0952192f0bd17ca235d3c2d55d352f6c6feabbdb	4901	implementation-or-test-data	context: not an editorial deletion candidate	True	not-started	
contracts/telemetry/v1/events/evaluation.fact.schema.json	4721a9e81b215d8b9e5fce7a740653ad2586910e	4355	implementation-or-test-data	context: not an editorial deletion candidate	True	not-started	
contracts/telemetry/v1/events/gate.started.schema.json	ce78d80aae0505e8ed2c9410cc337a6e37504214	4391	implementation-or-test-data	context: not an editorial deletion candidate	True	not-started	
contracts/telemetry/v1/events/gate.verdict.schema.json	088b7cc00586cd40a8e5c48b034bd3f240d31fab	4799	implementation-or-test-data	context: not an editorial deletion candidate	True	not-started	
contracts/telemetry/v1/events/git.evidence.schema.json	83a8273ed429746253be7bb29b399b7b251bc7d7	4911	implementation-or-test-data	context: not an editorial deletion candidate	True	not-started	
contracts/telemetry/v1/events/infrastructure.evidence.schema.json	1db41c9e5646efbbc5a357eeb0b787471db69cc0	5293	implementation-or-test-data	context: not an editorial deletion candidate	True	not-started	
contracts/telemetry/v1/events/lifecycle.snapshot.schema.json	84b634de2eae6d5c69b16f3035ef12eab4e78699	4468	implementation-or-test-data	context: not an editorial deletion candidate	True	not-started	
contracts/telemetry/v1/events/lifecycle.transition.schema.json	8f49e82b5677cadd5a1353ce4429f4bb383f0488	4651	implementation-or-test-data	context: not an editorial deletion candidate	True	not-started	
contracts/telemetry/v1/events/module.started.schema.json	769833c8204a7de7a0fbea0a143a396e273518f2	4274	implementation-or-test-data	context: not an editorial deletion candidate	True	not-started	
contracts/telemetry/v1/events/module.status_changed.schema.json	a7ffdc264d18efb5931d0ecb400c534fe849ad75	5091	implementation-or-test-data	context: not an editorial deletion candidate	True	not-started	
contracts/telemetry/v1/events/observability.degraded.schema.json	0edd8676c3c0d6463d1c82507b88560698aa625b	5815	implementation-or-test-data	context: not an editorial deletion candidate	True	not-started	
contracts/telemetry/v1/events/observability.restored.schema.json	8b1d3f739d498c96d261015c6595c1fa1a6ca5d5	6013	implementation-or-test-data	context: not an editorial deletion candidate	True	not-started	
contracts/telemetry/v1/events/phase.completed.schema.json	948e9d7c826eda8a7237226e5ba5a6bd3aace99a	4255	implementation-or-test-data	context: not an editorial deletion candidate	True	not-started	
contracts/telemetry/v1/events/phase.started.schema.json	f72157758f933b39ae44052b7650d2a52ac4f574	4352	implementation-or-test-data	context: not an editorial deletion candidate	True	not-started	
contracts/telemetry/v1/events/pipeline.completed.schema.json	30b463b6cc37bffc1229cd1564e4d804c65f12a9	4762	implementation-or-test-data	context: not an editorial deletion candidate	True	not-started	
contracts/telemetry/v1/events/pipeline.halted.schema.json	f216a882cdd03533a9d52359b88be5c50af78235	4899	implementation-or-test-data	context: not an editorial deletion candidate	True	not-started	
contracts/telemetry/v1/events/pipeline.started.schema.json	f8918f81d21602de56baeda7ecb3a380ebc27807	4715	implementation-or-test-data	context: not an editorial deletion candidate	True	not-started	
contracts/telemetry/v1/events/plugin.event.schema.json	3cdf9c282829a6aa2fc7003836319134dbbf8825	5040	implementation-or-test-data	context: not an editorial deletion candidate	True	not-started	
contracts/telemetry/v1/events/producer.health.schema.json	47f0e7462feb69e39a7389a015cdeee2d113e486	5920	implementation-or-test-data	context: not an editorial deletion candidate	True	not-started	
contracts/telemetry/v1/events/quality.evidence.schema.json	e7426e1d09be172339c91a6935ea195ebb8122c2	4966	implementation-or-test-data	context: not an editorial deletion candidate	True	not-started	
contracts/telemetry/v1/events/rate_limit.detected.schema.json	5162893b3ce12ebca45ff706c735a710d61ac741	5078	implementation-or-test-data	context: not an editorial deletion candidate	True	not-started	
contracts/telemetry/v1/events/retry.exhausted.schema.json	80b5a808cb13351d5b2ebd7ade370a01e201c158	4567	implementation-or-test-data	context: not an editorial deletion candidate	True	not-started	
contracts/telemetry/v1/events/retry.scheduled.schema.json	cb59a08442cbf34f32dfc836eccc4c6d55965598	4598	implementation-or-test-data	context: not an editorial deletion candidate	True	not-started	
contracts/telemetry/v1/events/runtime.log.schema.json	350547fa68a7bbc72a39369c30746156e0662fd9	4578	implementation-or-test-data	context: not an editorial deletion candidate	True	not-started	
contracts/telemetry/v1/events/summary.completed.schema.json	536e46b78301d4b2abd91556f9a466c146614c98	5755	implementation-or-test-data	context: not an editorial deletion candidate	True	not-started	
contracts/telemetry/v1/events/summary.started.schema.json	795018ab11128c549f2fce2794380add11b39e70	4966	implementation-or-test-data	context: not an editorial deletion candidate	True	not-started	
contracts/telemetry/v1/events/system.io_warning.schema.json	c5768d35130d1a0a96070a9653d0ea7594c49111	5127	implementation-or-test-data	context: not an editorial deletion candidate	True	not-started	
contracts/telemetry/v1/events/terminal.closure.schema.json	b0534de57e3ada70224c0dbc122283829525148a	4992	implementation-or-test-data	context: not an editorial deletion candidate	True	not-started	
contracts/telemetry/v1/fixtures/golden-event.json	9de15a90a4d05037265488e5a3a80d03ede75b36	918	test-fixture	excluded from editorial migration; preserve test behavior and inspect dependencies	False	not-started	
contracts/telemetry/v1/fixtures/invalid/missing-run-id.json	102da88ca69c8cede2cb035e02678b25ab66e260	135	test-fixture	excluded from editorial migration; preserve test behavior and inspect dependencies	False	not-started	
contracts/telemetry/v1/payloads/agent.delivery.target.schema.json	ce003d44ef00299389c18b7e96bc7a603c734d19	2873	implementation-or-test-data	context: not an editorial deletion candidate	True	not-started	
contracts/telemetry/v1/payloads/agent.ended.schema.json	520cad405cea4ba02f4adf5731556e0a27aecb11	2943	implementation-or-test-data	context: not an editorial deletion candidate	True	not-started	
contracts/telemetry/v1/payloads/agent.killed.schema.json	7e2ed1daac15ca9001c75e75e5206281bf79a48d	2507	implementation-or-test-data	context: not an editorial deletion candidate	True	not-started	
contracts/telemetry/v1/payloads/agent.llm.input.summary.schema.json	f9abe574780c174246ecc543d0ee2026d73a64ee	2693	implementation-or-test-data	context: not an editorial deletion candidate	True	not-started	
contracts/telemetry/v1/payloads/agent.llm.output.summary.schema.json	6d3b6c13597a128e60cb109d2024e8e6a022f0f4	2872	implementation-or-test-data	context: not an editorial deletion candidate	True	not-started	
contracts/telemetry/v1/payloads/agent.model.ended.schema.json	d57ed735f55040e4387ba4aae6959c5ac7ede4fb	3185	implementation-or-test-data	context: not an editorial deletion candidate	True	not-started	
contracts/telemetry/v1/payloads/agent.model.started.schema.json	ab108fc1e841f94722b67b275649090f72be3c1d	2415	implementation-or-test-data	context: not an editorial deletion candidate	True	not-started	
contracts/telemetry/v1/payloads/agent.progress.schema.json	66090bf6e91fcc222b9ca0dc2e6c350fec65e59b	2537	implementation-or-test-data	context: not an editorial deletion candidate	True	not-started	
contracts/telemetry/v1/payloads/agent.session.ended.schema.json	43c60660d4b11b1b20f5017a62d40f0687155154	3115	implementation-or-test-data	context: not an editorial deletion candidate	True	not-started	
contracts/telemetry/v1/payloads/agent.session.started.schema.json	abd0598576c4f27513c29ffe7efd4662a32ce920	2595	implementation-or-test-data	context: not an editorial deletion candidate	True	not-started	
contracts/telemetry/v1/payloads/agent.spawn.requested.schema.json	3acd57c21093a78602f8342197a946872c5d60ea	2942	implementation-or-test-data	context: not an editorial deletion candidate	True	not-started	
contracts/telemetry/v1/payloads/agent.spawned.schema.json	e9328ed63e0053ee6a140c6e2dbf7b3885db65c0	2622	implementation-or-test-data	context: not an editorial deletion candidate	True	not-started	
contracts/telemetry/v1/payloads/agent.tool.finished.schema.json	716606193be72e9ef0f83792adffe597412e1231	3058	implementation-or-test-data	context: not an editorial deletion candidate	True	not-started	
contracts/telemetry/v1/payloads/agent.tool.started.schema.json	399f2a7cd6a9965e5ba6b5df251a8a6f74dbb0c2	2752	implementation-or-test-data	context: not an editorial deletion candidate	True	not-started	
contracts/telemetry/v1/payloads/agent.transcript.schema.json	5ad396f501414313a5c057ffcd81c850e0e39e97	2408	implementation-or-test-data	context: not an editorial deletion candidate	True	not-started	
contracts/telemetry/v1/payloads/approval.requested.schema.json	531dc04ac2d9974c31dd926602e415a4b22468d4	2371	implementation-or-test-data	context: not an editorial deletion candidate	True	not-started	
contracts/telemetry/v1/payloads/approval.resolved.schema.json	e02f55f6c98a4d7ea35ac3efd3359daad1f2adf9	2358	implementation-or-test-data	context: not an editorial deletion candidate	True	not-started	
contracts/telemetry/v1/payloads/artifact.published.schema.json	f0aac5c6b3e3d6c4a36874c3d2039aafc786f8bd	3062	implementation-or-test-data	context: not an editorial deletion candidate	True	not-started	
contracts/telemetry/v1/payloads/budget.exceeded.schema.json	0c7fec0cf9d11930990ee792a26a99e7ad7d6bb8	2430	implementation-or-test-data	context: not an editorial deletion candidate	True	not-started	
contracts/telemetry/v1/payloads/budget.warning.schema.json	44d3c3811925166c3c5986d494e2862e26f5da8e	2429	implementation-or-test-data	context: not an editorial deletion candidate	True	not-started	
contracts/telemetry/v1/payloads/command.accepted.schema.json	c28045f5463685afd60a13b7f2ca9df5448b0ec7	2300	implementation-or-test-data	context: not an editorial deletion candidate	True	not-started	
contracts/telemetry/v1/payloads/command.completed.schema.json	9e03abe82ea69599e416fecbf6a54e28fa25b2bc	2466	implementation-or-test-data	context: not an editorial deletion candidate	True	not-started	
contracts/telemetry/v1/payloads/command.rejected.schema.json	c7e0836a0850d33a43a146915d5ebc4bb59ab58a	2406	implementation-or-test-data	context: not an editorial deletion candidate	True	not-started	
contracts/telemetry/v1/payloads/command.requested.schema.json	0a43ab2c1848631ca48eeca3e6d06468a74df59a	2889	implementation-or-test-data	context: not an editorial deletion candidate	True	not-started	
contracts/telemetry/v1/payloads/cost.update.schema.json	c9175c05fdb91e881ef73c52f17141c80124aa7d	2909	implementation-or-test-data	context: not an editorial deletion candidate	True	not-started	
contracts/telemetry/v1/payloads/error.escalation.schema.json	107c34805b01eeb6763525a85e719f73ea8e285a	2702	implementation-or-test-data	context: not an editorial deletion candidate	True	not-started	
contracts/telemetry/v1/payloads/evaluation.fact.schema.json	4f0023903014580e580b170955de697b80c39f85	2159	implementation-or-test-data	context: not an editorial deletion candidate	True	not-started	
contracts/telemetry/v1/payloads/gate.started.schema.json	feb8f113cf02b27f1ed91a4a5ebd4f0b3d136db9	2198	implementation-or-test-data	context: not an editorial deletion candidate	True	not-started	
contracts/telemetry/v1/payloads/gate.verdict.schema.json	522cda5666c5339697884b4ae6c039f5d1add615	2688	implementation-or-test-data	context: not an editorial deletion candidate	True	not-started	
contracts/telemetry/v1/payloads/git.evidence.schema.json	c26d7f67ef68108d2291cde845a54bc5f9aa7edf	2718	implementation-or-test-data	context: not an editorial deletion candidate	True	not-started	
contracts/telemetry/v1/payloads/infrastructure.evidence.schema.json	7e9a426d235bc6910199c86001d23a5081a46de0	3089	implementation-or-test-data	context: not an editorial deletion candidate	True	not-started	
contracts/telemetry/v1/payloads/lifecycle.snapshot.schema.json	46acc7c9342a5bf5e2d7999ca3e575b8bf8e0b20	2269	implementation-or-test-data	context: not an editorial deletion candidate	True	not-started	
contracts/telemetry/v1/payloads/lifecycle.transition.schema.json	978459b01c8c3f7c61f2c9ef532b5ee13a80bef1	2450	implementation-or-test-data	context: not an editorial deletion candidate	True	not-started	
contracts/telemetry/v1/payloads/module.started.schema.json	14c4ef2a43be1b88f3371b6711aebd2dfc5efb73	2079	implementation-or-test-data	context: not an editorial deletion candidate	True	not-started	
contracts/telemetry/v1/payloads/module.status_changed.schema.json	14b05c2891f33c062ca9298b126fac9bdcfb8323	2889	implementation-or-test-data	context: not an editorial deletion candidate	True	not-started	
contracts/telemetry/v1/payloads/observability.degraded.schema.json	9828e5ac525303ec7fda9557360cc8ab00655f6b	3612	implementation-or-test-data	context: not an editorial deletion candidate	True	not-started	
contracts/telemetry/v1/payloads/observability.restored.schema.json	ac24d064673174a56d8edf741d48d4e34bdac8e4	3810	implementation-or-test-data	context: not an editorial deletion candidate	True	not-started	
contracts/telemetry/v1/payloads/phase.completed.schema.json	f96ca8020a552df6aec4673895ec91467ad20b26	2059	implementation-or-test-data	context: not an editorial deletion candidate	True	not-started	
contracts/telemetry/v1/payloads/phase.started.schema.json	0ad838051a657e7d87bbe8c1a617f432b78e0805	2158	implementation-or-test-data	context: not an editorial deletion candidate	True	not-started	
contracts/telemetry/v1/payloads/pipeline.completed.schema.json	92f3d4f9cf75760888cf1f87e5ecd1f926aed5a2	2563	implementation-or-test-data	context: not an editorial deletion candidate	True	not-started	
contracts/telemetry/v1/payloads/pipeline.halted.schema.json	6c17cf95b99be63e4a9f87bae5e36e8ec7884cf7	2703	implementation-or-test-data	context: not an editorial deletion candidate	True	not-started	
contracts/telemetry/v1/payloads/pipeline.started.schema.json	6cb3455df087b31ac930fca937e1a437ec4784ed	2518	implementation-or-test-data	context: not an editorial deletion candidate	True	not-started	
contracts/telemetry/v1/payloads/plugin.event.schema.json	21120c49a379c6daa67ecefcc036b06f33fc1ac1	2847	implementation-or-test-data	context: not an editorial deletion candidate	True	not-started	
contracts/telemetry/v1/payloads/producer.health.schema.json	6c72892e7624a782e22e6ab424b6ff8cb3411632	3724	implementation-or-test-data	context: not an editorial deletion candidate	True	not-started	
contracts/telemetry/v1/payloads/quality.evidence.schema.json	07e4b44d099323553d0b60b9df65656f6e429a24	2769	implementation-or-test-data	context: not an editorial deletion candidate	True	not-started	
contracts/telemetry/v1/payloads/rate_limit.detected.schema.json	3ddfcbac0547b97ba0d2959d10287a380b00a06f	2958	implementation-or-test-data	context: not an editorial deletion candidate	True	not-started	
contracts/telemetry/v1/payloads/retry.exhausted.schema.json	11ddbb71f8d8af17518084472c086481ce33e00c	2369	implementation-or-test-data	context: not an editorial deletion candidate	True	not-started	
contracts/telemetry/v1/payloads/retry.scheduled.schema.json	31c0f07da5bdfa3d31d3188e87c45ef47258e4d2	2402	implementation-or-test-data	context: not an editorial deletion candidate	True	not-started	
contracts/telemetry/v1/payloads/runtime.log.schema.json	8b32301fae116aab65fafacc7990ec8920343e2b	2386	implementation-or-test-data	context: not an editorial deletion candidate	True	not-started	
contracts/telemetry/v1/payloads/summary.completed.schema.json	ddd7047c6e448e721552459d45054c3e4b44e90d	3557	implementation-or-test-data	context: not an editorial deletion candidate	True	not-started	
contracts/telemetry/v1/payloads/summary.started.schema.json	61fc6b4a65f776c45810bc5f47138573813eff54	2770	implementation-or-test-data	context: not an editorial deletion candidate	True	not-started	
contracts/telemetry/v1/payloads/system.io_warning.schema.json	319fe706c49a369c7edd594b05c322a21ba18428	2929	implementation-or-test-data	context: not an editorial deletion candidate	True	not-started	
contracts/telemetry/v1/payloads/terminal.closure.schema.json	7f00c6764beee02e0990e4ed30ba07bd3a44f723	2795	implementation-or-test-data	context: not an editorial deletion candidate	True	not-started	
contracts/telemetry/v1/telemetry-types.ts	7085d40c61d7ae71287f28d54039de5eb0c4bf21	52413	implementation-or-test-data	context: not an editorial deletion candidate	True	not-started	
contracts/telemetry/v1/telemetry_types.go	b3ca4add08eaee360d2a13d87c19ecc71c544678	76059	implementation-or-test-data	context: not an editorial deletion candidate	True	not-started	
contracts/telemetry/v1/tests/contracts.test.mjs	b743c68b6a56a4bcbf30e771b9e683b1d673d098	11685	implementation-or-test-data	context: not an editorial deletion candidate	True	not-started	
docker/Dockerfile.archviewer	e865f34620e9b5be0f76abff6c2fee373c1ba90b	1222	implementation-or-tooling	context: sources and migration consumers, not editorial deletion candidates	False	not-started	
docker/Dockerfile.buster-gateway	98ea50b226376e7ebadc634d098fa93fab77dec6	6160	implementation-or-tooling	context: sources and migration consumers, not editorial deletion candidates	False	not-started	
docker/Dockerfile.buster-runtime	f9dc1b677caa3c4a6a0e2c0b04c16e7023aee934	8898	implementation-or-tooling	context: sources and migration consumers, not editorial deletion candidates	False	not-started	
docker/Dockerfile.namespace-controller	139f3ac18b3af2f6bdfb2de051b98ca15dc4d697	1251	implementation-or-tooling	context: sources and migration consumers, not editorial deletion candidates	False	not-started	
docker/Dockerfile.nova	f831e2e25a7d67f80481131e4e9ba5b60780390f	16365	implementation-or-tooling	context: sources and migration consumers, not editorial deletion candidates	False	not-started	
docker/Dockerfile.prism-agent	8eb5c4f6ff79b61123b52fcc06cfde97d0eb8529	7225	implementation-or-tooling	context: sources and migration consumers, not editorial deletion candidates	False	not-started	
docker/Dockerfile.prism-control	c9e5629fb9356dee00d4108b02b7aaa622d85e7c	1118	implementation-or-tooling	context: sources and migration consumers, not editorial deletion candidates	False	not-started	
docker/Dockerfile.prism-ingestion	bb5f00a8274a617c1a5396344505772221084319	1001	implementation-or-tooling	context: sources and migration consumers, not editorial deletion candidates	False	not-started	
docker/Dockerfile.prism-studio	72adafa62aab77ad7087f91a45ec3f398117511a	858	implementation-or-tooling	context: sources and migration consumers, not editorial deletion candidates	False	not-started	
docker/Dockerfile.prism-worker	0c38d85bb6049d9267ccb663a9725e54df545fe4	2765	implementation-or-tooling	context: sources and migration consumers, not editorial deletion candidates	False	not-started	
docker/archviewer.nginx.conf	5fe2c14837f2130ffccb15080109f539933794a3	409	implementation-or-tooling	context: sources and migration consumers, not editorial deletion candidates	False	not-started	
docker/buster-runtime-entrypoint.sh	f469e3d5a88057b05e269f83cefbdb0158b941f2	15981	implementation-or-tooling	context: sources and migration consumers, not editorial deletion candidates	False	not-started	
docker/go-tools/go.mod	2cd52c448f3e6aa0751ac8b5842634d139c1563b	785	implementation-or-tooling	context: sources and migration consumers, not editorial deletion candidates	False	not-started	
docker/go-tools/go.sum	da79593a876459d3f58ea92c803d0b6f6beb5faf	3358	implementation-or-tooling	context: sources and migration consumers, not editorial deletion candidates	False	not-started	
docker/go-tools/requirements.json	660a8456d4482c79c6d4ef5ba90975e23d0ceee8	130	implementation-or-tooling	context: sources and migration consumers, not editorial deletion candidates	False	not-started	
docker/nova-tools/package-lock.json	520d372af3f75869a392fbc63b3c6763c04e2048	102712	implementation-or-tooling	context: sources and migration consumers, not editorial deletion candidates	False	not-started	
docker/nova-tools/package.json	077bf92e266fc4c9d1ff327a5c00a910ebffd68c	448	implementation-or-tooling	context: sources and migration consumers, not editorial deletion candidates	False	not-started	
docker/openclaw-tools/package-lock.json	6de67845c42599c64e22e912bda1edc8905b3534	3827	implementation-or-tooling	context: sources and migration consumers, not editorial deletion candidates	False	not-started	
docker/openclaw-tools/package.json	3e1d512477003417c9c48dcf70ca302d8507d21c	130	implementation-or-tooling	context: sources and migration consumers, not editorial deletion candidates	False	not-started	
docker/python-tools/buster.in	da10b7816b1539fee646f531b85f47bf82f5bde2	118	implementation-or-tooling	context: sources and migration consumers, not editorial deletion candidates	False	not-started	
docker/python-tools/buster.txt	5abe4a4ecc34d8b656dbb0784d7ea65f159c6e4f	108471	implementation-or-tooling	context: sources and migration consumers, not editorial deletion candidates	False	not-started	
docker/python-tools/common.in	5c56de856d4b0c330405510ab1c49709d968a94f	101	implementation-or-tooling	context: sources and migration consumers, not editorial deletion candidates	False	not-started	
docker/python-tools/common.txt	14192566f8243ecddadb3152cf283b9af56f5486	53368	implementation-or-tooling	context: sources and migration consumers, not editorial deletion candidates	False	not-started	
docker/python-tools/semgrep-nova.in	50e6ad6b902677aec4f5ba50fb8265b13b206269	74	implementation-or-tooling	context: sources and migration consumers, not editorial deletion candidates	False	not-started	
docker/python-tools/semgrep-nova.txt	d34858088b81130016a4af3928f5cc9fae3f57c0	75626	implementation-or-tooling	context: sources and migration consumers, not editorial deletion candidates	False	not-started	
docker/runtime-tool-locks.json	c2ad9f665d3022a567e5495695de68215d7ec692	1034	implementation-or-tooling	context: sources and migration consumers, not editorial deletion candidates	False	not-started	
docs/CONTRIBUTING.md	989681f2590ce67c14e47a57bf1df8a59f52870b	535	documentation-text	in-scope	False	not-started	
docs/DOCUMENTATION_TOPIC_MAP.md	03f41c5c6346df03cc43f7c6c70151763164be56	2654	documentation-text	in-scope	False	not-started	
docs/README.md	a42d54e1945f89d0644249376f75acc0360cab75	1679	documentation-text	in-scope	True	not-started	
docs/ROADMAP.md	1c8a90b114f7ea9e30df809ab497b4a503c984b0	5171	documentation-text	in-scope	False	not-started	
docs/architecture/README.md	988d78a168ae2fb8ae16107f9dfb881cbaf9ad7b	5700	documentation-text	in-scope	False	not-started	
docs/architecture/buster-v2-runtime.md	4195f0207fb0eb78a8ebcf2e11d0561d934f749e	3168	documentation-text	in-scope	False	not-started	
docs/architecture/capability-provider-routing.md	c2450e05105bd77f0cd3b2c7d8fc597d1478d664	2916	documentation-text	in-scope	False	not-started	
docs/architecture/echo-review-governance-implementation-plan.md	71a3f358e793b07dc32ff3856973d3609924c7c2	11467	documentation-text	in-scope	False	not-started	
docs/architecture/echo-review-phase-1-baseline.md	5117a2ecaab8a38753aceba49c1bfb627ddefc1b	12433	documentation-text	in-scope	False	not-started	
docs/architecture/echo-review-phase-2-design.md	820a250fe3edd2b9cbad290cc6883572347443d9	36803	documentation-text	in-scope	False	not-started	
docs/architecture/echo-review-phase-3-design.md	48a18fc3f15aff22f00100e1950e482ed24dc9dc	22400	documentation-text	in-scope	False	not-started	
docs/architecture/echo-review-phase-4-design.md	73e518900fd796d12590a3d57ec429fd3f83fada	32139	documentation-text	in-scope	False	not-started	
docs/architecture/echo-review-phase-4-plan.md	a074c7be92a86d0d3792b5c78fa76f9d43307894	10956	documentation-text	in-scope	False	not-started	
docs/architecture/echo-review-phase-5-design.md	d2e586d548afa0c72d77a3a0d4bdd0667a6ffb57	9002	documentation-text	in-scope	False	not-started	
docs/architecture/echo-review-phase-5-plan.md	3056187d61f69d9db9ac8ae615444a2d7826c263	3646	documentation-text	in-scope	False	not-started	
docs/architecture/echo-review-phase-6-design.md	c8fa32fecac3a4d6685c218914c729b6f0e068ef	10180	documentation-text	in-scope	False	not-started	
docs/architecture/echo-review-phase-6-plan.md	ee7919d40b9975aafc1f6bba440f52555cca9ba3	2899	documentation-text	in-scope	False	not-started	
docs/architecture/echo-review-phase-7-design.md	bd3513116ba51bd6d24b6d78547ab5e951700587	7895	documentation-text	in-scope	False	not-started	
docs/architecture/echo-review-phase-7-plan.md	56ca368a6f437df748eac544b9162c4b6779eb0f	2183	documentation-text	in-scope	False	not-started	
docs/architecture/echo-review-phase-8-design.md	814a85dd9105bdad1eb1241f381f8baff5d4bf95	8273	documentation-text	in-scope	False	not-started	
docs/architecture/echo-review-phase-8-plan.md	13b2c16e08a320b1eac6a25e58b5fded16c32b4e	2339	documentation-text	in-scope	False	not-started	
docs/architecture/echo-review-phase-9-evaluation.md	ec5d3a786771e5f5bb64bb90fe208025745d31a2	12036	documentation-text	in-scope	False	not-started	
docs/architecture/echo-review-phase-9-hardening.md	1e0297c2cf86c4837890e594ec2fe5cee6b91fe7	6025	documentation-text	in-scope	False	not-started	
docs/architecture/echo-review-roadmap.md	83bb3be9bfac468d84c40bcd0ddce97cb685cba0	5328	documentation-text	in-scope	False	not-started	
docs/architecture/echo-review-scalability-plan.md	b0fcd1e16a3c3365caa59b4f098c341248ef6c96	21394	documentation-text	in-scope	False	not-started	
docs/architecture/lifecycle-and-state.md	4c015a24ef273de7e7a64be6e8c788390716edd9	637	documentation-text	in-scope	False	not-started	
docs/architecture/nova-project-runtime.md	91476ef168fc0b7b87a286cbcd42f82dba34c781	451	documentation-text	in-scope	False	not-started	
docs/architecture/ops-pod.md	94c6b038700206ed45458442c9b6325446f8fc94	18370	documentation-text	in-scope	False	not-started	modified
docs/architecture/pipeline-observability-foundation.md	46db1060d125f6b8473f46448c1a16f3e5dd4260	11045	documentation-text	in-scope	False	not-started	
docs/architecture/pipeline-observability-phase-5-7-a-audit.md	c38d6d6f35f1274236fdbfddeae202e4d4181b08	4401	documentation-text	in-scope	False	not-started	
docs/architecture/pipeline-observability-phase-5-7-a-inventory.json	f985b863bc1240d299e99c390230c3adfed45f54	17790	documentation-support	in-scope	False	not-started	
docs/architecture/pipeline-observability-phase-5-7-b-audit.md	425d6d63992cadb1b83729a3cb80bfe0bc1b437c	1738	documentation-text	in-scope	False	not-started	
docs/architecture/pipeline-observability-phase-5-7-c-audit.md	981eeccebd79b4499545294fee60e6a14b20e172	1815	documentation-text	in-scope	False	not-started	
docs/architecture/pipeline-observability-phase-5-7-d-audit.md	e3a5781990251f4edbd245db1af4bf8c38053175	2960	documentation-text	in-scope	False	not-started	
docs/architecture/pipeline-observability-phase-5-7-e-audit.md	ed1bf4aae5ef334f5f01da9698cbacaa0451ea28	1641	documentation-text	in-scope	False	not-started	
docs/architecture/pipeline-observability-phase-5-7-f-audit.md	cc466a5adcd7d0d71e675304a459e7bbdac634b2	908	documentation-text	in-scope	False	not-started	
docs/architecture/pipeline-observability-phase-5-7-final-audit.md	6603d7cb2a9d09c9851657aaf88195a125f2a816	9304	documentation-text	in-scope	False	not-started	
docs/architecture/pipeline-reliability-remediation.md	9627f305a59fd0663da81c076cf27121f643d751	28806	documentation-text	in-scope	False	not-started	
docs/architecture/pipeline-runtime-packaging-phase-5-6-a-audit.md	6c4ad72ab89d5a77a480c7ecc12d0a36bce8d123	1737	documentation-text	in-scope	False	not-started	
docs/architecture/pipeline-runtime-packaging-phase-5-6-b-audit.md	1ceeb54d2602163eb35bd8698df86f56e6573b1e	1484	documentation-text	in-scope	False	not-started	
docs/architecture/pipeline-runtime-packaging-phase-5-6-c-audit.md	7f588394fc2db8da66b97bba4032228ff2e297e7	1144	documentation-text	in-scope	False	not-started	
docs/architecture/pipeline-runtime-packaging-phase-5-6-d-audit.md	739cdf4402cd153775402610fe2ee0d30d26f3a6	1414	documentation-text	in-scope	False	not-started	
docs/architecture/pipeline-runtime-packaging-phase-5-6-e-audit.md	36facb875a5bef2e2c7241d96be1f5e5be6c8f2a	1316	documentation-text	in-scope	False	not-started	
docs/architecture/pipeline-runtime-packaging-phase-5-6-f-audit.md	1c4b02c88d4996c92de4b44ca00e28f86e3f7bb6	1356	documentation-text	in-scope	False	not-started	
docs/architecture/pipeline-runtime-packaging-phase-5-6-final-audit.md	25ba15acb44099fa183c6172a800f7a6cef3f77f	3443	documentation-text	in-scope	False	not-started	
docs/architecture/pipeline-runtime-packaging.md	78963a23d1c55b0d5a87d129701002726b13e675	3107	documentation-text	in-scope	False	not-started	
docs/architecture/pipeline-test-gate-a11y-baseline.json	11ed20e11c0cc27942ae2d1baa72292ff16398dc	3281	documentation-support	in-scope	False	not-started	
docs/architecture/pipeline-test-gate-a11y-configuration-reference.md	822ca6e7b56810ae4169f79941e5eeef330dcab8	3605	documentation-text	in-scope	False	not-started	
docs/architecture/pipeline-test-gate-a11y-cutover-inventory.json	b500844ac8c14547df7b05469da186c5c21dec49	828	documentation-support	in-scope	False	not-started	
docs/architecture/pipeline-test-gate-a11y-cutover-plan.md	36ccbfe01a32282b09693c36c3a880338ab53344	1206	documentation-text	in-scope	False	not-started	
docs/architecture/pipeline-test-gate-a11y-documentation-manifest.json	4010f15d1a60ce7a060c07e04d5f3d01da92433c	1233	documentation-support	in-scope	False	not-started	
docs/architecture/pipeline-test-gate-a11y-error-reference.md	856ea2b4b3538523a9288620ccde1e088cf6b625	4333	documentation-text	in-scope	False	not-started	
docs/architecture/pipeline-test-gate-a11y-implementation-plan.md	574995ed88523c6933253c8beefc755936d6ef4a	1850	documentation-text	in-scope	False	not-started	
docs/architecture/pipeline-test-gate-a11y-operator-guide.md	083b21044502598f009b71b924af5a2bef5b199f	4457	documentation-text	in-scope	False	not-started	
docs/architecture/pipeline-test-gate-a11y-parity-ledger.json	947f98862437fe42c2f453b7336427555eba82bb	5855	documentation-support	in-scope	False	not-started	
docs/architecture/pipeline-test-gate-a11y-parity-plan.md	6263bb922963f51cd806cd2782d289478ce4db6d	1526	documentation-text	in-scope	False	not-started	
docs/architecture/pipeline-test-gate-a11y-security-model.md	df8a7f3607b1287fc8bdafb85bc0a56219ca518d	2753	documentation-text	in-scope	False	not-started	
docs/architecture/pipeline-test-gate-a11y-user-guide.md	6dadab7399fab5bdbc35c726b96bd14cca5fbb1f	2941	documentation-text	in-scope	False	not-started	
docs/architecture/pipeline-test-gate-api-baseline.json	041be4f8f16faf7755742c6949b110cda5da59a1	5024	documentation-support	in-scope	False	not-started	
docs/architecture/pipeline-test-gate-api-configuration-reference.md	fda87f6265871828689ce548a2b6df28aaeccd43	3073	documentation-text	in-scope	False	not-started	
docs/architecture/pipeline-test-gate-api-cutover-inventory.json	842d2556b30f30554583729cba3c17b43fb85cd7	1081	documentation-support	in-scope	False	not-started	
docs/architecture/pipeline-test-gate-api-cutover-plan.md	c764736234b96fa36fa2951e2513ae01a911387f	1418	documentation-text	in-scope	False	not-started	
docs/architecture/pipeline-test-gate-api-error-reference.md	45145acee53281dad42d63792f220a39e2b00b92	4268	documentation-text	in-scope	False	not-started	
docs/architecture/pipeline-test-gate-api-flow-documentation-manifest.json	5b7bdcde7a5ddb4760a99129604460e3f9a25cab	1071	documentation-support	in-scope	False	not-started	
docs/architecture/pipeline-test-gate-api-implementation-plan.md	a16edf9089e0f7ba1885aea46c6fa11a9bd46275	1933	documentation-text	in-scope	False	not-started	
docs/architecture/pipeline-test-gate-api-operator-guide.md	08d978bc0fabbea46a8b345b7828c80dda851fb9	3131	documentation-text	in-scope	False	not-started	
docs/architecture/pipeline-test-gate-api-parity-ledger.json	699a1e635ca757b39d96da7f41adc26d0128619f	6810	documentation-support	in-scope	False	not-started	
docs/architecture/pipeline-test-gate-api-parity-plan.md	32d33cef208bb698919341f42db6d7c105a9b3ee	1617	documentation-text	in-scope	False	not-started	
docs/architecture/pipeline-test-gate-api-security-model.md	125268a24ca1842a553530c088a07b0a187c8bc0	1651	documentation-text	in-scope	False	not-started	
docs/architecture/pipeline-test-gate-api-three-phase-audit.md	16247f4078bde110e0485d1dd77b7956b0701207	2341	documentation-text	in-scope	False	not-started	
docs/architecture/pipeline-test-gate-api-user-guide.md	7223b88c2e82cf9ec02db216deda004eed8f529a	1519	documentation-text	in-scope	False	not-started	
docs/architecture/pipeline-test-gate-container-build-baseline.json	76f405047e4cc8aed457356a4afac2a9f13ecc07	6746	documentation-support	in-scope	False	not-started	
docs/architecture/pipeline-test-gate-container-build-configuration-reference.md	e939674fca288426d217cd727cdb42fdeb1bbcdc	6202	documentation-text	in-scope	False	not-started	
docs/architecture/pipeline-test-gate-container-build-cutover-final-audit.md	3913f919c7cf182b0eba1c45ff77bf6e8be5c212	1828	documentation-text	in-scope	False	not-started	
docs/architecture/pipeline-test-gate-container-build-cutover-inventory.json	54283f1a0f8ca300a2e7ce0d52119e171cf763d1	1164	documentation-support	in-scope	False	not-started	
docs/architecture/pipeline-test-gate-container-build-cutover-plan.md	17f2d256ebf30501bbfaebdd571d28c3e6bed281	387	documentation-text	in-scope	False	not-started	
docs/architecture/pipeline-test-gate-container-build-documentation-manifest.json	9ffd3600f30d7877c9745d8315fae2e4b906076a	1681	documentation-support	in-scope	False	not-started	
docs/architecture/pipeline-test-gate-container-build-error-reference.md	715acbbb4c7d9c5f1d79c7ff0540a0d4384bc918	9616	documentation-text	in-scope	False	not-started	
docs/architecture/pipeline-test-gate-container-build-implementation-final-audit.md	b790ecd604033d9c9024d3a3c6990bab94441f32	1122	documentation-text	in-scope	False	not-started	
docs/architecture/pipeline-test-gate-container-build-implementation-plan.md	e0b6e6633b768f020bf475167a009e2385807f02	1744	documentation-text	in-scope	False	not-started	
docs/architecture/pipeline-test-gate-container-build-operator-guide.md	92558dadb62739b5e8c361de6832bcd952391c2f	8337	documentation-text	in-scope	False	not-started	
docs/architecture/pipeline-test-gate-container-build-parity-final-audit.md	aa1949715289ef5eb7bb489f3d626171c8e74919	446	documentation-text	in-scope	False	not-started	
docs/architecture/pipeline-test-gate-container-build-parity-ledger.json	59467898cdbf91b00910ee6ef26294e22310104a	6963	documentation-support	in-scope	False	not-started	
docs/architecture/pipeline-test-gate-container-build-parity-plan.md	bda2a644beb4e2d555aad7d1b6f46ce0c3f7c3e7	310	documentation-text	in-scope	False	not-started	
docs/architecture/pipeline-test-gate-container-build-security-model.md	659fbc0dae49c3f51f58895cba2df91147aa7b7c	2947	documentation-text	in-scope	False	not-started	
docs/architecture/pipeline-test-gate-container-build-user-guide.md	0be5d1eacce3a783c93377530781e42c822a789f	6156	documentation-text	in-scope	False	not-started	
docs/architecture/pipeline-test-gate-decision-ledger.json	0a05c46cd5e3ca21daadfe2eed6ecb378b3a80f0	38071	documentation-support	in-scope	False	not-started	
docs/architecture/pipeline-test-gate-design.md	3ee7a44468519733573a0c5ec912c4b82ea5422f	98181	documentation-text	in-scope	False	not-started	
docs/architecture/pipeline-test-gate-e2e-baseline.json	d29e5e157d4a176a27e9382721a1f84bbb5862ad	4889	documentation-support	in-scope	False	not-started	
docs/architecture/pipeline-test-gate-e2e-configuration-reference.md	fa1668964ebe7426d7356a0862d2f2b34e8d4054	5948	documentation-text	in-scope	False	not-started	
docs/architecture/pipeline-test-gate-e2e-cutover-inventory.json	26c791f9855f27788d4912fe7b3935c1e9eda532	1674	documentation-support	in-scope	False	not-started	
docs/architecture/pipeline-test-gate-e2e-documentation-manifest.json	8133927b48678de965046cf114591ef77b4ed2f7	1390	documentation-support	in-scope	False	not-started	
docs/architecture/pipeline-test-gate-e2e-error-reference.md	1688460599a80ff33ef45a5cd55b129490eb727c	10393	documentation-text	in-scope	False	not-started	
docs/architecture/pipeline-test-gate-e2e-operator-guide.md	24a9a95332eb65486158a297472c5eb46aaafa04	5387	documentation-text	in-scope	False	not-started	
docs/architecture/pipeline-test-gate-e2e-parity-ledger.json	37280ab3826668fab394500d3495d115cffbafa6	7247	documentation-support	in-scope	False	not-started	
docs/architecture/pipeline-test-gate-e2e-phase-10-cutover-plan.md	49d4f8def3e666c16bed85997449429ebcffe23f	2378	documentation-text	in-scope	False	not-started	
docs/architecture/pipeline-test-gate-e2e-phase-8-plan.md	a940e1cfb8ce605244aef1f19a9483d36868679b	2734	documentation-text	in-scope	False	not-started	
docs/architecture/pipeline-test-gate-e2e-phase-9-parity-plan.md	9b13c1e3e8700e8ab0815c844580edf24671cf3a	2491	documentation-text	in-scope	False	not-started	
docs/architecture/pipeline-test-gate-e2e-security-model.md	7892a393fa60894177a73ed4f74e6103eaf68cdd	4577	documentation-text	in-scope	False	not-started	
docs/architecture/pipeline-test-gate-e2e-user-guide.md	e5e3b560a830be28597ed82b565ae7e2f6032d02	2846	documentation-text	in-scope	False	not-started	
docs/architecture/pipeline-test-gate-http-baseline.json	64c1fc02bc575b7c52a9454f3c931691cb482406	8902	documentation-support	in-scope	False	not-started	
docs/architecture/pipeline-test-gate-http-configuration-reference.md	078d181267eebdb183e0eb87651c08272a160673	3071	documentation-text	in-scope	False	not-started	
docs/architecture/pipeline-test-gate-http-cutover-final-audit.md	e3f9486f0534db946be2242e127c83e55a597266	1656	documentation-text	in-scope	False	not-started	
docs/architecture/pipeline-test-gate-http-cutover-inventory.json	30e71bc358500eaaf489b8cbfe0cdc26290c7ac3	1490	documentation-support	in-scope	False	not-started	
docs/architecture/pipeline-test-gate-http-documentation-manifest.json	f10489c6f4b7b235476e59a0d7144ab7036b9d55	1228	documentation-support	in-scope	False	not-started	
docs/architecture/pipeline-test-gate-http-error-reference.md	07e88424c9e0ece63256de056bfe50a0a0f36dd3	12957	documentation-text	in-scope	False	not-started	
docs/architecture/pipeline-test-gate-http-implementation-plan.md	36f80c42c6ddc0059e14ce6f1eb5013eaed297bd	1660	documentation-text	in-scope	False	not-started	
docs/architecture/pipeline-test-gate-http-operator-guide.md	63b4055b5e79b0cfd1ba78d73b801598341bd0bf	2659	documentation-text	in-scope	False	not-started	
docs/architecture/pipeline-test-gate-http-parity-final-audit.md	97f01bf22668087ab498d62eecee601037bda195	848	documentation-text	in-scope	False	not-started	
docs/architecture/pipeline-test-gate-http-parity-ledger.json	99e89d50c0123dc21f13c2bd89d22c035ca62ac5	12340	documentation-support	in-scope	False	not-started	
docs/architecture/pipeline-test-gate-http-security-model.md	a29989ac8c28bc4750bb5ecb076e45bd5627f608	1691	documentation-text	in-scope	False	not-started	
docs/architecture/pipeline-test-gate-http-user-guide.md	89db0a4504975f597c06209d7ec790c445c41c48	2159	documentation-text	in-scope	False	not-started	
docs/architecture/pipeline-test-gate-implementation-plan.md	1b654dd2d5b49600a32a58d8a0bf3b2edb68fdda	32303	documentation-text	in-scope	False	not-started	
docs/architecture/pipeline-test-gate-kubernetes-fixture-baseline.json	f20a183d5d7741dfc55edf7eb791fd6729886fd6	8490	documentation-support	in-scope	False	not-started	
docs/architecture/pipeline-test-gate-kubernetes-fixture-configuration-reference.md	e37b2fe0d4c8082d76d74224883b562e5f5deeaa	3414	documentation-text	in-scope	False	not-started	
docs/architecture/pipeline-test-gate-kubernetes-fixture-cutover-final-audit.md	1b26cc7a126b94eeca0cb62ac1289afbbfb4b53d	1719	documentation-text	in-scope	False	not-started	
docs/architecture/pipeline-test-gate-kubernetes-fixture-cutover-inventory.json	07dbec349cdfcb3220a84c55dba8dc7c70110139	1987	documentation-support	in-scope	False	not-started	
docs/architecture/pipeline-test-gate-kubernetes-fixture-documentation-manifest.json	d2565ce4c9c0a31453fceafe4fb47bb67afb5fe8	1611	documentation-support	in-scope	False	not-started	
docs/architecture/pipeline-test-gate-kubernetes-fixture-error-reference.md	d619b5679e2af61235e2f0fc69e446708f583c20	8347	documentation-text	in-scope	False	not-started	
docs/architecture/pipeline-test-gate-kubernetes-fixture-implementation-final-audit.md	818aaa4a493c9d53e1a2c00bdadda5249ca511cc	1774	documentation-text	in-scope	False	not-started	
docs/architecture/pipeline-test-gate-kubernetes-fixture-implementation-plan.md	2e5faa9f2529495f34ca881be69950fd84274d31	1386	documentation-text	in-scope	False	not-started	
docs/architecture/pipeline-test-gate-kubernetes-fixture-operator-guide.md	73c65f46a8075e63b7c5c9325a07d49f49db480c	3398	documentation-text	in-scope	False	not-started	
docs/architecture/pipeline-test-gate-kubernetes-fixture-parity-final-audit.md	c3b1cade92ddf79f4e25f45aa035d1825fa1cf49	1551	documentation-text	in-scope	False	not-started	
docs/architecture/pipeline-test-gate-kubernetes-fixture-parity-ledger.json	7432769e12f9a28cc5baa22d38eccd1c852a7b5a	12921	documentation-support	in-scope	False	not-started	
docs/architecture/pipeline-test-gate-kubernetes-fixture-security-model.md	9d4a73ee2b6b9089a212463556dce7628712c7ad	2771	documentation-text	in-scope	False	not-started	
docs/architecture/pipeline-test-gate-kubernetes-fixture-three-phase-audit.md	f05d4bd9a22f9a1f1a3245b7d952d6641dc3aa1c	2888	documentation-text	in-scope	False	not-started	
docs/architecture/pipeline-test-gate-kubernetes-fixture-user-guide.md	44eafe3e7046709adb11f83d1045f4d8c3043461	2475	documentation-text	in-scope	False	not-started	
docs/architecture/pipeline-test-gate-lighthouse-baseline.json	28286697368dbdc46114546e98a9840d1e718398	6193	documentation-support	in-scope	False	not-started	
docs/architecture/pipeline-test-gate-lighthouse-configuration-reference.md	3096e7597e0f32f59d38befd70f180b1f3de280d	2644	documentation-text	in-scope	False	not-started	
docs/architecture/pipeline-test-gate-lighthouse-cutover-inventory.json	ca0dafaecda0e938f0c00b19bc99865d0bce7b9b	1830	documentation-support	in-scope	False	not-started	
docs/architecture/pipeline-test-gate-lighthouse-cutover-plan.md	71b3c0f267dc7cf71dfde16ba6d009db4b342302	1545	documentation-text	in-scope	False	not-started	
docs/architecture/pipeline-test-gate-lighthouse-documentation-manifest.json	50ea937ec4e85a738370044bba3cd2ce0c57aca5	1231	documentation-support	in-scope	False	not-started	
docs/architecture/pipeline-test-gate-lighthouse-error-reference.md	6faa66654cdc0bd969e1bb40125eaa66cdc00988	5547	documentation-text	in-scope	False	not-started	
docs/architecture/pipeline-test-gate-lighthouse-implementation-plan.md	70784ab8a1fd4413e9c1ce5e69beb37e09030159	2066	documentation-text	in-scope	False	not-started	
docs/architecture/pipeline-test-gate-lighthouse-operator-guide.md	194e15a7367d81d7b133ba65e18203601a44d9e3	2789	documentation-text	in-scope	False	not-started	
docs/architecture/pipeline-test-gate-lighthouse-parity-ledger.json	cf2390df2d5f23537c23327b12ccd2e409e48f44	9599	documentation-support	in-scope	False	not-started	
docs/architecture/pipeline-test-gate-lighthouse-parity-plan.md	3703e4fd41fed0385e09fae4361b0b33096accb1	1777	documentation-text	in-scope	False	not-started	
docs/architecture/pipeline-test-gate-lighthouse-security-model.md	514612669a9ce7e515fbe9a15de0b7d9dcc92b16	1189	documentation-text	in-scope	False	not-started	
docs/architecture/pipeline-test-gate-lighthouse-user-guide.md	8541c6e3211f7a707a08cf53762e77358d028616	2892	documentation-text	in-scope	False	not-started	
docs/architecture/pipeline-test-gate-manifest-lint-baseline.json	891e285705434cabf17b5ac74a27e24e84d2e236	4960	documentation-support	in-scope	False	not-started	
docs/architecture/pipeline-test-gate-manifest-lint-comparison.md	23f7cd380ce9eb1fdaf08ae8ecb26a2338c5d2ed	2386	documentation-text	in-scope	False	not-started	
docs/architecture/pipeline-test-gate-manifest-lint-cutover-final-audit.md	0cdb27829f7d5f62637b913dbd8892410b9704c6	5145	documentation-text	in-scope	False	not-started	
docs/architecture/pipeline-test-gate-manifest-lint-cutover-inventory.json	1a584733f23907ad47a1e05a0efb2491b4fc08e0	2511	documentation-support	in-scope	False	not-started	
docs/architecture/pipeline-test-gate-manifest-lint-cutover-plan.md	a1364e61a76d2ddcb71622df7afd48b0be378f3b	1450	documentation-text	in-scope	False	not-started	
docs/architecture/pipeline-test-gate-manifest-lint-final-audit.md	de255ecbade61efc0c7585e0827f5e96e2c66b30	2998	documentation-text	in-scope	False	not-started	
docs/architecture/pipeline-test-gate-manifest-lint-implementation-plan.md	d0f606755a38c44b70d3f9861af8a6a658cb6c55	3116	documentation-text	in-scope	False	not-started	
docs/architecture/pipeline-test-gate-manifest-lint-operator-guide.md	dccf73d1c937e942ef2ec9bab7629719e4ed9f65	2490	documentation-text	in-scope	False	not-started	
docs/architecture/pipeline-test-gate-manifest-lint-parity-final-audit.md	c28f6f280303c429401264309db138a8b837b50d	4028	documentation-text	in-scope	False	not-started	
docs/architecture/pipeline-test-gate-manifest-lint-parity-ledger.json	4402c024be1eef056f5a24f96373dfbcffc1c3d9	11762	documentation-support	in-scope	False	not-started	
docs/architecture/pipeline-test-gate-manifest-lint-parity-plan.md	3df3b4cbeab3a96cf50f2a77fd05f2613ac6c01b	2449	documentation-text	in-scope	False	not-started	
docs/architecture/pipeline-test-gate-manifest-lint-parity-report.md	f9117d52d8018e45b1b0bb73d83c1b07a9e95001	10065	documentation-text	in-scope	False	not-started	
docs/architecture/pipeline-test-gate-manifest-lint-user-guide.md	cdac5b3e78cd319d277c0f9bcbf7cb4c0bf6617d	3416	documentation-text	in-scope	False	not-started	
docs/architecture/pipeline-test-gate-manifest-policy-pack-author-guide.md	aa2fdb5b67caf1959a01d2bca0cb10217be4e9a7	2191	documentation-text	in-scope	False	not-started	
docs/architecture/pipeline-test-gate-openapi-documentation-manifest.json	8656171114df981de73da27cd57da09ff11f7e46	1064	documentation-support	in-scope	False	not-started	
docs/architecture/pipeline-test-gate-phase-10-final-audit.md	996dd056e85cbfe038c66c950680b302a1f72bbe	7526	documentation-text	in-scope	False	not-started	
docs/architecture/pipeline-test-gate-phase-10-plan.md	2d82ab1b806e0708b69efe999a96f5a37cbd0ae1	5380	documentation-text	in-scope	False	not-started	
docs/architecture/pipeline-test-gate-phase-2-audit.md	60c919d220abbc4871583c7e7835c2956dda4871	6888	documentation-text	in-scope	False	not-started	
docs/architecture/pipeline-test-gate-phase-3-audit.md	2dcb5ab03a1f768ab123da4dca4013a5da0f3bc8	4294	documentation-text	in-scope	False	not-started	
docs/architecture/pipeline-test-gate-phase-4-audit.md	0f01808c8cea34f897629e220ddc2f73864a4c07	8670	documentation-text	in-scope	False	not-started	
docs/architecture/pipeline-test-gate-phase-5-audit.md	3ede973995a7c1cf0509dee3dd889f327af171f6	8471	documentation-text	in-scope	False	not-started	
docs/architecture/pipeline-test-gate-phase-6-a-audit.md	c46b573e8fe4e6d27988916d5831641b9a717a1d	2113	documentation-text	in-scope	False	not-started	
docs/architecture/pipeline-test-gate-phase-6-b-audit.md	c572aab0a34346fe493fb678fb4f5c4804eecc65	1692	documentation-text	in-scope	False	not-started	
docs/architecture/pipeline-test-gate-phase-6-c-audit.md	bba8bfd5bd36fb11edd9b06718dbad82b112cbc6	3120	documentation-text	in-scope	False	not-started	
docs/architecture/pipeline-test-gate-phase-6-d-audit.md	f32c9913023ef636b695e41eeeb90d2c61b0755e	2847	documentation-text	in-scope	False	not-started	
docs/architecture/pipeline-test-gate-phase-6-e-audit.md	5da9513f2ce9403be61da7e96d0435347fda357c	3839	documentation-text	in-scope	False	not-started	
docs/architecture/pipeline-test-gate-phase-6-final-audit.md	af704b143ed0e4eed99764dfdc4bb6e8075fba59	4010	documentation-text	in-scope	False	not-started	
docs/architecture/pipeline-test-gate-phase-7-a-audit.md	10e69ab91841d02a461ea6ba8df2863d381c2973	5110	documentation-text	in-scope	False	not-started	
docs/architecture/pipeline-test-gate-phase-7-b-audit.md	49b1638a53259306c74b1ccf19c0b34b105334ce	2784	documentation-text	in-scope	False	not-started	
docs/architecture/pipeline-test-gate-phase-7-c-audit.md	fe84ec71e29a0cf0c1cce70f409b1c04dd32dfc5	4229	documentation-text	in-scope	False	not-started	
docs/architecture/pipeline-test-gate-phase-7-closeout.md	8a73737dda68e5fd81132d5d746de979996f5350	10014	documentation-text	in-scope	False	not-started	
docs/architecture/pipeline-test-gate-phase-7-d-audit.md	1c08affd0b0dbeaf4f3cb351f18c350a704e661e	3483	documentation-text	in-scope	False	not-started	
docs/architecture/pipeline-test-gate-phase-7-e-audit.md	924b4baa0ca0c9341a4c188495aa696c09ec4733	1379	documentation-text	in-scope	False	not-started	
docs/architecture/pipeline-test-gate-phase-7-f-audit.md	98e34740af5f00b9d7d866003bd064ccc7817545	3719	documentation-text	in-scope	False	not-started	
docs/architecture/pipeline-test-gate-phase-7-final-audit.md	4cd54dba7ec886d8ff3150ebdb3c3a36f8cde38c	4061	documentation-text	in-scope	False	not-started	
docs/architecture/pipeline-test-gate-phase-8-final-audit.md	93b90e19a9e60323d2022d73da2e36ca41286395	8877	documentation-text	in-scope	False	not-started	
docs/architecture/pipeline-test-gate-phase-8-plan.md	11f589623c1c0b635839f5a48603d9ff13c3819c	21676	documentation-text	in-scope	False	not-started	
docs/architecture/pipeline-test-gate-phase-9-comparison.md	500e542ddea3ff9b8011c7a8a07292f0621199a6	4967	documentation-text	in-scope	False	not-started	
docs/architecture/pipeline-test-gate-phase-9-final-audit.md	3c4cfa1635750f144276c2631dce07a167e2c4e5	6344	documentation-text	in-scope	False	not-started	
docs/architecture/pipeline-test-gate-phase-9-parity-report.md	99fbfb47b7ef617ba4c17e6ee077b1940c2c708b	32261	documentation-text	in-scope	False	not-started	
docs/architecture/pipeline-test-gate-phase-9-plan.md	23a4a37bf3341e38a892182e6b332059bb072fd2	5505	documentation-text	in-scope	False	not-started	
docs/architecture/pipeline-test-gate-roadmap.md	3b2088dd8f80b794632efd942db069c0f103281c	5950	documentation-text	in-scope	False	not-started	
docs/architecture/pipeline-test-gate-security-baseline.json	d03a2f56344d1a53a10313fc8f2a048e04a557a1	5090	documentation-support	in-scope	False	not-started	
docs/architecture/pipeline-test-gate-security-configuration-reference.md	8c65253e994df1d0266817bd43b2f16c27dd2534	1057	documentation-text	in-scope	False	not-started	
docs/architecture/pipeline-test-gate-security-cutover-inventory.json	a3c0bd0a3042d1cf258f77fd609c0bb2397fda8c	2069	documentation-support	in-scope	False	not-started	
docs/architecture/pipeline-test-gate-security-documentation-manifest.json	b6a9de9a1669d19f00738f36bae1ae46044bcb27	1500	documentation-support	in-scope	False	not-started	
docs/architecture/pipeline-test-gate-security-error-reference.md	37938f4a4565799dd5f0e0ce150b0911ae72280b	3729	documentation-text	in-scope	False	not-started	
docs/architecture/pipeline-test-gate-security-operator-guide.md	e475449fb3ded792b6ab702260c92e5397615dc4	1704	documentation-text	in-scope	False	not-started	
docs/architecture/pipeline-test-gate-security-parity-ledger.json	9f805fd3a9ec167631ea26972bda2ca7f631413e	7545	documentation-support	in-scope	False	not-started	
docs/architecture/pipeline-test-gate-security-phase-10-cutover-plan.md	f4f0987dcca4a36edfbe75fcb48bfb487ffff9a0	1455	documentation-text	in-scope	False	not-started	
docs/architecture/pipeline-test-gate-security-phase-8-plan.md	3550cc333a3bdb2560fb25259c3a5dc70f423bc8	2129	documentation-text	in-scope	False	not-started	
docs/architecture/pipeline-test-gate-security-phase-9-parity-plan.md	2d85f468425781614f44baede998b398c5e6cc87	1798	documentation-text	in-scope	False	not-started	
docs/architecture/pipeline-test-gate-security-security-model.md	74f2e142d9e2da423a2b839995d645f5835783f5	1027	documentation-text	in-scope	False	not-started	
docs/architecture/pipeline-test-gate-security-user-guide.md	9ef5fdd89dee88570544b29c11ecf2e7cfe2e686	1084	documentation-text	in-scope	False	not-started	
docs/architecture/pipeline-test-gate-size-budget-baseline.json	8e000baf63795c71f35438f219eff866bfe87862	6489	documentation-support	in-scope	False	not-started	
docs/architecture/pipeline-test-gate-size-budget-configuration-reference.md	8a562441a7523aec096400c8a3bfb84fd38a5b3e	3545	documentation-text	in-scope	False	not-started	
docs/architecture/pipeline-test-gate-size-budget-cutover-final-audit.md	aada0b68aa49bba959ad79757c3f94a1ef729e65	2547	documentation-text	in-scope	False	not-started	
docs/architecture/pipeline-test-gate-size-budget-cutover-inventory.json	67e4ca963d82810ab41893c4176984518022849e	986	documentation-support	in-scope	False	not-started	
docs/architecture/pipeline-test-gate-size-budget-cutover-plan.md	1238578c28877c3fa99f2e4a2792731d788eb17b	555	documentation-text	in-scope	False	not-started	
docs/architecture/pipeline-test-gate-size-budget-documentation-manifest.json	3d2d70602fff9072da38573ed06b36850b63c77d	1174	documentation-support	in-scope	False	not-started	
docs/architecture/pipeline-test-gate-size-budget-error-reference.md	1a3e679e91dcad39312f184a4b53b7af4d669681	6207	documentation-text	in-scope	False	not-started	
docs/architecture/pipeline-test-gate-size-budget-implementation-final-audit.md	877e5cd62e8afd355b534dc06db2fb69ca5a1967	1125	documentation-text	in-scope	False	not-started	
docs/architecture/pipeline-test-gate-size-budget-implementation-plan.md	e9207bef9a3c5ab009c16f09a004d8d82789a026	1537	documentation-text	in-scope	False	not-started	
docs/architecture/pipeline-test-gate-size-budget-operator-guide.md	3e7db2abd1e750fe2a78333d5af61717aa9558e7	4051	documentation-text	in-scope	False	not-started	
docs/architecture/pipeline-test-gate-size-budget-parity-final-audit.md	2d8f60fad4ccf698c7bc84e56508f38232492ec5	588	documentation-text	in-scope	False	not-started	
docs/architecture/pipeline-test-gate-size-budget-parity-ledger.json	b19b3784683c86b167339311a5a655647088b02a	9150	documentation-support	in-scope	False	not-started	
docs/architecture/pipeline-test-gate-size-budget-parity-plan.md	6dfcd718bae0dd365ed0323af2a2ed2b1ea8998d	487	documentation-text	in-scope	False	not-started	
docs/architecture/pipeline-test-gate-size-budget-parity-report.md	b96863c8b5ddd81d2b62ea0126b5c68ac4d4509d	409	documentation-text	in-scope	False	not-started	
docs/architecture/pipeline-test-gate-size-budget-security-model.md	59bc49321de776240e37c7a1d124b9e1af94431f	1968	documentation-text	in-scope	False	not-started	
docs/architecture/pipeline-test-gate-size-budget-user-guide.md	957c616211e86d77210a0ddf27abceb2104f9b05	3841	documentation-text	in-scope	False	not-started	
docs/architecture/pipeline-test-gate-suite-migration-playbook.md	f8fb3309675ee60a3a6a968dad739f482bd6d384	21184	documentation-text	in-scope	False	not-started	
docs/architecture/pipeline-test-gate-suite-migration-status.json	d0d761844fbbc61590f57b2597e15f433813062e	7159	documentation-support	in-scope	False	not-started	
docs/architecture/pipeline-test-gate-suite-migration-status.md	e76bdd74c2fc56331fc7948ac9ab4a3f858c1e05	1746	documentation-text	in-scope	False	not-started	
docs/architecture/pipeline-test-gate-suite-migration-templates.md	edb0da7ccd53dd51d95d0d52be66e437eaffa3f2	6112	documentation-text	in-scope	False	not-started	
docs/architecture/pipeline-test-gate-suite-migration-workflow-v2-final-audit.md	7ded221a8a73e8321f1b24840ca1a5d82db34124	4526	documentation-text	in-scope	False	not-started	
docs/architecture/pipeline-test-gate-suites-8-13-state-and-issues.md	f9683ac783d08b3fd9b4287b8a36aa53b4dac927	24144	documentation-text	in-scope	False	not-started	
docs/architecture/pipeline-test-gate-tailscale-exposure-baseline.json	bfc46ed6c1ed02b395d38c57875e39ebd3a478c2	5676	documentation-support	in-scope	False	not-started	
docs/architecture/pipeline-test-gate-tailscale-exposure-configuration-reference.md	d7cdd72fe9424460173adb6bbdfc42602ba0161e	1318	documentation-text	in-scope	False	not-started	
docs/architecture/pipeline-test-gate-tailscale-exposure-cutover-inventory.json	0f401f379af8c5b08f2dc511a42d06cf7d22d5fe	1226	documentation-support	in-scope	False	not-started	
docs/architecture/pipeline-test-gate-tailscale-exposure-documentation-manifest.json	3527ed47036fe31591e21987125f9cb9d45f1e4a	1290	documentation-support	in-scope	False	not-started	
docs/architecture/pipeline-test-gate-tailscale-exposure-error-reference.md	2f00f2a84a2ff2f518e6a333a21a97ab8ec4d841	3627	documentation-text	in-scope	False	not-started	
docs/architecture/pipeline-test-gate-tailscale-exposure-implementation-plan.md	93fc477a7158338c1bce56ce09499f03fa37a6a6	1665	documentation-text	in-scope	False	not-started	
docs/architecture/pipeline-test-gate-tailscale-exposure-operator-guide.md	b55e12438b342e4329295b83fc083fc19e44acc8	3180	documentation-text	in-scope	False	not-started	
docs/architecture/pipeline-test-gate-tailscale-exposure-parity-ledger.json	90741004b9ce69938d02e482c0e9293f506ed716	11329	documentation-support	in-scope	False	not-started	
docs/architecture/pipeline-test-gate-tailscale-exposure-security-model.md	f57861a5926e87ec25b763667b05631942fe78b8	1220	documentation-text	in-scope	False	not-started	
docs/architecture/pipeline-test-gate-tailscale-exposure-three-phase-audit.md	1034789580372b5c0b855e90f8aa2a5b31980b1f	3671	documentation-text	in-scope	False	not-started	
docs/architecture/pipeline-test-gate-tailscale-exposure-user-guide.md	16f04e23b8ce8c533fdf94cf72ba5d178e08ea95	1351	documentation-text	in-scope	False	not-started	
docs/architecture/pipeline-test-gate-unit-baseline.md	092884564cad8e2d71b6c113be11092e2a86ed5b	15700	documentation-text	in-scope	False	not-started	
docs/architecture/pipeline-test-gate-unit-cutover-inventory.json	0d7652a4c86eac596fec49b8916ee681e7e66419	2255	documentation-support	in-scope	False	not-started	
docs/architecture/pipeline-test-gate-unit-operator-guide.md	3f63c469706112ea249f02f6c8b126de471e3d79	12833	documentation-text	in-scope	False	not-started	
docs/architecture/pipeline-test-gate-unit-parity-ledger.json	f70fd6e87dbcc185df623635a9525e268ce0b398	43372	documentation-support	in-scope	False	not-started	
docs/architecture/pipeline-test-gate-unit-user-guide.md	789850609be87fc15f5d2672371cc09f9b845572	10857	documentation-text	in-scope	False	not-started	
docs/architecture/pipeline-test-gate-visual-baseline.json	466e92f346a1c7933beb4f1d63ab231ad5c52ad4	4726	documentation-support	in-scope	False	not-started	
docs/architecture/pipeline-test-gate-visual-configuration-reference.md	3130e9538bd7b5399017ee30a33aa62d9e8e3481	2248	documentation-text	in-scope	False	not-started	
docs/architecture/pipeline-test-gate-visual-cutover-inventory.json	d5be9fc7aebbc6416b62d9faa5cc26ad383ab120	2226	documentation-support	in-scope	False	not-started	
docs/architecture/pipeline-test-gate-visual-cutover-plan.md	d550b98c5e6c7a703d90b9c7e7480025c2876641	1428	documentation-text	in-scope	False	not-started	
docs/architecture/pipeline-test-gate-visual-documentation-manifest.json	320a4f4e3f6b251e4502b70c1c54f8f378126e48	1277	documentation-support	in-scope	False	not-started	
docs/architecture/pipeline-test-gate-visual-error-reference.md	188ec712e32a287595398c3484340a30be8a9bb7	3298	documentation-text	in-scope	False	not-started	
docs/architecture/pipeline-test-gate-visual-implementation-plan.md	305fd5006e3f5f48581edbd74d1f1c12ae3bb333	1634	documentation-text	in-scope	False	not-started	
docs/architecture/pipeline-test-gate-visual-operator-guide.md	89aef4c16f342832400b8c1671be963cdbbcbe99	3115	documentation-text	in-scope	False	not-started	
docs/architecture/pipeline-test-gate-visual-parity-ledger.json	53a6955af850c9894db4217c8bb7f868ff020f34	6554	documentation-support	in-scope	False	not-started	
docs/architecture/pipeline-test-gate-visual-parity-plan.md	c6347e2042ebfd8bd9d25d60032afa8965d19875	1440	documentation-text	in-scope	False	not-started	
docs/architecture/pipeline-test-gate-visual-security-model.md	7b498800fa531d9e8b1f5a74b29e06cb0bd4bc62	1562	documentation-text	in-scope	False	not-started	
docs/architecture/pipeline-test-gate-visual-user-guide.md	952a82e221de051d146037607688eeec9234f17d	2002	documentation-text	in-scope	False	not-started	
docs/architecture/pipeline-worker-core-phase-5-5-a-audit.md	ba04587c3f53d1f89ef0c7ccfb74342e133eba83	2781	documentation-text	in-scope	False	not-started	
docs/architecture/pipeline-worker-core-phase-5-5-audit.md	147ea933a89a74241c4e1f69604bb67d99207e35	5086	documentation-text	in-scope	False	not-started	
docs/architecture/pipeline-worker-core-phase-5-5-b-audit.md	e4683c415afc71f72daa6be3d6caef0337b46940	3869	documentation-text	in-scope	False	not-started	
docs/architecture/pipeline-worker-core-phase-5-5-c-audit.md	6185de6508acdea3c0dd253947ec0335b9f12437	3397	documentation-text	in-scope	False	not-started	
docs/architecture/pipeline-worker-core-phase-5-5-d-audit.md	ad1db063997f1ce89057de68891fae465378d046	3266	documentation-text	in-scope	False	not-started	
docs/architecture/plugin-system-current-inventory.md	986a0e6c9d13d42e241dfc1db06a7b4046576138	5512	documentation-text	in-scope	True	not-started	
docs/architecture/plugin-system-implementation-plan.md	ff0bbcf57b9987545d2f0198f3717e1479ea9300	79834	documentation-text	in-scope	False	not-started	
docs/architecture/plugin-system-phase10-changelog.md	b5f4faaba59aa8386affbfbc7a79319b5615fe47	1832	documentation-text	in-scope	False	not-started	
docs/architecture/plugin-system-phase10-observer-assessment.md	d26f827d3a0e4c312baa1c4d5b37e4afc7e5a9a2	5526	documentation-text	in-scope	False	not-started	
docs/architecture/plugin-system-phase11-evidence.json	f500670f8d6d4a41f605a76514b1b6e1ed280d20	1965	documentation-support	in-scope	False	not-started	
docs/architecture/plugin-system-phase12-changelog.md	59cb7f66344220eb20078d241914c61769ddc9fa	2577	documentation-text	in-scope	False	not-started	
docs/architecture/plugin-system-phase5-capabilities.json	c83a50e38a75f172ae1a2f0697546327c174e563	4303	documentation-support	in-scope	False	not-started	
docs/architecture/plugin-system-phase6-lifecycle.json	fdd1a6cd38667d35b2462518cabd02756cbf0d90	1918	documentation-support	in-scope	False	not-started	
docs/architecture/plugin-system-phase7-durability.json	a06dbeb7788e983ed404862a190bddb354e38c21	1241	documentation-support	in-scope	False	not-started	
docs/architecture/plugin-system-phase9-changelog.md	8f38c54c2ebe2ba7eb18b3e4900eee4332e42751	12777	documentation-text	in-scope	False	not-started	
docs/architecture/plugin-system-phase9-extension-assessment.md	6fc550732a46311506c10b0832e63c88166f4fc8	35027	documentation-text	in-scope	False	not-started	
docs/architecture/plugin-system-vision.md	df0d8f07df0b8519db5381809046d16540b401ab	39436	documentation-text	in-scope	False	not-started	
docs/architecture/prism-baseline-bundle-v1.md	a7f2d34cca90dc994365a2ef56c3413ca8a3ebdd	7993	documentation-text	in-scope	False	not-started	
docs/architecture/prism-corpus-ingestion-v1.md	4d2affc25b7d500f672e339fa6b7ec877d86e739	7943	documentation-text	in-scope	False	not-started	
docs/architecture/prism-design-document-v1-review.md	3ae0eba8140007168abddcc2abf145976e85bcae	6056	documentation-text	in-scope	False	not-started	
docs/architecture/prism-design-engine-architecture.md	e978e21afa24b8dea5ce74489ea8661711f4b2da	49764	documentation-text	in-scope	False	not-started	
docs/architecture/prism-design-engine-contract-v1.md	e06b1625921b802cc92230a3f90a6ea178ae7b74	15456	documentation-text	in-scope	False	not-started	
docs/architecture/prism-helm-deployment-v1.md	33100198f7be3f23f0a2d464030f2a8343f1eb71	9108	documentation-text	in-scope	False	not-started	
docs/architecture/prism-openclaw-runtime.md	c1dedbd651cec04d473e26aad1377b6e9761ec47	3105	documentation-text	in-scope	False	not-started	
docs/architecture/prism-pipeline-fidelity-adapter-v1.md	a3aa1b3328fda93cce636ca0e91e6b44c51099b6	5480	documentation-text	in-scope	False	not-started	
docs/architecture/prism-preference-learning-v1.md	d04c9631e59befd7b0e66c5ca8114edc9b7a2fe1	7267	documentation-text	in-scope	False	not-started	
docs/architecture/prism-prototype-runtime-v1.md	8242624bde0988cd440ca0e82f5800fcade793b0	10146	documentation-text	in-scope	False	not-started	
docs/architecture/prism-quality-gates-v1.md	735d8b38a72cbdf72fe02eb4f24da5d300693585	6481	documentation-text	in-scope	False	not-started	
docs/architecture/prism-recovery-observability-v1.md	462090b1cfaec23cfe000410c191019b0aaa41c8	7160	documentation-text	in-scope	False	not-started	
docs/architecture/prism-retrieval-ranking-v1.md	bd8664a2cbd35b1f7b3d34696ab7e5ecbfc87285	7031	documentation-text	in-scope	False	not-started	
docs/architecture/prism-storage-model-v1.md	958a9db490fa17c92965566a50687ae3bb0a5067	9505	documentation-text	in-scope	False	not-started	
docs/architecture/prism-studio-interaction-v1.md	acb454c00bbd4a859514f6957a29b2c9c34d0f96	11223	documentation-text	in-scope	False	not-started	
docs/architecture/security-model.md	e9a3aaf391fdc150c7a68b2d2c308abb2fb41507	2170	documentation-text	in-scope	False	not-started	
docs/blueprint/01-platform-inventory.md	c6ecc83b287c8521ccc19223543badfb11646215	4033	documentation-text	in-scope	True	not-started	
docs/blueprint/02-three-track-site-map.md	abbb858c64841dba2a0322888537c07052429f86	10404	documentation-text	in-scope	True	not-started	
docs/blueprint/03-migration-and-deletion.md	db2debcdc89ca7c6cd418cf949d6d1831e8b2113	4463	documentation-text	in-scope	True	not-started	
docs/blueprint/04-evidence-matrix.md	2e33cfdf9f1426ad9e9661d13433b18d6f8a3b43	12827	documentation-text	in-scope	True	not-started	
docs/blueprint/05-decision-record-catalogue.md	0bcf0f38bb0d4bbb328af55b30f1ce0cb9b0cafb	9389	documentation-text	in-scope	True	not-started	
docs/blueprint/06-automation-and-publication.md	5b115d47c43dac5aab746a2e42cb687f3392b263	11429	documentation-text	in-scope	True	not-started	
docs/blueprint/README.md	748ba5b8f8ab584d9e8cf0d6ca9c96c84adc27a8	2480	documentation-text	in-scope	True	not-started	
docs/blueprint/generated/completeness-report.md	0f33f70f8d97a0e0513488e6c1f5d9cd5835ea4b	592	documentation-text	in-scope	True	not-started	
docs/blueprint/generated/completeness.json	ab7b8d049b855e91703a88c0db8f7b1ed5bd9499	553	documentation-support	in-scope	True	not-started	
docs/blueprint/generated/migration-ledger-summary.md	fa1a9f5a1930b560fd90fb504b78b723f1878e4f	934	documentation-text	in-scope	True	not-started	
docs/blueprint/generated/migration-ledger.csv	b5ff8d141452d63ae118fba5fb491f71afc66918	97723	documentation-support	in-scope	True	not-started	
docs/blueprint/generated/platform-inventory.json	1de51b5aab71db524b285ac2555b35a74f09aa75	81561	documentation-support	in-scope	True	not-started	
docs/blueprint/generated/platform-inventory.md	1b8962c5403e31a4db40e047bb23a7d4d87e1a59	12795	documentation-text	in-scope	True	not-started	
docs/decisions/fallback-cleanup-ledger.tsv	55c560fc07c6d57f9caabe44a0460e386655629b	166	documentation-support	in-scope	False	not-started	
docs/deployment/README.md	a488d28da60bf065a0ca7ed24d69a95de9cdb6f3	649	documentation-text	in-scope	False	not-started	
docs/deployment/agent-deployments.md	b9a4b771175264b3d3936d80e5bc2ac54ec23285	9668	documentation-text	in-scope	False	not-started	
docs/deployment/deployment-verification.md	9acd81a6b41bfbf883a9bf60e0b3e25776253743	327	documentation-text	in-scope	False	not-started	
docs/deployment/infrastructure.md	3fddd83cf133b37d6c4d73707be2445d8201c98c	361	documentation-text	in-scope	False	not-started	
docs/deployment/litellm.md	206aaf026a0ee462c7199dc4cb33cb8f718f277f	3248	documentation-text	in-scope	False	not-started	
docs/deployment/secrets.md	dfed4a88261d3fbe5356a5ec6c23b305c0628ee0	395	documentation-text	in-scope	False	not-started	
docs/deployment/setup-flow.md	69cb43c34bb4d0a0452547963d4cad70f3fb3c3d	302	documentation-text	in-scope	False	not-started	
docs/deployment/tailscale-operator.md	557d7527ece7a653fa77dbeea3ac4a4df2a80254	302	documentation-text	in-scope	False	not-started	
docs/developers/README.md	7248b38ef8d3156a90a97628ef67171317fb68b7	577	documentation-text	in-scope	False	not-started	
docs/developers/adding-verification.md	ef895d18321c6a8f47f31143f875b52223af01a2	463	documentation-text	in-scope	False	not-started	
docs/developers/authoring-plugin-observers.md	0701a3b8838679963dde56dc76f335476354176b	1393	documentation-text	in-scope	False	not-started	
docs/developers/authoring-plugin-pipelines.md	42e8c8a07e79ff210bf39cf7ca18115fb5fa108d	1614	documentation-text	in-scope	False	not-started	
docs/developers/contributing.md	3c3f44d48582fedb4e72cc4d11b8718589fb174f	353	documentation-text	in-scope	False	not-started	
docs/developers/documentation-conventions.md	f318d27ffde2aea2c83d7e11de748f1ab8437586	1116	documentation-text	in-scope	False	not-started	
docs/developers/hooks-and-plugins.md	60a5232768e899332c3a38a836b8f999af1695ad	360	documentation-text	in-scope	False	not-started	
docs/developers/migrating-pipeline-plugins.md	f3e98b51a18813742ddd6c6c047e8a92db0d7601	21351	documentation-text	in-scope	False	not-started	
docs/developers/replacing-agent-runtime.md	8dec0a5a131a205fe36a46d8b040f325363d1810	1830	documentation-text	in-scope	False	not-started	
docs/developers/templates/architecture-page.md	833eac288b4fe2e82a0ce69e71c670ba5826c428	624	documentation-text	in-scope	False	not-started	
docs/developers/templates/deployment-component.md	afcd7e2f06c8c4b4c4a4203d75791b0c7ba90ee6	806	documentation-text	in-scope	False	not-started	
docs/developers/templates/operator-task.md	c011becbbb424d5305c1f586db9f780ae705bcd4	886	documentation-text	in-scope	False	not-started	
docs/developers/templates/reference-page.md	93e9a0d5d0455ab03adbf45caba1200beb813013	575	documentation-text	in-scope	False	not-started	
docs/developers/templates/runbook.md	92920191cd3faca90474f6126fe2df083ad3678b	853	documentation-text	in-scope	False	not-started	
docs/developers/templates/troubleshooting-entry.md	307ffa0c6f09634b0aa465002382441b6f498537	648	documentation-text	in-scope	False	not-started	
docs/developers/testing-and-ci.md	bc9d4a5a292243b440cb7be0fe292280f59b542f	1660	documentation-text	in-scope	False	not-started	
docs/diagrams/deployment-topology.svg	3fb56c3f16a1fe27b973de820137535a7d3e6acc	4198	documentation-support	in-scope	False	not-started	
docs/diagrams/failure-recovery-decision-flow.svg	f6c6fdf07e4d8a1590395933d979a19a68ab5be0	2798	documentation-support	in-scope	False	not-started	
docs/diagrams/final-preview-tailscale-flow.svg	30d7aabd430d1f7b0da2299e306f6d5fb57a2817	2511	documentation-support	in-scope	False	not-started	
docs/diagrams/infrastructure-dependencies.svg	dfa77430a87320c14c3dc6eb43141bee7aefcffe	2910	documentation-support	in-scope	False	not-started	
docs/diagrams/pipeline-runtime-flow.svg	e6c0075aa9471eeb7ce360035d1057911891ede7	2420	documentation-support	in-scope	False	not-started	
docs/diagrams/secret-flow.svg	71b4e2b95f8f463310cf2247c0fdc9b166666203	2476	documentation-support	in-scope	False	not-started	
docs/examples/progress-json/end-to-end.json	ce0b71a4669ff0c6c55385cc7595929a59a0485c	4760	documentation-support	in-scope	False	not-started	
docs/examples/progress-json/failed.json	ed0ae2acce309ea13874b5738e81a469a3d5fa93	813	documentation-support	in-scope	False	not-started	
docs/examples/progress-json/in-progress.json	c24ac94be5035543bfaa80147d72060cec582395	1205	documentation-support	in-scope	False	not-started	
docs/examples/progress-json/partial-artifacts.json	3057e513d6c86a23b6f6425dfae8256ba76fd2fb	1079	documentation-support	in-scope	False	not-started	
docs/examples/progress-json/success.json	d5ad7489bf7c2aaa6e6b71c78ad8ba4b6bd6ac91	2206	documentation-support	in-scope	False	not-started	
docs/examples/swarm-config/local-dev.json	b3e936d68c49eca9af8f6761037f791c5e66cd3a	846	documentation-support	in-scope	False	not-started	
docs/examples/swarm-config/staging-like.json	df59baa0098f9b43ac80367505dde25c9658cb6d	840	documentation-support	in-scope	False	not-started	
docs/generated/inventory/README.md	ba144d4b418311986f7f113b4f87c52d14373dee	3905	documentation-text	in-scope	False	not-started	
docs/generated/inventory/deploy-script.json	ec909c06bcaec1148bc47ef5c3e357a50198c281	10535	documentation-support	in-scope	False	not-started	
docs/generated/inventory/helm-values.json	50adbe10dd7b97745a4a2ea073f017b88bbd2c9d	7941	documentation-support	in-scope	False	not-started	
docs/generated/inventory/plugin-system.json	04408c4438e3152a93a4c21868340cdbce907183	161218	documentation-support	in-scope	True	not-started	
docs/generated/inventory/secret-setup.json	ccfbf0d7c106a274d07bfbb672f8f42da274f02b	6115	documentation-support	in-scope	False	not-started	
docs/generated/inventory/workflows.json	00675eeeac8e99a761ff56b1abb9ba09988fd2c0	13526	documentation-support	in-scope	False	not-started	
docs/generated/reference/README.md	e1127c579dc2d87fd6120c29dafb6fd210a8b3b4	2572	documentation-text	in-scope	False	not-started	
docs/implementation/namespace-controller-final-audit.md	609c3ac7eb0707e38e2a4e35706b93a21844c31e	3786	documentation-text	in-scope	False	not-started	
docs/implementation/namespace-controller-simplification.md	e8bdc8aee1d3087e527927845c63e3e1ba68829b	4659	documentation-text	in-scope	False	not-started	
docs/implementation/prism-audit-remediation-plan.md	a21fcd511447275863864f68554d21355e4df152	11871	documentation-text	in-scope	False	not-started	
docs/implementation/prism-completion-remediation-plan.md	cd8f000de7a1d426c7675a158ffb438aef14cda0	19330	documentation-text	in-scope	False	not-started	
docs/implementation/prism-implementation-plan.md	675d9065eb196aae6674057708721836926f2eef	32295	documentation-text	in-scope	False	not-started	
docs/implementation/prism-production-correction-plan.md	aae381d009bc39ef81ffd2cc77eccfc249942b97	23372	documentation-text	in-scope	False	not-started	
docs/implementation/prism-production-integration-plan.md	bbda1a95c3f5973152b60e5fa23940fb79f3ec65	37714	documentation-text	in-scope	False	not-started	
docs/implementation/prism/completion-status.json	05a7fd9e605623f9af1bb6a9109d78b845699946	3671	documentation-support	in-scope	False	not-started	
docs/implementation/prism/integration-baseline.md	028f119ca3402987ee962e2cefa6955a3d083952	1518	documentation-text	in-scope	False	not-started	
docs/implementation/prism/integration-traceability.json	711eed717bce13b789ccf5db56493f94ac99fabc	4997	documentation-support	in-scope	False	not-started	
docs/implementation/prism/live-lease-attempt-2026-08-22.json	d0f664f429b0348ca063eed84f7a08cb81153b94	706	documentation-support	in-scope	False	not-started	
docs/implementation/prism/phase-0-audit.md	b9da7063335a994a41357760502c81002cf5750a	5515	documentation-text	in-scope	False	not-started	
docs/implementation/prism/phase-1-audit.md	bf43ca3719d9a947d331a035ff83db0413330ac9	528	documentation-text	in-scope	False	not-started	
docs/implementation/prism/phase-10-final-audit.md	0d47921707747243c60ebdd3dcdeae24b0f3f1f1	3996	documentation-text	in-scope	False	not-started	
docs/implementation/prism/phase-12-production-integration-audit.md	8f0cf7989f39743467d84c7353172801ac76ba69	6108	documentation-text	in-scope	False	not-started	
docs/implementation/prism/phase-16-correction-audit.md	b795c7eb71106ef21a6d8413f3783405b564cdf8	6538	documentation-text	in-scope	False	not-started	
docs/implementation/prism/phase-17-remediation-audit.md	7a946729f647df777d88bace2e4d72d38d5557a0	6694	documentation-text	in-scope	False	not-started	
docs/implementation/prism/phase-18-completion-audit.md	213e117463e619a2fa6b7e00f2fcaf7b3a0d7646	9641	documentation-text	in-scope	False	not-started	
docs/implementation/prism/phase-2-audit.md	50b7395c9762ae2b67093ee953e4e61a7fdfb776	631	documentation-text	in-scope	False	not-started	
docs/implementation/prism/phase-3-audit.md	8101206b32c85616c8283dac44a01bec0fab2711	698	documentation-text	in-scope	False	not-started	
docs/implementation/prism/phase-4-audit.md	919df4693320c1c83ea3236a171b8785a128b582	722	documentation-text	in-scope	False	not-started	
docs/implementation/prism/phase-5-audit.md	f5043853cafd186c06ff89968c44848e06808af3	506	documentation-text	in-scope	False	not-started	
docs/implementation/prism/phase-6-audit.md	4cd39d2ece65c5bdd5f6f29cbb3703dd2e3a77f9	634	documentation-text	in-scope	False	not-started	
docs/implementation/prism/phase-7-audit.md	6316e5da00cfa98b069ea8ba6eafb3a8eae57f57	336	documentation-text	in-scope	False	not-started	
docs/implementation/prism/phase-8-audit.md	17339092e843370b252de4d43d21f66ddad18762	374	documentation-text	in-scope	False	not-started	
docs/implementation/prism/phase-9-audit.md	58c38639dfcb885e59cac04a284468a7a53bace7	617	documentation-text	in-scope	False	not-started	
docs/implementation/prism/studio-reference-lock.md	d3abe694ab655fdebc445de9007b94cfb6eae975	1278	documentation-text	in-scope	False	not-started	
docs/operations/litellm-postgresql-recovery.md	8aaaa0f0f612eab533f14f50764359e7bd086a83	8581	documentation-text	in-scope	False	not-started	
docs/operations/local-image-vulnerability-scan.md	c3188c1df3d08815c92cab31511c0ae978675c74	3179	documentation-text	in-scope	False	not-started	
docs/operations/native-worker-host-pools.md	66ba1d3eb27c11f9cecb8aaba08d2185c149eede	13950	documentation-text	in-scope	False	not-started	
docs/operations/observability-retention.md	7363d1fd03f63c333e8720d8c9dfa3a2795fa55f	13694	documentation-text	in-scope	False	not-started	
docs/operations/postgresql-migration.md	50ed295d10718e7bdd20860ef065c73405241ab8	7835	documentation-text	in-scope	False	not-started	
docs/operations/prism-database-transitions.md	14c75678828641bb3304c9681bc4c1aaeebbf951	5789	documentation-text	in-scope	False	not-started	
docs/operations/prism-operator-guide.md	3a122d44e7b3f55a234870e28e8b20de5329fa4f	13389	documentation-text	in-scope	False	not-started	
docs/operations/prism-product-decisions.md	2a22c0d938394c968a6074e85be16f91f0b22f3c	3490	documentation-text	in-scope	False	not-started	
docs/operations/qdrant-migration.md	a1f4f1844441caf837c3c7ddb65bda1f1c9d83cd	9395	documentation-text	in-scope	False	not-started	
docs/operations/qdrant.md	d2a197a6de982d96da3a11a693e4620b9b8ddb2b	9296	documentation-text	in-scope	False	not-started	
docs/operations/redis-migration.md	fb963c21d75f9127d221cdfc5164fe8ec3dd6f89	10598	documentation-text	in-scope	False	not-started	
docs/operations/registry-clients.md	3da5555dbf9605bfb6728cab03b2926d50f07d59	12957	documentation-text	in-scope	False	not-started	
docs/operations/runtime-versions-and-images.md	cf25fc378a6378ece4f87343400da044e9e46df0	23898	documentation-text	in-scope	False	not-started	
docs/operations/stateful-infrastructure-upgrades.md	b7acccf50b855d16405086e2569c0f3958bd4620	4471	documentation-text	in-scope	False	not-started	
docs/operations/worker-trust-runbook.md	48155df0fafbcab26d2df2b9a690e988002e6058	17720	documentation-text	in-scope	False	not-started	
docs/operators/README.md	89b6ddbeba0ea1bae5a848741f6728ba6964b112	445	documentation-text	in-scope	False	not-started	
docs/operators/external-pipeline-plugins.md	e3df7b10fc2a8971f6fc0c3c5febd9e78c1a1e2c	1840	documentation-text	in-scope	False	not-started	
docs/operators/final-preview-tailscale.md	c022744dcb232de4c7bf25c133aee339dbb6f157	442	documentation-text	in-scope	False	not-started	
docs/operators/plugin-observers.md	c6f3e5116689f8a9cc8f4d34c9e84d911ce02b69	2156	documentation-text	in-scope	False	not-started	
docs/operators/plugin-pipeline-lifecycle.md	007b204d74e8a895d919c37e28980a769acc43ec	1916	documentation-text	in-scope	False	not-started	
docs/operators/recovery-runbook.md	8d4cb30621a3edeaa5d8a6eeedb7bffed1eb92e8	722	documentation-text	in-scope	False	not-started	
docs/operators/running-the-pipeline.md	856cc812b33c0c69f7f8aff285a3033487eec48c	747	documentation-text	in-scope	False	not-started	
docs/ops/chatgpt-ops-bootstrap.md	a0570df27474d2f3068006869615048c46e07b0a	7050	documentation-text	in-scope	False	not-started	removed
docs/ops/ops-pod.md	24e37d4c618d6fdfdb616e1fcdeff27a1ae4c247	30491	documentation-text	in-scope	False	not-started	
docs/pipeline/architecture.md	42efe42a0ecfb0f799eee9b83c0b11bfc7297615	1148	documentation-text	in-scope	False	not-started	
docs/reference/cli.md	a2386140b3c4395c6131a8c0a38632f86303a0d5	4612	documentation-text	in-scope	False	not-started	
docs/reference/environment-variables.md	385a66428afd9de434f2ca78c62a3ece42669397	5263	documentation-text	in-scope	False	not-started	
docs/reference/helm-values.md	b26a1cbd5834b69f75df3dc4338383caf85d636c	6662	documentation-text	in-scope	False	not-started	
docs/reference/openclaw-config.md	b786aa9acb66ba777740ebf89b1fdcb54b14bd35	8589	documentation-text	in-scope	False	not-started	
docs/reference/secrets.md	412481cfd3561c5a273a7dac40c1dd82da85e707	5225	documentation-text	in-scope	False	not-started	
docs/reference/verification-commands.md	3ce1b3ee79e68580e1f9cbf550a9b9ce8dc382d9	2486	documentation-text	in-scope	False	not-started	
docs/reference/workflows.md	ec358fd9186940dc16e617b93a0c78ebe60905df	11804	documentation-text	in-scope	False	not-started	
docs/review/README.md	51a69f548e5dc63debec3b15cfb3cd3834b815a1	11730	review-text	in-scope: inspect before extraction/deletion	False	not-started	
docs/review/branch-cleanup-20260911/README.md	06c0c38048e59d02296cf77b5a8a64a5879670ad	4654	review-text	in-scope: inspect before extraction/deletion	False	not-started	
docs/review/branch-cleanup-20260911/audit.json.gz	9fa9b4c1d459a9f112b8424e6f60dff5e2a6ab30	202331	review-evidence-or-register	in-scope: inspect before extraction/deletion	False	not-started	
docs/review/branch-cleanup-20260911/branches.json	0acc6082125e6a56458951cc5cb096ec984fe08d	78448	review-evidence-or-register	in-scope: inspect before extraction/deletion	False	not-started	
docs/review/branch-cleanup-20260912/README.md	78633b2b51ebe2afcdbe295c43b953fb5b0b518f	5903	review-text	in-scope: inspect before extraction/deletion	False	not-started	
docs/review/branch-cleanup-20260912/branches.json	429941099b8a672178681bd6689f25e2e7829feb	567128	review-evidence-or-register	in-scope: inspect before extraction/deletion	False	not-started	
docs/review/branch-cleanup-20260912/candidate-merge-log.json	f90c051ed490b3e3303790686eb718356743787f	48699	review-evidence-or-register	in-scope: inspect before extraction/deletion	False	not-started	
docs/review/branch-cleanup-20260912/historical-documents.json.gz	d0483c4a9c2619130b9af0d4fc9c7eb598cac8c9	5240309	review-evidence-or-register	in-scope: inspect before extraction/deletion	False	not-started	
docs/review/branch-cleanup-20260912/historical-test-imports.json	dab9ecb69b895fb13e594d357cb2632dd8023662	9358	review-evidence-or-register	in-scope: inspect before extraction/deletion	False	not-started	
docs/review/branch-cleanup-20260912/path-decisions.json.gz	57407ff42234c43ef5203071829cfd53b626a2f5	212318	review-evidence-or-register	in-scope: inspect before extraction/deletion	False	not-started	
docs/review/branch-cleanup-20260912/residual-resolutions.json	4eccb0e7a638dfdc679041dfd6b32859e9ced0cd	55645	review-evidence-or-register	in-scope: inspect before extraction/deletion	False	not-started	
docs/review/branch-cleanup-20260912/restored-documents.json	fc85744be87b9320c92ff6e2df31f928394bbd01	67997	review-evidence-or-register	in-scope: inspect before extraction/deletion	False	not-started	
docs/review/branch-cleanup-20260912/retained-branches.md	ca24ec1fa4aa18ad9cdd86e66717fae7ab522f12	422	review-text	in-scope: inspect before extraction/deletion	False	not-started	
docs/review/branch-cleanup-20260912/summary.json	f7bb4fccec5322040e99179f0ea10fd016c579b1	1132	review-evidence-or-register	in-scope: inspect before extraction/deletion	False	not-started	
docs/review/branch-cleanup-20260912/validation.md	c38fdccfcc12decb9137077dc21710d5672414ae	5722	review-text	in-scope: inspect before extraction/deletion	False	not-started	
docs/review/branch-cleanup-20260912/validation/compiler-clean-final.log	2e1513298275bc8f0da08c8bea6f0ea239971ae1	159	review-evidence-or-register	in-scope: inspect before extraction/deletion	False	not-started	
docs/review/branch-cleanup-20260912/validation/compiler-final.log	39caa21f5ab08de7126b65b2ca431ede8a710164	545	review-evidence-or-register	in-scope: inspect before extraction/deletion	False	not-started	
docs/review/branch-cleanup-20260912/validation/compiler-stable-final.log	2e1513298275bc8f0da08c8bea6f0ea239971ae1	159	review-evidence-or-register	in-scope: inspect before extraction/deletion	False	not-started	
docs/review/branch-cleanup-20260912/validation/delivery-integration.log	01f8f6a777d67a9a323443a81da68d5e080759cb	12124	review-evidence-or-register	in-scope: inspect before extraction/deletion	False	not-started	
docs/review/branch-cleanup-20260912/validation/deployment-final.log	8466dde10e88d36aa62d247f7f3df7a7e87a8fdb	163	review-evidence-or-register	in-scope: inspect before extraction/deletion	False	not-started	
docs/review/branch-cleanup-20260912/validation/lint-build-clean-final.log	d787099bf9b54215afebef833e524bded6aef65d	141	review-evidence-or-register	in-scope: inspect before extraction/deletion	False	not-started	
docs/review/branch-cleanup-20260912/validation/lint-build-final.log	c3da519f7a47769ce03d12401fc99ebdbaa0b33b	744	review-evidence-or-register	in-scope: inspect before extraction/deletion	False	not-started	
docs/review/branch-cleanup-20260912/validation/lint-final.log	daf2dc767c8fee78751c9182c18828434d468e27	26379	review-evidence-or-register	in-scope: inspect before extraction/deletion	False	not-started	
docs/review/branch-cleanup-20260912/validation/lint-integration-fixed.log	983a667f2bb81985636c4d17339c6140c679de1e	1502	review-evidence-or-register	in-scope: inspect before extraction/deletion	False	not-started	
docs/review/branch-cleanup-20260912/validation/lint-integration.log	0f40e7fc4d0819f1ab06c353e8e07e7bbabd710a	1435	review-evidence-or-register	in-scope: inspect before extraction/deletion	False	not-started	
docs/review/branch-cleanup-20260912/validation/ops-integration.log	793c5bfb892556480d43fbe5b577ffcfca34f650	1922	review-evidence-or-register	in-scope: inspect before extraction/deletion	False	not-started	
docs/review/branch-cleanup-20260912/validation/static-final.log	2852ba3c45015de84d5bb802f030e163f9bea4f5	15044	review-evidence-or-register	in-scope: inspect before extraction/deletion	False	not-started	
docs/review/branch-cleanup-20260912/validation/types-integration.log	d644740eeb12979e0033911f1063eb2f9f7b0254	985	review-evidence-or-register	in-scope: inspect before extraction/deletion	False	not-started	
docs/review/branch-cleanup-20260912/verify.py	1c35653cdb1579f220c29919a4e8312a5b183525	3202	review-evidence-or-register	in-scope: inspect before extraction/deletion	False	not-started	
docs/review/components/buster.engine.md	08da940a1aafda36e99a1da2fcb2b7efd29bcfd5	21512	review-text	in-scope: inspect before extraction/deletion	False	not-started	
docs/review/components/buster.entry.md	dd7a221ab6a951331c0b7de9e66294339f2b74de	3206	review-text	in-scope: inspect before extraction/deletion	False	not-started	
docs/review/components/buster.namespace-controller.md	a68d3da8fd0393f175de62f1a5d5cfec8c392417	10012	review-text	in-scope: inspect before extraction/deletion	False	not-started	
docs/review/components/contract.agent-events.md	7e0c93fd4049ed7efa3d18965ae4fd9338170f35	6943	review-text	in-scope: inspect before extraction/deletion	False	not-started	
docs/review/components/contract.observability.md	6650204732e249d5df51f9ffd36460cd5114d77b	6191	review-text	in-scope: inspect before extraction/deletion	False	not-started	
docs/review/components/contract.plugin-system.md	0da580571ec7b381d19d1ef45a20f8da94ac3b05	6042	review-text	in-scope: inspect before extraction/deletion	False	not-started	
docs/review/components/contract.prism.md	6c24e8efe1ff7a822cc604a8fc572ed13dd6c6fb	13644	review-text	in-scope: inspect before extraction/deletion	False	not-started	
docs/review/components/contract.telemetry.md	430191a16c3b48f2003d59791d8e51ec74f7afdf	11736	review-text	in-scope: inspect before extraction/deletion	False	not-started	
docs/review/components/contract.test-gate.md	5b6e582e324fb8465540a834c3ccbd7c3f309733	16592	review-text	in-scope: inspect before extraction/deletion	False	not-started	
docs/review/components/contract.worker.md	94fff675638dfeffe210a6d0d55cf3232e8ac0be	6082	review-text	in-scope: inspect before extraction/deletion	False	not-started	
docs/review/components/foundation.config.md	451e1b01b48e621fbe21f232f96425219268ecfe	5313	review-text	in-scope: inspect before extraction/deletion	False	not-started	
docs/review/components/foundation.isolation.md	a0e72a9246f46735158acfab68d89b4612e07480	14259	review-text	in-scope: inspect before extraction/deletion	False	not-started	
docs/review/components/foundation.observability.md	6694bc79b7ebad90900ebded3e8a88e7fb5300a6	11388	review-text	in-scope: inspect before extraction/deletion	False	not-started	
docs/review/components/foundation.packages.md	abb91220a4b6d51f0c303876fabae8fb8a480cee	8072	review-text	in-scope: inspect before extraction/deletion	False	not-started	
docs/review/components/foundation.registry.md	fbf2ab578665409eab08a721db0c9db9948b1eeb	13121	review-text	in-scope: inspect before extraction/deletion	False	not-started	
docs/review/components/kubeclaw-agent-observer.md	bf475a834bcf401bfe53988bc44546b75ddceb14	9044	review-text	in-scope: inspect before extraction/deletion	False	not-started	
docs/review/components/kubeclaw.agent-observability.md	abccd63173989ffdbc3ce991c4fab4673a1232d2	5686	review-text	in-scope: inspect before extraction/deletion	False	not-started	
docs/review/components/kubeclaw.api-flow.md	8986782105783ed1e350bcc1e68a829a479b0183	7324	review-text	in-scope: inspect before extraction/deletion	False	not-started	
docs/review/components/kubeclaw.architecture-validator.md	1c5e3446c89d3c44d5bf6a4c882971647a3d2a64	6799	review-text	in-scope: inspect before extraction/deletion	False	not-started	
docs/review/components/kubeclaw.artifact-store.md	02c0e481a18021c9ed5d3e0ab4046cfbfe1f3eb3	5775	review-text	in-scope: inspect before extraction/deletion	False	not-started	
docs/review/components/kubeclaw.axe.md	8e97e9e3888989cedc61630f45fe71dc32648c04	6713	review-text	in-scope: inspect before extraction/deletion	False	not-started	
docs/review/components/kubeclaw.blueprint-sync.md	5d74a3a4c6adbbe498acc5873a41cadb4f11566f	5683	review-text	in-scope: inspect before extraction/deletion	False	not-started	
docs/review/components/kubeclaw.buster-quality-gate.md	c44f00152c1d241f49ce687c4b1c75c9220ecc91	5928	review-text	in-scope: inspect before extraction/deletion	False	not-started	
docs/review/components/kubeclaw.case-study.md	379d576f9fbb7c52e22d266cdf28e286649dded7	4740	review-text	in-scope: inspect before extraction/deletion	False	not-started	
docs/review/components/kubeclaw.command-runner.md	a4358f4d54819a7ac446a1793272041ed0b2255c	6232	review-text	in-scope: inspect before extraction/deletion	False	not-started	
docs/review/components/kubeclaw.container-build.md	a4e5f63e5319a63e324ac87927617ac95f550baf	7398	review-text	in-scope: inspect before extraction/deletion	False	not-started	
docs/review/components/kubeclaw.coverage-budget.md	dc4f278e2d9ec1297cd6db584d80eb4dd46b01f8	6073	review-text	in-scope: inspect before extraction/deletion	False	not-started	
docs/review/components/kubeclaw.delivery-lint.md	240c57b23abe2527be0ca4246251f055357d1f36	4871	review-text	in-scope: inspect before extraction/deletion	False	not-started	
docs/review/components/kubeclaw.direct-command.md	7648ba94be5429746ce406044e88ef0ede954bd0	6079	review-text	in-scope: inspect before extraction/deletion	False	not-started	
docs/review/components/kubeclaw.git-workspace.md	2b43e9d10f6ae720070bbcfab1416b04ee768c7b	6477	review-text	in-scope: inspect before extraction/deletion	False	not-started	
docs/review/components/kubeclaw.http.md	496a67a877be472ba6466ba7cdbd0989f17da17a	7027	review-text	in-scope: inspect before extraction/deletion	False	not-started	
docs/review/components/kubeclaw.human-approval.md	14e19d37b86845c07f5275f0d46ee3c22bd2c115	6359	review-text	in-scope: inspect before extraction/deletion	False	not-started	
docs/review/components/kubeclaw.implementation-agent.md	8648ccfbccffdd2e71a131b74821f6effa6bf2dc	7164	review-text	in-scope: inspect before extraction/deletion	False	not-started	
docs/review/components/kubeclaw.junit-report.md	dea1f35848c0ee850cb05c4792099ca28ade99b2	7236	review-text	in-scope: inspect before extraction/deletion	False	not-started	
docs/review/components/kubeclaw.kubernetes-fixture.md	f149affda489035502004041f01c31371f9177cd	7801	review-text	in-scope: inspect before extraction/deletion	False	not-started	
docs/review/components/kubeclaw.lighthouse.md	d10c0b2f6b5f5c95a6c770b67a5dcd5714666a26	6654	review-text	in-scope: inspect before extraction/deletion	False	not-started	
docs/review/components/kubeclaw.lint.md	aee5a3c2be437b4ecb56b1666dc033d326ba4344	12551	review-text	in-scope: inspect before extraction/deletion	False	not-started	
docs/review/components/kubeclaw.network-http.md	452be15a289e3a7b1f5c85ff309e6ae32c1667ce	6180	review-text	in-scope: inspect before extraction/deletion	False	not-started	
docs/review/components/kubeclaw.notification-observer.md	c6bea06c13acba84aba1c393f3e49a309e04756f	5925	review-text	in-scope: inspect before extraction/deletion	False	not-started	
docs/review/components/kubeclaw.openapi.md	df7de49fea6a8051ef9b7cf5857ee31bde821cf5	7630	review-text	in-scope: inspect before extraction/deletion	False	not-started	
docs/review/components/kubeclaw.openclaw-agent-events.md	a149249f863adc7ca93825121b7b8fdc2931347d	6108	review-text	in-scope: inspect before extraction/deletion	False	not-started	
docs/review/components/kubeclaw.operator-messaging.md	254689417d8e07f2d71cb4d9c6ec8cad0247a66f	8114	review-text	in-scope: inspect before extraction/deletion	False	not-started	
docs/review/components/kubeclaw.pipeline-review.md	8b38464cea6b6f361137cbc0ecfc8c3d4eaedd32	5977	review-text	in-scope: inspect before extraction/deletion	False	not-started	
docs/review/components/kubeclaw.playwright.md	5718656bd52581908c9d7c269fb165646036c256	7105	review-text	in-scope: inspect before extraction/deletion	False	not-started	
docs/review/components/kubeclaw.preflight-contract.md	33180c925b30ec5e9405b0ba6d0888a5d7de6e9c	5684	review-text	in-scope: inspect before extraction/deletion	False	not-started	
docs/review/components/kubeclaw.prism-design.md	55ed033b1d230b16435d8e55ce45207e80060362	5563	review-text	in-scope: inspect before extraction/deletion	False	not-started	
docs/review/components/kubeclaw.project-summary.md	55818d391fcb82a081a1f0445ef94a43b898a06e	5301	review-text	in-scope: inspect before extraction/deletion	False	not-started	
docs/review/components/kubeclaw.redis-transport.md	f59a6f8b5a5d2e43b334b429172dbba5f1a3cc77	7034	review-text	in-scope: inspect before extraction/deletion	False	not-started	
docs/review/components/kubeclaw.remote-test-gate.md	e3ed62fa3eae5e73c4e6ccfa30d575891e42ab89	5062	review-text	in-scope: inspect before extraction/deletion	False	not-started	
docs/review/components/kubeclaw.repository-adapter.md	86cce567bebd1145a2d03cb182de3d0b5537fc7a	7798	review-text	in-scope: inspect before extraction/deletion	False	not-started	
docs/review/components/kubeclaw.review.md	207a24c9d726499b374b4ae12de67ed0e7888530	26267	review-text	in-scope: inspect before extraction/deletion	False	not-started	
docs/review/components/kubeclaw.runtime-dispatch.md	bfda90375e318cad44965dce086b989dca986bb2	10887	review-text	in-scope: inspect before extraction/deletion	False	not-started	
docs/review/components/kubeclaw.secret-resolver.md	fde2841bfa0416289b61a4206e539e7f71376044	4310	review-text	in-scope: inspect before extraction/deletion	False	not-started	
docs/review/components/kubeclaw.security-providers.md	2a3152890446d4ad999499191a46b8b1b2df52a3	6720	review-text	in-scope: inspect before extraction/deletion	False	not-started	
docs/review/components/kubeclaw.size-budget.md	3224a162817f001f6f4e2377ae99ff76cb7d84b8	6360	review-text	in-scope: inspect before extraction/deletion	False	not-started	
docs/review/components/kubeclaw.state-store.md	d3e14b9917b2deee2c57c3f7201c0cfc338b5f85	6390	review-text	in-scope: inspect before extraction/deletion	False	not-started	
docs/review/components/kubeclaw.tailscale-exposure.md	48e8a7cd29946701afbf6d3243277489700d59fc	6744	review-text	in-scope: inspect before extraction/deletion	False	not-started	
docs/review/components/kubeclaw.telemetry-observer.md	a30c77a119fab516ce2cbe1c87d1a750546fa02b	4604	review-text	in-scope: inspect before extraction/deletion	False	not-started	
docs/review/components/kubeclaw.telemetry-store.md	327c5b40e87896a1ad9ea632178d6cca59fa9611	6592	review-text	in-scope: inspect before extraction/deletion	False	not-started	
docs/review/components/kubeclaw.transport-publisher.md	46e1afa1c516ca9262dbf671fe836cf30cbf1163	6744	review-text	in-scope: inspect before extraction/deletion	False	not-started	
docs/review/components/kubeclaw.visual.md	127d7693fe959502c28d19a570b80ee303232044	7524	review-text	in-scope: inspect before extraction/deletion	False	not-started	
docs/review/components/kubeclaw.wait-store.md	268651087e391e93e46e75dc54249d577f9e91ce	4991	review-text	in-scope: inspect before extraction/deletion	False	not-started	
docs/review/components/lib.prompt-contract.md	df84682f1cf83b0e2c1f00199fcae6f67b03a67b	4951	review-text	in-scope: inspect before extraction/deletion	False	not-started	
docs/review/components/lib.sdk.md	aec79b8d632dab21c2678104d45d9c526a51a80f	7526	review-text	in-scope: inspect before extraction/deletion	False	not-started	
docs/review/components/nova.effects.md	2500d63e11e94dc53f98b9562c556d5583123fd0	14810	review-text	in-scope: inspect before extraction/deletion	False	not-started	
docs/review/components/nova.entry.md	7a3ad52f0e46260fd148ebe2d229f6960493ea82	7937	review-text	in-scope: inspect before extraction/deletion	False	not-started	
docs/review/components/nova.execution.md	1a24f7d491df5b004ae85e59a3c40ec9306ffa61	17762	review-text	in-scope: inspect before extraction/deletion	False	not-started	
docs/review/components/nova.lifecycle.md	9b7521f6527a6418da3630b6e06ef0dc56eb7f99	11903	review-text	in-scope: inspect before extraction/deletion	False	not-started	
docs/review/components/nova.observability.md	04fe6e8b342c779b6881f271794dba9e74f4e5f5	7692	review-text	in-scope: inspect before extraction/deletion	False	not-started	
docs/review/components/nova.scaffold.md	aa736b5ed4b3d7417c92c321b76b758e7e78f464	7425	review-text	in-scope: inspect before extraction/deletion	False	not-started	
docs/review/components/nova.state.md	24f20a95b34ee0908d9227e291f74b8866bd3bd6	9391	review-text	in-scope: inspect before extraction/deletion	False	not-started	
docs/review/components/nova.telemetry.md	21529e09396a49c95f81f6721c94df0130ee521d	8409	review-text	in-scope: inspect before extraction/deletion	False	not-started	
docs/review/components/nova.test-gates.md	34e22bdd2909963113a788eb5ac031799d8ee0ad	21515	review-text	in-scope: inspect before extraction/deletion	False	not-started	
docs/review/components/prism.control.md	0bf14fffbd7186130413f7fa5afb29bdca93e51f	3413	review-text	in-scope: inspect before extraction/deletion	False	not-started	
docs/review/components/prism.corpus.md	3a114c16c130977479222a3c6b9b86ee566f6a0d	5405	review-text	in-scope: inspect before extraction/deletion	False	not-started	
docs/review/components/prism.directions.md	b8cd67e37b8f94024db93c88cab03632284ab4e4	3227	review-text	in-scope: inspect before extraction/deletion	False	not-started	
docs/review/components/prism.domain.md	e9d90570da6e99fdf69b4f006fb1bb60c1a7513d	11030	review-text	in-scope: inspect before extraction/deletion	False	not-started	
docs/review/components/prism.engine.md	e20dd66dd567b2c51c55ee7258ee8723341c042f	5731	review-text	in-scope: inspect before extraction/deletion	False	not-started	
docs/review/components/prism.entry.md	65b3ccc01051427257395a2f87716e63b3eab4b0	2305	review-text	in-scope: inspect before extraction/deletion	False	not-started	
docs/review/components/prism.evaluation.md	57616318f29768ea3ca547c803244b95c3b136a1	3777	review-text	in-scope: inspect before extraction/deletion	False	not-started	
docs/review/components/prism.extension.md	e8a8beeaa6664c2517a6d5e9e9dddbf0ad0faa5f	3241	review-text	in-scope: inspect before extraction/deletion	False	not-started	
docs/review/components/prism.pipeline-adapter.md	37f28e32f1c2f41e1905adf97b0275c18e3beb7a	3043	review-text	in-scope: inspect before extraction/deletion	False	not-started	
docs/review/components/prism.preferences.md	632775753f1dfd6c8f8380af95d850b62acf824d	4566	review-text	in-scope: inspect before extraction/deletion	False	not-started	
docs/review/components/prism.renderer.md	71d695e04f83313b8d7977a2004985cb9e700598	5199	review-text	in-scope: inspect before extraction/deletion	False	not-started	
docs/review/components/prism.service-agent-bridge.md	7b3050edcb1928ac8dbf5ad9d9da08bd9971f2ef	4913	review-text	in-scope: inspect before extraction/deletion	False	not-started	
docs/review/components/prism.service-common.md	7a9509e76e1bf79894ac24165a338229c9754ecb	3502	review-text	in-scope: inspect before extraction/deletion	False	not-started	
docs/review/components/prism.service-control.md	fc5fb770b9474b76a4a527a5e73959074b5abf7f	10270	review-text	in-scope: inspect before extraction/deletion	False	not-started	
docs/review/components/prism.service-ingestion.md	432ccb6630fdd03a3c41f886971a80e8edf04cf8	4806	review-text	in-scope: inspect before extraction/deletion	False	not-started	
docs/review/components/prism.service-studio.md	844a5f655994d51e54ba5fcbe57efc00cea7443b	4416	review-text	in-scope: inspect before extraction/deletion	False	not-started	
docs/review/components/prism.service-worker.md	1ebba1d166b4f4d9a1425cacd28a48e1570be261	8929	review-text	in-scope: inspect before extraction/deletion	False	not-started	
docs/review/components/prism.storage.md	72fcae118aa0830128bf4164a519350dc7037548	5971	review-text	in-scope: inspect before extraction/deletion	False	not-started	
docs/review/components/prism.studio.md	1fd0060613fb7d97f5b2ad4e795407294d41cef7	12189	review-text	in-scope: inspect before extraction/deletion	False	not-started	
docs/review/components/worker.core.md	c6953f375fd9afa1451113e14c98735e91da1ae3	8674	review-text	in-scope: inspect before extraction/deletion	False	not-started	
docs/review/evidence/README.md	199c1b3f579a56df68cf99fd1b6cce4844652008	5767	review-text	in-scope: inspect before extraction/deletion	False	not-started	
docs/review/evidence/adapter-dependency-identity-lint.txt	f8d76b727a92e700f8eb21fa0f6cd8606606e988	297	review-evidence-or-register	in-scope: inspect before extraction/deletion	False	not-started	
docs/review/evidence/adapter-dependency-identity-nova-tsc.txt	83b5f9d4df0d01aa0059b4e2ce67617225986b34	99	review-evidence-or-register	in-scope: inspect before extraction/deletion	False	not-started	
docs/review/evidence/adapter-dependency-identity-tests.txt	54aab4c9e05324377675b6d206d8297547f4e8d0	1519	review-evidence-or-register	in-scope: inspect before extraction/deletion	False	not-started	
docs/review/evidence/agent-contract-tests.txt	2d88a9fc1060ee6612c9a02a9aa38d10833adb42	754	review-evidence-or-register	in-scope: inspect before extraction/deletion	False	not-started	
docs/review/evidence/blueprint-sync-tests.txt	501820d503d37989759794083ee1049a20b08457	402	review-evidence-or-register	in-scope: inspect before extraction/deletion	False	not-started	
docs/review/evidence/buildkit-preflight-version-fixed.txt	3e36f45626149a968928549876e76a4021e8d08a	312	review-evidence-or-register	in-scope: inspect before extraction/deletion	False	not-started	
docs/review/evidence/buildkit-preflight-version-review.txt	cfd02990ddb37c83cfe6b11213b9f5cfd615b0e0	1624	review-evidence-or-register	in-scope: inspect before extraction/deletion	False	not-started	
docs/review/evidence/buster-container-recovery-original.txt	6ba86ee3dc97ac055d84cb5273dcb8a90295a3fd	702	review-evidence-or-register	in-scope: inspect before extraction/deletion	False	not-started	
docs/review/evidence/buster-container-runtime-original.txt	ef6eb4e02ce7ad26abf39ca7ad915ed3d0ef32d2	945	review-evidence-or-register	in-scope: inspect before extraction/deletion	False	not-started	
docs/review/evidence/buster-container-validation-original.txt	730ced4d40800f415f5a39919a2384b7f3889ed0	232	review-evidence-or-register	in-scope: inspect before extraction/deletion	False	not-started	
docs/review/evidence/buster-direct-command-diagnosis.txt	1e9da714437a90eef9faaab364a77d974860730a	278	review-evidence-or-register	in-scope: inspect before extraction/deletion	False	not-started	
docs/review/evidence/buster-engine-check-pipeline-remote-plan-runtime.mts.txt	1122be69e5f16c8b749d5149780f1ba063f92807	149	review-evidence-or-register	in-scope: inspect before extraction/deletion	False	not-started	
docs/review/evidence/buster-engine-check-pipeline-remote-process-restart.mts.txt	773f264c0ebbc7d4f60f50ca2ed8c4f275e6bb2d	2097	review-evidence-or-register	in-scope: inspect before extraction/deletion	False	not-started	
docs/review/evidence/buster-engine-check-pipeline-remote-runtime-config.mts.txt	a7c069f1c17f586bee64cd984ee78514394a528e	195	review-evidence-or-register	in-scope: inspect before extraction/deletion	False	not-started	
docs/review/evidence/buster-engine-check-pipeline-test-plan-runner.mts.txt	ae54120921ea81f303b844cda7906ed3a8b6dcf7	548	review-evidence-or-register	in-scope: inspect before extraction/deletion	False	not-started	
docs/review/evidence/buster-inventory-updates.json	34067a61dad8251f0b174229efe0f16589ab5847	3502	review-evidence-or-register	in-scope: inspect before extraction/deletion	False	not-started	
docs/review/evidence/buster-job-compaction-planner.txt	a48cccbdc7d3db31a65f2f62d4c9473a7b52e19f	1525	review-evidence-or-register	in-scope: inspect before extraction/deletion	False	not-started	
docs/review/evidence/buster-job-compaction-runtime.txt	783f921a77e6038a0f0c35b3652dc0e80b89df6f	233	review-evidence-or-register	in-scope: inspect before extraction/deletion	False	not-started	
docs/review/evidence/buster-job-compaction-tests.txt	9c6dcc0fe458ee8c439a5aede6cb46f8e3ba4667	1520	review-evidence-or-register	in-scope: inspect before extraction/deletion	False	not-started	
docs/review/evidence/buster-kubernetes-implementation-original.txt	9a0d13212849a810e50461e2bd70cce0bcd28c82	818	review-evidence-or-register	in-scope: inspect before extraction/deletion	False	not-started	
docs/review/evidence/buster-kubernetes-validation-original.txt	0a5d10b2e38208042c371bcc51e837b0589a08b4	174	review-evidence-or-register	in-scope: inspect before extraction/deletion	False	not-started	
docs/review/evidence/buster-provider-api-flow-original.txt	c3bd2222ea7ee13cd47400599a82de9c5a02d52d	175	review-evidence-or-register	in-scope: inspect before extraction/deletion	False	not-started	
docs/review/evidence/buster-provider-axe-original.txt	82898c5746dba6dd822d73e1048c9e9598b874ec	1622	review-evidence-or-register	in-scope: inspect before extraction/deletion	False	not-started	
docs/review/evidence/buster-provider-boundaries.txt	3f70566cdb34434614b6204745fbc1313274c035	666	review-evidence-or-register	in-scope: inspect before extraction/deletion	False	not-started	
docs/review/evidence/buster-provider-coverage-budget-original.txt	7ea4b97ff82e89a25133d49ab12305cd05652ee1	145	review-evidence-or-register	in-scope: inspect before extraction/deletion	False	not-started	
docs/review/evidence/buster-provider-http-original.txt	9719bc77236dcccd5035d419063ab2d99f160321	166	review-evidence-or-register	in-scope: inspect before extraction/deletion	False	not-started	
docs/review/evidence/buster-provider-inventory-updates.json	d0c51995bddbb91b0a06ac8fa8f034f6a7115016	4327	review-evidence-or-register	in-scope: inspect before extraction/deletion	False	not-started	
docs/review/evidence/buster-provider-junit-isolated-original.txt	756fdece4d91f8a959b91f9c92292303c27a186b	989	review-evidence-or-register	in-scope: inspect before extraction/deletion	False	not-started	
docs/review/evidence/buster-provider-junit-report-adapter-original.txt	ba4b0bbd7a81c01cbaaca01506c566ed3d1bc26b	165	review-evidence-or-register	in-scope: inspect before extraction/deletion	False	not-started	
docs/review/evidence/buster-provider-lighthouse-original.txt	3de63992db1a59d13026ff83809ae77189755564	587	review-evidence-or-register	in-scope: inspect before extraction/deletion	False	not-started	
docs/review/evidence/buster-provider-openapi-original.txt	c4bac4be8fce076d706c609bd5252c19e695a8b7	152	review-evidence-or-register	in-scope: inspect before extraction/deletion	False	not-started	
docs/review/evidence/buster-provider-playwright-original.txt	0f75c8b05f745a460989154c791d0ae1a9e156dc	757	review-evidence-or-register	in-scope: inspect before extraction/deletion	False	not-started	
docs/review/evidence/buster-provider-playwright-report-original.txt	b038a0d5db25309dd0cf5df77861f43dc22673ef	214	review-evidence-or-register	in-scope: inspect before extraction/deletion	False	not-started	
docs/review/evidence/buster-provider-size-budget-original.txt	a712c64667a36fba68a5171752a7ba17936cbc4d	173	review-evidence-or-register	in-scope: inspect before extraction/deletion	False	not-started	
docs/review/evidence/buster-provider-visual-original.txt	4142f28065d50c5a0347abb666f34bf48bb81359	579	review-evidence-or-register	in-scope: inspect before extraction/deletion	False	not-started	
docs/review/evidence/buster-readiness-consumers.txt	e1d3ea526b0e99c575d00ee5fa84a2b6011b1722	448	review-evidence-or-register	in-scope: inspect before extraction/deletion	False	not-started	
docs/review/evidence/buster-readiness-deployment-final.txt	2becfcfdcb3b2d403f03166a4c966163a308d7b7	102	review-evidence-or-register	in-scope: inspect before extraction/deletion	False	not-started	
docs/review/evidence/buster-readiness-deployment.txt	9b4aed9a12782b7b114382d8fb4226a6813bb6f9	11948	review-evidence-or-register	in-scope: inspect before extraction/deletion	False	not-started	
docs/review/evidence/buster-readiness-http-baseline-lint.txt	355336cffe892830f8926f7536a507ded23c031b	268	review-evidence-or-register	in-scope: inspect before extraction/deletion	False	not-started	
docs/review/evidence/buster-readiness-lint.txt	3623060cb4c4dd7c97813dbd5f275978a04bf53e	1541	review-evidence-or-register	in-scope: inspect before extraction/deletion	False	not-started	
docs/review/evidence/buster-readiness-original-runtime.txt	c27172d26a45590bb35fe54b3c88bd42116a403f	506	review-evidence-or-register	in-scope: inspect before extraction/deletion	False	not-started	
docs/review/evidence/buster-readiness-production-baseline-lint.txt	3b68e05490b3ae0c4016d7b41b166975748d29c7	769	review-evidence-or-register	in-scope: inspect before extraction/deletion	False	not-started	
docs/review/evidence/buster-readiness-service-baseline-lint.txt	4e66978bbee581f15ebafcee8b154e7b4445eeee	680	review-evidence-or-register	in-scope: inspect before extraction/deletion	False	not-started	
docs/review/evidence/buster-readiness-tests.txt	90fb3e7139e4b3275466e8de78b4e80a8403cab5	841	review-evidence-or-register	in-scope: inspect before extraction/deletion	False	not-started	
docs/review/evidence/buster-readiness-types.txt	83b5f9d4df0d01aa0059b4e2ce67617225986b34	99	review-evidence-or-register	in-scope: inspect before extraction/deletion	False	not-started	
docs/review/evidence/buster-security-live-original.txt	fcfb7ca51d1878c4a9f24e95db8e5acd5571e6df	705	review-evidence-or-register	in-scope: inspect before extraction/deletion	False	not-started	
docs/review/evidence/buster-tailscale-implementation-original.txt	1f900cfd9df819e3df2a73224839f4db55fa991a	761	review-evidence-or-register	in-scope: inspect before extraction/deletion	False	not-started	
docs/review/evidence/buster-tailscale-validation-original.txt	cb1e8ab1160f4cd521d30bcc4bd8d7c1e0ea86b7	245	review-evidence-or-register	in-scope: inspect before extraction/deletion	False	not-started	
docs/review/evidence/capabilities-inventory-updates.json	8165afec5c1341cf0ce31dcc05474ffd62e843a6	3428	review-evidence-or-register	in-scope: inspect before extraction/deletion	False	not-started	
docs/review/evidence/capability-adapter-probes-results.md	ff4f75d8dc97bc792b3c8a7afd78a7fb06cc4802	1317	review-text	in-scope: inspect before extraction/deletion	False	not-started	
docs/review/evidence/defect-reproductions.txt	14e57b7976937130851345fe14de416b0e59afc3	332	review-evidence-or-register	in-scope: inspect before extraction/deletion	False	not-started	
docs/review/evidence/demo-auth-evidence-independent.txt	e07bb4d0cafa7e9d0c121a40706f4b701b776571	2106	review-evidence-or-register	in-scope: inspect before extraction/deletion	False	not-started	
docs/review/evidence/demo-generation-buster-tsc.txt	83b5f9d4df0d01aa0059b4e2ce67617225986b34	99	review-evidence-or-register	in-scope: inspect before extraction/deletion	False	not-started	
docs/review/evidence/demo-generation-lint-baseline.txt	8c20faff2a52f52b7223ad9a279946747f6b3366	1233	review-evidence-or-register	in-scope: inspect before extraction/deletion	False	not-started	
docs/review/evidence/demo-generation-receipt-lint.txt	50f4f5505450404f693e8f0a5e0971cca9ed4e88	1094	review-evidence-or-register	in-scope: inspect before extraction/deletion	False	not-started	
docs/review/evidence/demo-generation-receipt-nova-tsc.txt	83b5f9d4df0d01aa0059b4e2ce67617225986b34	99	review-evidence-or-register	in-scope: inspect before extraction/deletion	False	not-started	
docs/review/evidence/demo-generation-receipt-root.txt	a80d0855f2e2a0222650402ce23dd5253dccaed4	1004	review-evidence-or-register	in-scope: inspect before extraction/deletion	False	not-started	
docs/review/evidence/demo-generation-receipt-tests.txt	50941e6260512584b3ce6d4fc2c0ac800550a7cd	1004	review-evidence-or-register	in-scope: inspect before extraction/deletion	False	not-started	
docs/review/evidence/demo-handoff-cli-baseline-lint.txt	091f2d339254c2df67d651b6b0d671941775cc0b	811	review-evidence-or-register	in-scope: inspect before extraction/deletion	False	not-started	
docs/review/evidence/demo-handoff-compiler-compatibility.txt	86fffa4721c31641485cd6063bd0122487fe4ebe	69	review-evidence-or-register	in-scope: inspect before extraction/deletion	False	not-started	
docs/review/evidence/demo-handoff-input-tests.txt	c61a2b6ffee7b1aea4d13729862a5d8994d80491	321	review-evidence-or-register	in-scope: inspect before extraction/deletion	False	not-started	
docs/review/evidence/demo-handoff-interop.txt	3d00ce86981fde83b238978ef08e02572aebb5e8	246	review-evidence-or-register	in-scope: inspect before extraction/deletion	False	not-started	
docs/review/evidence/demo-handoff-lint.txt	091f2d339254c2df67d651b6b0d671941775cc0b	811	review-evidence-or-register	in-scope: inspect before extraction/deletion	False	not-started	
docs/review/evidence/demo-handoff-nova-types.txt	83b5f9d4df0d01aa0059b4e2ce67617225986b34	99	review-evidence-or-register	in-scope: inspect before extraction/deletion	False	not-started	
docs/review/evidence/demo-handoff-package-tests.txt	2d6093607b78b18a863500292e6d43780fe86e87	692	review-evidence-or-register	in-scope: inspect before extraction/deletion	False	not-started	
docs/review/evidence/demo-handoff-packages.txt	3842fb700ce4c63fb2b303f76afea351da6092e7	2044	review-evidence-or-register	in-scope: inspect before extraction/deletion	False	not-started	
docs/review/evidence/demo-handoff-production-lint.txt	83b5f9d4df0d01aa0059b4e2ce67617225986b34	99	review-evidence-or-register	in-scope: inspect before extraction/deletion	False	not-started	
docs/review/evidence/demo-handoff-shared-types.txt	83b5f9d4df0d01aa0059b4e2ce67617225986b34	99	review-evidence-or-register	in-scope: inspect before extraction/deletion	False	not-started	
docs/review/evidence/demo-handoff-test-lint.txt	83b5f9d4df0d01aa0059b4e2ce67617225986b34	99	review-evidence-or-register	in-scope: inspect before extraction/deletion	False	not-started	
docs/review/evidence/demo-handoff-types.txt	83b5f9d4df0d01aa0059b4e2ce67617225986b34	99	review-evidence-or-register	in-scope: inspect before extraction/deletion	False	not-started	
docs/review/evidence/demo-initial-retention-chart-tests.txt	f6e35dcd585b6c1b9d6248bd5aefa2d4ec8d93b2	493	review-evidence-or-register	in-scope: inspect before extraction/deletion	False	not-started	
docs/review/evidence/demo-initial-retention-default-pruning-after.txt	93ccb2572a32199edcbacbc27d56b16cc264ecc5	71	review-evidence-or-register	in-scope: inspect before extraction/deletion	False	not-started	
docs/review/evidence/demo-initial-retention-default-pruning-before.txt	8b05be4145cd1eb70028a7728cada66b4a3db5e1	578	review-evidence-or-register	in-scope: inspect before extraction/deletion	False	not-started	
docs/review/evidence/demo-initial-retention-tests.txt	5107616ff1c28d00f3f31e61e90f844fe928e1f5	71	review-evidence-or-register	in-scope: inspect before extraction/deletion	False	not-started	
docs/review/evidence/demo-ready-chart-tests.txt	9734fa4222bff731082da28de6f94fdf8d63b9a7	492	review-evidence-or-register	in-scope: inspect before extraction/deletion	False	not-started	
docs/review/evidence/demo-ready-controller-tests.txt	34e6025b077c3c02da4ef0601eee12c9c34eada7	71	review-evidence-or-register	in-scope: inspect before extraction/deletion	False	not-started	
docs/review/evidence/demo-retention-independent-default-pruning-final.txt	2348ba3511d52ca3ae6421301ff97292701b74de	71	review-evidence-or-register	in-scope: inspect before extraction/deletion	False	not-started	
docs/review/evidence/demo-retention-independent-final-go.txt	e6765ec382a80fa82b18ee2d6fd09e1913cf882b	71	review-evidence-or-register	in-scope: inspect before extraction/deletion	False	not-started	
docs/review/evidence/demo-retention-independent-final-helm.txt	add57d5ad1efba2886024a21a0c6bcc0f94f0fd8	493	review-evidence-or-register	in-scope: inspect before extraction/deletion	False	not-started	
docs/review/evidence/demo-retention-independent-malformed-final.txt	bffcdcda1d843eb8589b1b8df0333f14cc8e874a	71	review-evidence-or-register	in-scope: inspect before extraction/deletion	False	not-started	
docs/review/evidence/effects-tests.txt	0e714b6b6a90f357fe985371e9505b22cf356028	248	review-evidence-or-register	in-scope: inspect before extraction/deletion	False	not-started	
docs/review/evidence/evidence-resource-lock-lint.txt	83b5f9d4df0d01aa0059b4e2ce67617225986b34	99	review-evidence-or-register	in-scope: inspect before extraction/deletion	False	not-started	
docs/review/evidence/evidence-resource-lock-tests.txt	0a02d310610b5b97c394be85296b3c62da1801c5	261	review-evidence-or-register	in-scope: inspect before extraction/deletion	False	not-started	
docs/review/evidence/evidence-resource-lock-tsc.txt	83b5f9d4df0d01aa0059b4e2ce67617225986b34	99	review-evidence-or-register	in-scope: inspect before extraction/deletion	False	not-started	
docs/review/evidence/foundation-tests.txt	83bcb306bdb94a66a5d9f0a29bd20b004b2fd30c	1081	review-evidence-or-register	in-scope: inspect before extraction/deletion	False	not-started	
docs/review/evidence/gate-coverage-tests.txt	cfacf614c327219d1eb84d746c2f8dac501da711	2246	review-evidence-or-register	in-scope: inspect before extraction/deletion	False	not-started	
docs/review/evidence/github-action-pins.txt	752096f1d6c559d1f9d6ca7dff75c5f213a8e91b	2474	review-evidence-or-register	in-scope: inspect before extraction/deletion	False	not-started	
docs/review/evidence/integration-2d1ea1a/README.md	c03284c4ab55895b210d4accc303b8353d8661f4	635	review-text	in-scope: inspect before extraction/deletion	False	not-started	
docs/review/evidence/integration-2d1ea1a/case-report.txt	4bbcfa481f769c9bc88f76700e0586167880ea76	488	review-evidence-or-register	in-scope: inspect before extraction/deletion	False	not-started	
docs/review/evidence/integration-2d1ea1a/ci-versions.txt	631acd466431511f8136f22df98308fb8623ef89	1169	review-evidence-or-register	in-scope: inspect before extraction/deletion	False	not-started	
docs/review/evidence/integration-2d1ea1a/coverage.txt	d32aa9714f98cd774f3640788262a7a584a6479e	513	review-evidence-or-register	in-scope: inspect before extraction/deletion	False	not-started	
docs/review/evidence/integration-2d1ea1a/delivery.txt	1e502a8830d7135f9f2daf47c0efe507e3a6f575	1189	review-evidence-or-register	in-scope: inspect before extraction/deletion	False	not-started	
docs/review/evidence/integration-2d1ea1a/manifest.json	28b413b3901140a2809715740c3659ccb6ae2701	3898	review-evidence-or-register	in-scope: inspect before extraction/deletion	False	not-started	
docs/review/evidence/integration-2d1ea1a/pipeline-report.txt	366264c9887b2a760b85c419c9143debd72b1050	508	review-evidence-or-register	in-scope: inspect before extraction/deletion	False	not-started	
docs/review/evidence/integration-2d1ea1a/preflight.txt	9e344a384eec071f603865ca319a730eb4602e5e	502	review-evidence-or-register	in-scope: inspect before extraction/deletion	False	not-started	
docs/review/evidence/integration-2d1ea1a/prism-receivers.txt	0419124dc55489cf8558e299f2df213af9721bda	2937	review-evidence-or-register	in-scope: inspect before extraction/deletion	False	not-started	
docs/review/evidence/integration-2d1ea1a/runtime-identity.txt	a97d73259c6520c18b3d23b5740de5b56a3006d7	2471	review-evidence-or-register	in-scope: inspect before extraction/deletion	False	not-started	
docs/review/evidence/integration-2d1ea1a/shared-types.txt	5a7919db50346198e2f60095a3c650b1b1621d93	94	review-evidence-or-register	in-scope: inspect before extraction/deletion	False	not-started	
docs/review/evidence/integration-2d1ea1a/studio-types.txt	d2516821ee7139801900b0be4764e6fb164815d5	85	review-evidence-or-register	in-scope: inspect before extraction/deletion	False	not-started	
docs/review/evidence/integration-2d1ea1a/version-generation.txt	257e485e2f4c7cf3dded80a55c3e1bb822c05785	64	review-evidence-or-register	in-scope: inspect before extraction/deletion	False	not-started	
docs/review/evidence/integration-2d1ea1a/worker-contract.txt	53058fbb8777ea901d0569ced2a26e9b533e288e	193	review-evidence-or-register	in-scope: inspect before extraction/deletion	False	not-started	
docs/review/evidence/integration-2d1ea1a/worker-executor.txt	10d9d04f0002da55c2591a4a63835a91d479c939	139	review-evidence-or-register	in-scope: inspect before extraction/deletion	False	not-started	
docs/review/evidence/integration-2d1ea1a/worker-local.txt	7e2f51a3ff5bc714e3db708bcf62faf1a2f777b6	167	review-evidence-or-register	in-scope: inspect before extraction/deletion	False	not-started	
docs/review/evidence/integration-ab79ad9/checkpoint.md	f05adcfd21a00261f2f46fd46e81189c9e79e709	3931	review-text	in-scope: inspect before extraction/deletion	False	not-started	
docs/review/evidence/integration-ab79ad9/core-1.log	cdc910d73890e1e304d7d7a1ecd112e472516109	496	review-evidence-or-register	in-scope: inspect before extraction/deletion	False	not-started	
docs/review/evidence/integration-ab79ad9/core-2.log	3f8ce740fbac6db4d893d9e42d2d864fdb151dd4	537	review-evidence-or-register	in-scope: inspect before extraction/deletion	False	not-started	
docs/review/evidence/integration-ab79ad9/core-3.log	96678f5889c7adbdd8af4303397f2c0622c191bc	556	review-evidence-or-register	in-scope: inspect before extraction/deletion	False	not-started	
docs/review/evidence/integration-ab79ad9/core-4.log	34f3cbf41c7ce0d5c14d2ffca3fdc8829c113615	636	review-evidence-or-register	in-scope: inspect before extraction/deletion	False	not-started	
docs/review/evidence/integration-ab79ad9/core-5.log	d2997f4b470c326d6ca360972a2c29aaf0e10a8b	843	review-evidence-or-register	in-scope: inspect before extraction/deletion	False	not-started	
docs/review/evidence/integration-ab79ad9/core-6.log	c9c7d1c6430a4a5aec053c42f4ad76dc59501ba2	262	review-evidence-or-register	in-scope: inspect before extraction/deletion	False	not-started	
docs/review/evidence/integration-ab79ad9/core.json	3ab795d5c5edb0b25cec28ffcd3a4e3edd09e4c3	1538	review-evidence-or-register	in-scope: inspect before extraction/deletion	False	not-started	
docs/review/evidence/integration-ab79ad9/manifest.json	64d26d36a4dd1c13aacd0c2f34df6460eeb1655f	5103	review-evidence-or-register	in-scope: inspect before extraction/deletion	False	not-started	
docs/review/evidence/integration-ab79ad9/prism-1.log	b920ccc75cb92e7a6730d26b6c28b723a6f13df3	3996	review-evidence-or-register	in-scope: inspect before extraction/deletion	False	not-started	
docs/review/evidence/integration-ab79ad9/prism-2.log	cd41a759d30859a6e33d6ddb238fbdb5abcc9fa4	2222	review-evidence-or-register	in-scope: inspect before extraction/deletion	False	not-started	
docs/review/evidence/integration-ab79ad9/prism-3.log	9d0caee874d57f1e41624aa9dbf4d67b6a78088a	263	review-evidence-or-register	in-scope: inspect before extraction/deletion	False	not-started	
docs/review/evidence/integration-ab79ad9/prism.json	51eb852d4ad3b238e0beb2ac91e287576f62394f	1219	review-evidence-or-register	in-scope: inspect before extraction/deletion	False	not-started	
docs/review/evidence/integration-ab79ad9/release-scaffold-source-1.log	4a88cc1719afefd4959a01540b3f4b4113ee2eef	1789	review-evidence-or-register	in-scope: inspect before extraction/deletion	False	not-started	
docs/review/evidence/integration-ab79ad9/release-scaffold-source-2.log	d4460104e27d9dd1d4709cd540cf5c77be4ed9c3	181	review-evidence-or-register	in-scope: inspect before extraction/deletion	False	not-started	
docs/review/evidence/integration-ab79ad9/release-scaffold-source-3.log	a4f08bc4df2583a27e8e70cfcc7fb795a5fb0420	3102	review-evidence-or-register	in-scope: inspect before extraction/deletion	False	not-started	
docs/review/evidence/integration-ab79ad9/release-scaffold-source-4.log	dbc3566cc76f14512bdd9f3bf3c00c951e0fd4ee	292	review-evidence-or-register	in-scope: inspect before extraction/deletion	False	not-started	
docs/review/evidence/integration-ab79ad9/release-scaffold-source-5.log	02645899aec0c7c6b9797f0ee679d8c30c6dd466	1854	review-evidence-or-register	in-scope: inspect before extraction/deletion	False	not-started	
docs/review/evidence/integration-ab79ad9/release-scaffold-source.json	b7bd1a93c70b9d64418f270b7dbc4132708594ca	1684	review-evidence-or-register	in-scope: inspect before extraction/deletion	False	not-started	
docs/review/evidence/integration-ab79ad9/run.py	8ee94b9199e2b97151eea3eb913550faa4c1a841	2475	review-evidence-or-register	in-scope: inspect before extraction/deletion	False	not-started	
docs/review/evidence/integration-d7522dd/README.md	d759d012c78cd0048466c8e478187126c4bcd1d2	859	review-text	in-scope: inspect before extraction/deletion	False	not-started	
docs/review/evidence/integration-d7522dd/buster-typecheck.txt	c34bccf7ba73005a32d23ebf5bde1257b24a477c	134	review-evidence-or-register	in-scope: inspect before extraction/deletion	False	not-started	
docs/review/evidence/integration-d7522dd/compiler.txt	b201c65b420400cee479ecb844185c26f598e734	195	review-evidence-or-register	in-scope: inspect before extraction/deletion	False	not-started	
docs/review/evidence/integration-d7522dd/demo-auth.initial.txt	2b0173e152c81b93fd755c06941f12fade773785	2892	review-evidence-or-register	in-scope: inspect before extraction/deletion	False	not-started	
docs/review/evidence/integration-d7522dd/demo-auth.txt	ed632ae3c1c615a346da4f3a386f32e2f318d55c	727	review-evidence-or-register	in-scope: inspect before extraction/deletion	False	not-started	
docs/review/evidence/integration-d7522dd/go-controller.initial.txt	10ee61fa2265028eef7fa7be66cd4527884343d0	53	review-evidence-or-register	in-scope: inspect before extraction/deletion	False	not-started	
docs/review/evidence/integration-d7522dd/go-controller.txt	dba682395efb8e7d46d6ba75e911c8714158ebb7	187	review-evidence-or-register	in-scope: inspect before extraction/deletion	False	not-started	
docs/review/evidence/integration-d7522dd/http-provider.txt	c085a117a85d0b159256dae78775ca4f5f4c5fe8	291	review-evidence-or-register	in-scope: inspect before extraction/deletion	False	not-started	
docs/review/evidence/integration-d7522dd/manifest.initial.json	76b65fc54f535bb2027d0123bfc3c7de736f4acc	10652	review-evidence-or-register	in-scope: inspect before extraction/deletion	False	not-started	
docs/review/evidence/integration-d7522dd/manifest.json	0b77a709d1c988705902645f96695e2a92bd0577	12717	review-evidence-or-register	in-scope: inspect before extraction/deletion	False	not-started	
docs/review/evidence/integration-d7522dd/nova-typecheck.txt	a435d23deddf34952640ed2ac645439ee5fb293b	125	review-evidence-or-register	in-scope: inspect before extraction/deletion	False	not-started	
docs/review/evidence/integration-d7522dd/remote-test-gate.initial.txt	1f30dbbab06f268599bf0bb619e53494db51bbac	2618	review-evidence-or-register	in-scope: inspect before extraction/deletion	False	not-started	
docs/review/evidence/integration-d7522dd/remote-test-gate.txt	fbe1a573963c10ba383218d00e535c9cab8f1c5e	634	review-evidence-or-register	in-scope: inspect before extraction/deletion	False	not-started	
docs/review/evidence/integration-d7522dd/shared-typecheck.txt	3875db632395309c4d12a2355c5fd8d2aea69f7d	142	review-evidence-or-register	in-scope: inspect before extraction/deletion	False	not-started	
docs/review/evidence/integration-d9fd619/README.md	7d7ffb8c93dcf45e6a75356525076f690a58bb28	788	review-text	in-scope: inspect before extraction/deletion	False	not-started	
docs/review/evidence/integration-d9fd619/consumers.txt	f696f3405c30c8ae1618ba00d2eb943ccf0e2768	1244	review-evidence-or-register	in-scope: inspect before extraction/deletion	False	not-started	
docs/review/evidence/integration-d9fd619/identity.txt	1a5883d3ded115a45bdaba9f4f6dec363a081806	416	review-evidence-or-register	in-scope: inspect before extraction/deletion	False	not-started	
docs/review/evidence/integration-d9fd619/manifest.json	3f1f50848acc535f1e94622c3686168463a08e72	1583	review-evidence-or-register	in-scope: inspect before extraction/deletion	False	not-started	
docs/review/evidence/integration-d9fd619/operator-types.txt	ebff890d9f4d7a2dcd0a92e9018a0b2a3a08b32d	494	review-evidence-or-register	in-scope: inspect before extraction/deletion	False	not-started	
docs/review/evidence/integration-d9fd619/workspace-links.json	9fae8c868caecffd7b972da015fa6b0702c94114	11081	review-evidence-or-register	in-scope: inspect before extraction/deletion	False	not-started	
docs/review/evidence/integration-e03f7dc/README.md	f10ffff89769acb474aeb45450c400afa393dda4	854	review-text	in-scope: inspect before extraction/deletion	False	not-started	
docs/review/evidence/integration-e03f7dc/container-source-cutover.txt	aea98ef39876941f73725c7ccdf438408da8b6b7	420	review-evidence-or-register	in-scope: inspect before extraction/deletion	False	not-started	
docs/review/evidence/integration-e03f7dc/deployment-truth-449f7af.txt	2becfcfdcb3b2d403f03166a4c966163a308d7b7	102	review-evidence-or-register	in-scope: inspect before extraction/deletion	False	not-started	
docs/review/evidence/integration-e03f7dc/deployment-truth.txt	741d050729a9a15fba3d24f94e1709b00f949a72	854	review-evidence-or-register	in-scope: inspect before extraction/deletion	False	not-started	
docs/review/evidence/integration-e03f7dc/go-race.txt	12f9de7cae116d8e79287f173a56af3a9168b4c2	71	review-evidence-or-register	in-scope: inspect before extraction/deletion	False	not-started	
docs/review/evidence/integration-e03f7dc/manifest.json	be4be7fdcf4accd546430119cee662585951d2d0	4085	review-evidence-or-register	in-scope: inspect before extraction/deletion	False	not-started	
docs/review/evidence/integration-e03f7dc/ready-helm.txt	b8f4fd21589bae78b7ddcbf191c537fd741f148c	493	review-evidence-or-register	in-scope: inspect before extraction/deletion	False	not-started	
docs/review/evidence/integration-e03f7dc/registry-config.txt	de48d9ad1f71edbe244b83b9ddabe6e0febe7c3d	678	review-evidence-or-register	in-scope: inspect before extraction/deletion	False	not-started	
docs/review/evidence/integration-e03f7dc/registry-trivy-native.txt	9ce50fa03cd416587e0e6931bd5895d7656157c6	246	review-evidence-or-register	in-scope: inspect before extraction/deletion	False	not-started	
docs/review/evidence/integration-eb1d7cc/README.md	c2d31ad29807768cae4e7a24fe1bfd40124e7a01	737	review-text	in-scope: inspect before extraction/deletion	False	not-started	
docs/review/evidence/integration-eb1d7cc/buster-typecheck.txt	738240755d75137e3cb2402ab4e8b6878b100a4b	71	review-evidence-or-register	in-scope: inspect before extraction/deletion	False	not-started	
docs/review/evidence/integration-eb1d7cc/compaction.txt	9fb5a969918bcd88755348f079f73720921a42ed	1593	review-evidence-or-register	in-scope: inspect before extraction/deletion	False	not-started	
docs/review/evidence/integration-eb1d7cc/compiler.txt	1e278d3de761a16a19ff7d6201ab3f7844493714	132	review-evidence-or-register	in-scope: inspect before extraction/deletion	False	not-started	
docs/review/evidence/integration-eb1d7cc/manifest.json	1c068f606804fff784c236363345500ee7d16f97	12123	review-evidence-or-register	in-scope: inspect before extraction/deletion	False	not-started	
docs/review/evidence/integration-eb1d7cc/nova-typecheck.txt	86449f085cccb90a0a5011d0b4ece9a01bcfd4a2	62	review-evidence-or-register	in-scope: inspect before extraction/deletion	False	not-started	
docs/review/evidence/integration-eb1d7cc/planner.txt	0c67d7a3c2d2338e530421b4c6107b14e070259e	1610	review-evidence-or-register	in-scope: inspect before extraction/deletion	False	not-started	
docs/review/evidence/integration-eb1d7cc/project-source.txt	b242bef8bbde3a62c1939ecfaa5c95d977884639	1111	review-evidence-or-register	in-scope: inspect before extraction/deletion	False	not-started	
docs/review/evidence/integration-eb1d7cc/remote-runtime.txt	2e047ad0992d7ad96d1ef4cc5688fb1e0ee39687	308	review-evidence-or-register	in-scope: inspect before extraction/deletion	False	not-started	
docs/review/evidence/integration-eb1d7cc/shared-typecheck.txt	51b370b489d844586a0c604e1236bf2265cedbc6	79	review-evidence-or-register	in-scope: inspect before extraction/deletion	False	not-started	
docs/review/evidence/integration-f10ad7a/README.md	63797a5b4b5eb059b69a7901e85deb6acb16d6fd	767	review-text	in-scope: inspect before extraction/deletion	False	not-started	
docs/review/evidence/integration-f10ad7a/artifact.txt	f2ef62069f00df246ee7f409b5dc43b3ede5732b	340	review-evidence-or-register	in-scope: inspect before extraction/deletion	False	not-started	
docs/review/evidence/integration-f10ad7a/buster-tsc.txt	94748d92368f4c6e96ff6c8cbc69d70a7e2bff43	111	review-evidence-or-register	in-scope: inspect before extraction/deletion	False	not-started	
docs/review/evidence/integration-f10ad7a/case.txt	019bcd5536ae1461fe2d65904ddbb1a712237c6a	449	review-evidence-or-register	in-scope: inspect before extraction/deletion	False	not-started	
docs/review/evidence/integration-f10ad7a/cleanup.txt	52bef17bd618f8883bce34f2d00775e1810ac9c1	2323	review-evidence-or-register	in-scope: inspect before extraction/deletion	False	not-started	
docs/review/evidence/integration-f10ad7a/generation.txt	1f542ab3526aba057a6879660cfb842173d22297	1014	review-evidence-or-register	in-scope: inspect before extraction/deletion	False	not-started	
docs/review/evidence/integration-f10ad7a/manifest.json	6e0ee51a94b86dbeae75272ac06db8393cca326a	3085	review-evidence-or-register	in-scope: inspect before extraction/deletion	False	not-started	
docs/review/evidence/integration-f10ad7a/nova-tsc.txt	94748d92368f4c6e96ff6c8cbc69d70a7e2bff43	111	review-evidence-or-register	in-scope: inspect before extraction/deletion	False	not-started	
docs/review/evidence/integration-f10ad7a/review.txt	a697ec705cc73aff92c7b0e657b2c78c0f8ebfc1	464	review-evidence-or-register	in-scope: inspect before extraction/deletion	False	not-started	
docs/review/evidence/integration-f10ad7a/source.txt	8a5a4663a5269dc3d38139c8bd93d8397bf28ede	1194	review-evidence-or-register	in-scope: inspect before extraction/deletion	False	not-started	
docs/review/evidence/integration-f10ad7a/workspace-links.json	9fae8c868caecffd7b972da015fa6b0702c94114	11081	review-evidence-or-register	in-scope: inspect before extraction/deletion	False	not-started	
docs/review/evidence/integration-f308063/README.md	ad84f10b00ac7161d12af411406a6721cd0c54c7	792	review-text	in-scope: inspect before extraction/deletion	False	not-started	
docs/review/evidence/integration-f308063/buster-tsc.txt	94748d92368f4c6e96ff6c8cbc69d70a7e2bff43	111	review-evidence-or-register	in-scope: inspect before extraction/deletion	False	not-started	
docs/review/evidence/integration-f308063/go-race.txt	70185271b22182a19faa5a18d238c4d3f36b240c	83	review-evidence-or-register	in-scope: inspect before extraction/deletion	False	not-started	
docs/review/evidence/integration-f308063/ingestion-helm.txt	ca7248f143bdbdd03c5292161220c082316b6b33	431	review-evidence-or-register	in-scope: inspect before extraction/deletion	False	not-started	
docs/review/evidence/integration-f308063/ingestion-service.txt	ce4151eaca30d343aefa4baa62860fefa4d6b5d4	356	review-evidence-or-register	in-scope: inspect before extraction/deletion	False	not-started	
docs/review/evidence/integration-f308063/manifest.json	32d5aa744c768d0147052cc90065224c66463467	3435	review-evidence-or-register	in-scope: inspect before extraction/deletion	False	not-started	
docs/review/evidence/integration-f308063/nova-tsc.txt	94748d92368f4c6e96ff6c8cbc69d70a7e2bff43	111	review-evidence-or-register	in-scope: inspect before extraction/deletion	False	not-started	
docs/review/evidence/integration-f308063/production-config.txt	899d3c97a1c61cbe0254a88818b8a0d9b3b53521	115	review-evidence-or-register	in-scope: inspect before extraction/deletion	False	not-started	
docs/review/evidence/integration-f308063/ready-helm.txt	a03315103cb442559946bd518b7b73d36815d756	504	review-evidence-or-register	in-scope: inspect before extraction/deletion	False	not-started	
docs/review/evidence/integration-f308063/registry-health.txt	50803849048bb14adec6a2ea938f1e279f603fa6	469	review-evidence-or-register	in-scope: inspect before extraction/deletion	False	not-started	
docs/review/evidence/integration-f308063/workspace-links.json	9fae8c868caecffd7b972da015fa6b0702c94114	11081	review-evidence-or-register	in-scope: inspect before extraction/deletion	False	not-started	
docs/review/evidence/integration-f308063/workspace.txt	93589e90a23f575c1c5ef6e5f2ffb7d182ca0d53	5713	review-evidence-or-register	in-scope: inspect before extraction/deletion	False	not-started	
docs/review/evidence/inventory-closure.json	92f7c1c99b7d21975782d233107d4a5968f71ac2	15198	review-evidence-or-register	in-scope: inspect before extraction/deletion	False	not-started	
docs/review/evidence/isolation-tests.txt	debde17c933b8dc959d5bc9990ee63c52754df8b	3328	review-evidence-or-register	in-scope: inspect before extraction/deletion	False	not-started	
docs/review/evidence/lint-boundary-probes-results.txt	cfc2c11c305fe0549f3f39b401960955b4f18c02	507	review-evidence-or-register	in-scope: inspect before extraction/deletion	False	not-started	
docs/review/evidence/lint-manifest-original-test.txt	26a08c721d809f32c956def7546bc0c0bb143ce6	1644	review-evidence-or-register	in-scope: inspect before extraction/deletion	False	not-started	
docs/review/evidence/lint-original-tests.txt	96fec962d5d9e133bccbac68c5ca7e7077f95980	18367	review-evidence-or-register	in-scope: inspect before extraction/deletion	False	not-started	
docs/review/evidence/litellm-pinned-provenance.json	793134cf1291c254a682d41206613c072baf63a1	3528	review-evidence-or-register	in-scope: inspect before extraction/deletion	False	not-started	
docs/review/evidence/nova-archive-budget.mjs	3f8c6adf2331d87556435cfa2c6450986193125b	3282	review-evidence-or-register	in-scope: inspect before extraction/deletion	False	not-started	
docs/review/evidence/nova-archive-budget.txt	f281279fbe5bc70151e516eebbfff974fd9649f7	103	review-evidence-or-register	in-scope: inspect before extraction/deletion	False	not-started	
docs/review/evidence/nova-batch-blueprint-sync-tests.txt	7f8c64d9033bc72105bed80212b0b5e53689dde3	415	review-evidence-or-register	in-scope: inspect before extraction/deletion	False	not-started	
docs/review/evidence/nova-batch-buster-quality-gate-tests.txt	32c8bb1800d93da60beb15fdb265e9c19de09d15	556	review-evidence-or-register	in-scope: inspect before extraction/deletion	False	not-started	
docs/review/evidence/nova-batch-case-study-tests.txt	b5a47597d0af90bc2c0c1fa5b819fb46d968a7af	427	review-evidence-or-register	in-scope: inspect before extraction/deletion	False	not-started	
docs/review/evidence/nova-batch-delivery-lint-tests.txt	7cd894131534e3c989e2db9d93f6083265e6df01	413	review-evidence-or-register	in-scope: inspect before extraction/deletion	False	not-started	
docs/review/evidence/nova-batch-human-approval-tests.txt	76bc9bc19fcb2d4eacf855072cc920f469cb13ec	568	review-evidence-or-register	in-scope: inspect before extraction/deletion	False	not-started	
docs/review/evidence/nova-batch-implementation-agent-tests.txt	98a977026063128f6b2cdada0a7cc15b2dd69c4c	467	review-evidence-or-register	in-scope: inspect before extraction/deletion	False	not-started	
docs/review/evidence/nova-batch-pipeline-review-tests.txt	a3791642c2b1437e7085ad77bb2a9c8a60f7cee1	442	review-evidence-or-register	in-scope: inspect before extraction/deletion	False	not-started	
docs/review/evidence/nova-batch-preflight-contract-tests.txt	08850987d660e3e8011a74268b0fca56303e68a7	456	review-evidence-or-register	in-scope: inspect before extraction/deletion	False	not-started	
docs/review/evidence/nova-batch-prism-design-tests.txt	e15b12b4d1f9810353b6c4447fd966971b66bda6	417	review-evidence-or-register	in-scope: inspect before extraction/deletion	False	not-started	
docs/review/evidence/nova-batch-project-summary-tests.txt	b45416f112a0af3b44a5f69f5f25ff9da07e1d6e	472	review-evidence-or-register	in-scope: inspect before extraction/deletion	False	not-started	
docs/review/evidence/nova-batch-quality-real-provider-tests.txt	b75aae4b5e19da85e484be8e64663792508511be	5659	review-evidence-or-register	in-scope: inspect before extraction/deletion	False	not-started	
docs/review/evidence/nova-batch-remote-test-gate-tests.txt	e368bcc55272fade93efa245b16ba6d307c7abed	217	review-evidence-or-register	in-scope: inspect before extraction/deletion	False	not-started	
docs/review/evidence/nova-batch-repository-adapter-tests.txt	5ea0956744a557b8d58f4d55f6af2de5c3182921	349	review-evidence-or-register	in-scope: inspect before extraction/deletion	False	not-started	
docs/review/evidence/nova-batch-scaffold-tests.txt	c7139142d84a24fd28a88cc5773bfb349b57b93b	2531	review-evidence-or-register	in-scope: inspect before extraction/deletion	False	not-started	
docs/review/evidence/nova-execution-tests.txt	4fdbeedbca71378c28f96734e578ca8b01a08c42	829	review-evidence-or-register	in-scope: inspect before extraction/deletion	False	not-started	
docs/review/evidence/nova-inventory-updates.json	a5c2c255c4268adb08195b4cafbef12bef27faf2	5948	review-evidence-or-register	in-scope: inspect before extraction/deletion	False	not-started	
docs/review/evidence/nova-lifecycle-tests.txt	f79f8985cfe6ded4ccf3ed39baa3a440980ca7c3	513	review-evidence-or-register	in-scope: inspect before extraction/deletion	False	not-started	
docs/review/evidence/nova-observability-tests.txt	6155b0d418028452d0fbda5b77a5e23a7c5eba1d	209	review-evidence-or-register	in-scope: inspect before extraction/deletion	False	not-started	
docs/review/evidence/nova-operations-tests.txt	71b4f149f3fe91c5abdcac0e7daddb27a0408997	575	review-evidence-or-register	in-scope: inspect before extraction/deletion	False	not-started	
docs/review/evidence/nova-remote-timeouts-recheck.txt	ff7028168e38bf83e5697e8e57ea31cdb04ca5f2	318	review-evidence-or-register	in-scope: inspect before extraction/deletion	False	not-started	
docs/review/evidence/nova-remote-timeouts.txt	4bb4eea833769d1a786277563503d74a399a7ae2	282	review-evidence-or-register	in-scope: inspect before extraction/deletion	False	not-started	
docs/review/evidence/nova-resolver-examples.txt	01317c9c2c2a102eef04b19e3fd17d5d41a6078f	365	review-evidence-or-register	in-scope: inspect before extraction/deletion	False	not-started	
docs/review/evidence/nova-supervisor-status-failure.txt	b6b359e0e3ee85e01652f18261b194134c392873	123	review-evidence-or-register	in-scope: inspect before extraction/deletion	False	not-started	
docs/review/evidence/nova-telemetry-tests.txt	b85113cd570c3e2e626626b5653914946e9aace8	1197	review-evidence-or-register	in-scope: inspect before extraction/deletion	False	not-started	
docs/review/evidence/nova-test-gates-tests.txt	56881919aba0b8ef3721fdc13ae57205d99e2794	759	review-evidence-or-register	in-scope: inspect before extraction/deletion	False	not-started	
docs/review/evidence/observability-contract-tests.txt	a6f59658303f9fcdfda2318edf9afbd95a94e85c	1062	review-evidence-or-register	in-scope: inspect before extraction/deletion	False	not-started	
docs/review/evidence/observability-retirement-planner.txt	56703f5c89d62e4aa2dd09ecfe6cc70687942cad	1851	review-evidence-or-register	in-scope: inspect before extraction/deletion	False	not-started	
docs/review/evidence/observability-storage-tests.txt	358d1bad2a5753ca8621f7256f07c132cedbd566	753	review-evidence-or-register	in-scope: inspect before extraction/deletion	False	not-started	
docs/review/evidence/observers-agent-observability-tests.txt	926f78a03dea66f89770e7418f1689635e513426	551	review-evidence-or-register	in-scope: inspect before extraction/deletion	False	not-started	
docs/review/evidence/observers-boundaries.txt	ce242bdcb5dbb40d2db036eef320da85a3b6ee34	446	review-evidence-or-register	in-scope: inspect before extraction/deletion	False	not-started	
docs/review/evidence/observers-inventory-updates.json	11e1c48ea088c9f09013e5400e783824a9e4049e	3505	review-evidence-or-register	in-scope: inspect before extraction/deletion	False	not-started	
docs/review/evidence/observers-notification-observer-tests.txt	85b3e9f0cc04dacccc5ceb5ac1397a58f825d1f5	557	review-evidence-or-register	in-scope: inspect before extraction/deletion	False	not-started	
docs/review/evidence/observers-notification-retry.txt	0cb95993dc10d2947fdb06409892d72c4d6d46b0	163	review-evidence-or-register	in-scope: inspect before extraction/deletion	False	not-started	
docs/review/evidence/observers-openclaw-agent-events-tests.txt	42c9a4d57c77028292bb8c8819f23f032871298e	342	review-evidence-or-register	in-scope: inspect before extraction/deletion	False	not-started	
docs/review/evidence/observers-openclaw-agent-observer-tests.txt	a40cbfa6de4a3e034300a96b8c9316c53dbb296f	1234	review-evidence-or-register	in-scope: inspect before extraction/deletion	False	not-started	
docs/review/evidence/observers-operator-messaging-tests.txt	104795f7d78d9dca8ae3f886a25cf646c4964a93	351	review-evidence-or-register	in-scope: inspect before extraction/deletion	False	not-started	
docs/review/evidence/observers-redis-transport-tests.txt	926419a31d1cff239486dfce8c2cf5e6c203a72d	329	review-evidence-or-register	in-scope: inspect before extraction/deletion	False	not-started	
docs/review/evidence/observers-telemetry-observer-tests.txt	cd81d218459673e38cb3387685a535240e9ec4b1	496	review-evidence-or-register	in-scope: inspect before extraction/deletion	False	not-started	
docs/review/evidence/observers-telemetry-store-tests.txt	bdfda8cc821dd6263029594efb863108646f6a66	330	review-evidence-or-register	in-scope: inspect before extraction/deletion	False	not-started	
docs/review/evidence/observers-transport-publisher-tests.txt	c612eba31a56a195b4e536f6d4a5fb759824334a	476	review-evidence-or-register	in-scope: inspect before extraction/deletion	False	not-started	
docs/review/evidence/offline-generator-baseline-final.txt	c51839eab8f26a91715173f2378bc928570f73be	310	review-evidence-or-register	in-scope: inspect before extraction/deletion	False	not-started	
docs/review/evidence/offline-generator-coverage-final.txt	cf2f7643cc95790b68ea6a45d0c543ece9ac1e2f	1020	review-evidence-or-register	in-scope: inspect before extraction/deletion	False	not-started	
docs/review/evidence/offline-generator-failure-matrix-final.txt	7b9dc4d434e69aa25b2ad3aa4c4de9e32a10e572	72	review-evidence-or-register	in-scope: inspect before extraction/deletion	False	not-started	
docs/review/evidence/offline-generator-kubernetes-final.txt	9337a53145ef7273239c5d34daf152a836a23abe	974	review-evidence-or-register	in-scope: inspect before extraction/deletion	False	not-started	
docs/review/evidence/offline-generator-kubernetes-final2.txt	b25edeefd3f02c3ffdf9165fa4c04638d3f9a2b4	434	review-evidence-or-register	in-scope: inspect before extraction/deletion	False	not-started	
docs/review/evidence/offline-generator-kubernetes-initial.txt	d6a3ccbd5e10a28773d9a9f4db19bbcb9b448917	1732	review-evidence-or-register	in-scope: inspect before extraction/deletion	False	not-started	
docs/review/evidence/offline-generator-lint-final.txt	e69de29bb2d1d6434b8b29ae775ad8c2e48c5391	0	review-evidence-or-register	in-scope: inspect before extraction/deletion	False	not-started	
docs/review/evidence/offline-generator-lint-initial.txt	e69de29bb2d1d6434b8b29ae775ad8c2e48c5391	0	review-evidence-or-register	in-scope: inspect before extraction/deletion	False	not-started	
docs/review/evidence/offline-generator-production-graph-initial.txt	cfd2d8b8300f38233f64b7ad087ae472705c1156	226	review-evidence-or-register	in-scope: inspect before extraction/deletion	False	not-started	
docs/review/evidence/offline-generator-tailscale-final.txt	9e20169a9a893282bda9ec03a428fd41238a1faa	624	review-evidence-or-register	in-scope: inspect before extraction/deletion	False	not-started	
docs/review/evidence/offline-generator-v2-final.txt	ee9b7b1972162b754a4abf0a83c3800dd658083c	222	review-evidence-or-register	in-scope: inspect before extraction/deletion	False	not-started	
docs/review/evidence/offline-generator-v2-initial.txt	ee9b7b1972162b754a4abf0a83c3800dd658083c	222	review-evidence-or-register	in-scope: inspect before extraction/deletion	False	not-started	
docs/review/evidence/offline-generator-workspace-initial.txt	eaf2a2838bb0bfc35f25a6527257f1773e956106	6040	review-evidence-or-register	in-scope: inspect before extraction/deletion	False	not-started	
docs/review/evidence/package-install-tests.txt	6d8121e22b7bba41110c815b73eacf47ffa6afc1	298	review-evidence-or-register	in-scope: inspect before extraction/deletion	False	not-started	
docs/review/evidence/phase7.txt	c1a74444dc2508aca088bfaf4740b05e229069cf	49	review-evidence-or-register	in-scope: inspect before extraction/deletion	False	not-started	
docs/review/evidence/platform-config-tests.txt	e4ddf336f4f3fefd1b4627cdc7b628966cf5ec50	58	review-evidence-or-register	in-scope: inspect before extraction/deletion	False	not-started	
docs/review/evidence/plugin-contract-sdk-repro.txt	0294413881a7d87ff74b18f1cd72f00564e47402	200	review-evidence-or-register	in-scope: inspect before extraction/deletion	False	not-started	
docs/review/evidence/plugin-contract-sdk-tests.txt	b86702bd24797e8b177cf880a7215a554f98d13d	1404	review-evidence-or-register	in-scope: inspect before extraction/deletion	False	not-started	
docs/review/evidence/pr6-buster-cleanup-parent/lint.txt	e69de29bb2d1d6434b8b29ae775ad8c2e48c5391	0	review-evidence-or-register	in-scope: inspect before extraction/deletion	False	not-started	
docs/review/evidence/pr6-buster-cleanup-parent/native.txt	1c10f9121aa95e73a0afa22b14a8e51a2aeb3ca8	475	review-evidence-or-register	in-scope: inspect before extraction/deletion	False	not-started	
docs/review/evidence/pr6-buster-cleanup-parent/types.txt	e69de29bb2d1d6434b8b29ae775ad8c2e48c5391	0	review-evidence-or-register	in-scope: inspect before extraction/deletion	False	not-started	
docs/review/evidence/pr6-buster-fixture/combined.log	fbb711ad74f62b0ae6a31b74e13d0f4237617ff1	3384	review-evidence-or-register	in-scope: inspect before extraction/deletion	False	not-started	
docs/review/evidence/pr6-buster-fixture/control-channel.log	2620f58d2d21c3bbb3f6e0a45fd1372e9e7809b0	706	review-evidence-or-register	in-scope: inspect before extraction/deletion	False	not-started	
docs/review/evidence/pr6-buster-fixture/core-typecheck.log	e69de29bb2d1d6434b8b29ae775ad8c2e48c5391	0	review-evidence-or-register	in-scope: inspect before extraction/deletion	False	not-started	
docs/review/evidence/pr6-buster-fixture/fixture-typecheck.log	e69de29bb2d1d6434b8b29ae775ad8c2e48c5391	0	review-evidence-or-register	in-scope: inspect before extraction/deletion	False	not-started	
docs/review/evidence/pr6-buster-fixture/journal.log	6556d38f6219bb4ca3a630798d248d3107e6b325	684	review-evidence-or-register	in-scope: inspect before extraction/deletion	False	not-started	
docs/review/evidence/pr6-buster-fixture/lint.log	e69de29bb2d1d6434b8b29ae775ad8c2e48c5391	0	review-evidence-or-register	in-scope: inspect before extraction/deletion	False	not-started	
docs/review/evidence/pr6-buster-fixture/typecheck.log	e69de29bb2d1d6434b8b29ae775ad8c2e48c5391	0	review-evidence-or-register	in-scope: inspect before extraction/deletion	False	not-started	
docs/review/evidence/pr6-gitops/backup-regression.txt	2d31ea1e099ae96c9e2163e5b4dd240d30d85f0f	886	review-evidence-or-register	in-scope: inspect before extraction/deletion	False	not-started	
docs/review/evidence/pr6-gitops/bootstrap-test.txt	2f3a105dfced842d4af1bfaf8b11c0e70614e79f	322	review-evidence-or-register	in-scope: inspect before extraction/deletion	False	not-started	
docs/review/evidence/pr6-gitops/chart-source-blobs.json	e42979e9da408673a4e4a6a93028881aabc62828	48113	review-evidence-or-register	in-scope: inspect before extraction/deletion	False	not-started	
docs/review/evidence/pr6-gitops/lint.txt	c082d27aa276a4e37d6e105699805e31c247f27c	500	review-evidence-or-register	in-scope: inspect before extraction/deletion	False	not-started	
docs/review/evidence/pr6-gitops/local-tests.txt	4cb5b3ad4fed1a35c2ea6aa8003039ae6081d6f8	2495	review-evidence-or-register	in-scope: inspect before extraction/deletion	False	not-started	
docs/review/evidence/pr6-gitops/shell-syntax.txt	97621f0748996fb410121ab05c63d0c0ff1885a2	68	review-evidence-or-register	in-scope: inspect before extraction/deletion	False	not-started	
docs/review/evidence/pr6-gitops/versions.txt	76e1b1c97d69713848908f2de9e88a8017f09e3b	102	review-evidence-or-register	in-scope: inspect before extraction/deletion	False	not-started	
docs/review/evidence/pr6-infrastructure/access-native.txt	a39698d36f9e3cfac99ba2afe62b0cd04f2ae821	2366	review-evidence-or-register	in-scope: inspect before extraction/deletion	False	not-started	
docs/review/evidence/pr6-infrastructure/modules-lint.txt	e69de29bb2d1d6434b8b29ae775ad8c2e48c5391	0	review-evidence-or-register	in-scope: inspect before extraction/deletion	False	not-started	
docs/review/evidence/pr6-knip/context.txt	18611a7e5d66bd3fb9bff080985b99bc63480270	75	review-evidence-or-register	in-scope: inspect before extraction/deletion	False	not-started	
docs/review/evidence/pr6-knip/knip.txt	2b3e95a3b1060e4bb7f309fb1bbf3aaa2453b10c	605	review-evidence-or-register	in-scope: inspect before extraction/deletion	False	not-started	
docs/review/evidence/pr6-knip/lint-boundary.txt	d6cbb7167d8a10d515c7eef2d3fec3d2caf1d78c	64	review-evidence-or-register	in-scope: inspect before extraction/deletion	False	not-started	
docs/review/evidence/pr6-knip/lint-stage.txt	a15ef952bd218e31211b0f9a0519610cb7f11413	72	review-evidence-or-register	in-scope: inspect before extraction/deletion	False	not-started	
docs/review/evidence/pr6-knip/lint-types.txt	d787099bf9b54215afebef833e524bded6aef65d	141	review-evidence-or-register	in-scope: inspect before extraction/deletion	False	not-started	
docs/review/evidence/pr6-knip/lint.txt	e69de29bb2d1d6434b8b29ae775ad8c2e48c5391	0	review-evidence-or-register	in-scope: inspect before extraction/deletion	False	not-started	
docs/review/evidence/pr6-knip/revalidation.txt	2bcd85ccf8234cc5ef98bf0c93411044c6891421	46	review-evidence-or-register	in-scope: inspect before extraction/deletion	False	not-started	
docs/review/evidence/pr6-knip/review-types.txt	d787099bf9b54215afebef833e524bded6aef65d	141	review-evidence-or-register	in-scope: inspect before extraction/deletion	False	not-started	
docs/review/evidence/pr6-local-acceptance/commands.json	65ad383281c1a0c9e2e8504652c16a49966e00e7	1853	review-evidence-or-register	in-scope: inspect before extraction/deletion	False	not-started	
docs/review/evidence/pr6-local-acceptance/container-deadlines.txt	bafaa4cdbdea59ad4b9c519961c224ba166c2178	110	review-evidence-or-register	in-scope: inspect before extraction/deletion	False	not-started	
docs/review/evidence/pr6-local-acceptance/direct-output-contract-current-path.txt	0b79222da9e09cd4c6609f970d59e68de77c7838	111	review-evidence-or-register	in-scope: inspect before extraction/deletion	False	not-started	
docs/review/evidence/pr6-local-acceptance/direct-output-contract.txt	027556d652234d7ca84510669945237c757ce317	823	review-evidence-or-register	in-scope: inspect before extraction/deletion	False	not-started	
docs/review/evidence/pr6-local-acceptance/junit-executed.txt	73b320969317db7e3e1a603fe5cd7eddddbe9ce5	131	review-evidence-or-register	in-scope: inspect before extraction/deletion	False	not-started	
docs/review/evidence/pr6-local-acceptance/prism.txt	7a8ba309debc50be8773fcafca71d8c3762a0ec8	6190	review-evidence-or-register	in-scope: inspect before extraction/deletion	False	not-started	
docs/review/evidence/pr6-local-acceptance/rollout-render.txt	e0d7f80f69d8a3154a96b33cd020cd26b5d6aa98	120	review-evidence-or-register	in-scope: inspect before extraction/deletion	False	not-started	
docs/review/evidence/pr6-local-acceptance/workflow-trust.txt	8bfbcb61e11468cda74681de80ae5955603282ba	579	review-evidence-or-register	in-scope: inspect before extraction/deletion	False	not-started	
docs/review/evidence/pr6-native-dispatch/control-lint.log	3be475961f0d1edeb7b2f87ff829a3b604afbc40	2489	review-evidence-or-register	in-scope: inspect before extraction/deletion	False	not-started	
docs/review/evidence/pr6-native-dispatch/lint.log	e69de29bb2d1d6434b8b29ae775ad8c2e48c5391	0	review-evidence-or-register	in-scope: inspect before extraction/deletion	False	not-started	
docs/review/evidence/pr6-native-dispatch/postgres-http.json	929e24f5d76843a7fe2fc47af4a12ce9bdf54f4c	289	review-evidence-or-register	in-scope: inspect before extraction/deletion	False	not-started	
docs/review/evidence/pr6-native-dispatch/postgres-http.log	7e03a02ccbb0e51e60fe199fdf72269394399b51	314	review-evidence-or-register	in-scope: inspect before extraction/deletion	False	not-started	
docs/review/evidence/pr6-native-dispatch/postgres-operation-initial-failure.json	d641b885964f075f43a717bc79dbcea562d3bc7a	285	review-evidence-or-register	in-scope: inspect before extraction/deletion	False	not-started	
docs/review/evidence/pr6-native-dispatch/postgres-operation-initial-failure.log	de8269bbfb70ec7b35d251a1ae09cf4a02d4ce31	1315	review-evidence-or-register	in-scope: inspect before extraction/deletion	False	not-started	
docs/review/evidence/pr6-native-dispatch/postgres-operation.json	c5eb580f338785d53547e99c69b7b243cbb1e260	285	review-evidence-or-register	in-scope: inspect before extraction/deletion	False	not-started	
docs/review/evidence/pr6-native-dispatch/postgres-operation.log	280643cbb4fb8df996b5490c5254c53e6159a93f	411	review-evidence-or-register	in-scope: inspect before extraction/deletion	False	not-started	
docs/review/evidence/pr6-native-dispatch/services-engine.log	ff1ab9987ee0e452be9fae9f7125920caa2331db	1383	review-evidence-or-register	in-scope: inspect before extraction/deletion	False	not-started	
docs/review/evidence/pr6-native-dispatch/typecheck.log	c6fb73cb174c6bf96b47a499be7faa338aeef76d	150	review-evidence-or-register	in-scope: inspect before extraction/deletion	False	not-started	
docs/review/evidence/pr6-native-entry-types/chromium-install-retry.txt	cdd7e7cef884d9eaed027698265791d267fede46	1007	review-evidence-or-register	in-scope: inspect before extraction/deletion	False	not-started	
docs/review/evidence/pr6-native-entry-types/chromium-install.txt	cdd7e7cef884d9eaed027698265791d267fede46	1007	review-evidence-or-register	in-scope: inspect before extraction/deletion	False	not-started	
docs/review/evidence/pr6-native-entry-types/knip.txt	2b3e95a3b1060e4bb7f309fb1bbf3aaa2453b10c	605	review-evidence-or-register	in-scope: inspect before extraction/deletion	False	not-started	
docs/review/evidence/pr6-native-entry-types/types.txt	802d61e291c711672461046aaccde5555ae1e7ce	501	review-evidence-or-register	in-scope: inspect before extraction/deletion	False	not-started	
docs/review/evidence/pr6-native-preparation/knip-install.txt	7345fb6c36a241bae43e538f98782ad10098a726	125	review-evidence-or-register	in-scope: inspect before extraction/deletion	False	not-started	
docs/review/evidence/pr6-native-preparation/knip-installed.txt	e290c530cc5a86f16be915524574c701a7f98046	5795	review-evidence-or-register	in-scope: inspect before extraction/deletion	False	not-started	
docs/review/evidence/pr6-native-preparation/knip-pr6.txt	b43675317047d67cb7bb59ab1e30e8a029c0a5d4	795	review-evidence-or-register	in-scope: inspect before extraction/deletion	False	not-started	
docs/review/evidence/pr6-native-preparation/native-wrapper-invalid.txt	9c7c6c37bcd4cfd8bd7658e2ba5eac3f6f353417	726	review-evidence-or-register	in-scope: inspect before extraction/deletion	False	not-started	
docs/review/evidence/pr6-native-preparation/native-wrapper-missing-db.txt	f44d49d30a90487b9a4ebec1d9bcf3d3f5d8a7de	742	review-evidence-or-register	in-scope: inspect before extraction/deletion	False	not-started	
docs/review/evidence/pr6-native-preparation/prism-native-types.txt	c6fb73cb174c6bf96b47a499be7faa338aeef76d	150	review-evidence-or-register	in-scope: inspect before extraction/deletion	False	not-started	
docs/review/evidence/pr6-native-startup/contracts.log	332697f5e21870d9a2b62f8c3597332bf13c5832	559	review-evidence-or-register	in-scope: inspect before extraction/deletion	False	not-started	
docs/review/evidence/pr6-native-startup/control-server-lint-baseline.json	8767eb8d97b408f4ae5558f1b97fff7b31691714	2623	review-evidence-or-register	in-scope: inspect before extraction/deletion	False	not-started	
docs/review/evidence/pr6-native-startup/core-types.log	9636ae2fb65492f6558277fa3a22bcbc36e9b084	82	review-evidence-or-register	in-scope: inspect before extraction/deletion	False	not-started	
docs/review/evidence/pr6-native-startup/existing-lint-comparison.json	ed202f8c22948860c9b26f9941371a5086c9bcc3	3336	review-evidence-or-register	in-scope: inspect before extraction/deletion	False	not-started	
docs/review/evidence/pr6-native-startup/final-deployment-contracts.log	068060c8210e90b31c25b35b629719936f47b120	942	review-evidence-or-register	in-scope: inspect before extraction/deletion	False	not-started	
docs/review/evidence/pr6-native-startup/lint-initial-failure.log	2de1d072328a9625d9646df5bd7534c7bc7756de	1458	review-evidence-or-register	in-scope: inspect before extraction/deletion	False	not-started	
docs/review/evidence/pr6-native-startup/lint.log	7b6c7ac2067724c8c9af5fa5bb7dd22e431563a4	1105	review-evidence-or-register	in-scope: inspect before extraction/deletion	False	not-started	
docs/review/evidence/pr6-native-startup/live-gate-types.log	d56bb6e5ce63d92db86b76273a373701d132e036	107	review-evidence-or-register	in-scope: inspect before extraction/deletion	False	not-started	
docs/review/evidence/pr6-native-startup/native-runtime-initial-failure.log	e9dbdfbd67098a9156cc56db43b7da18a2df8dbf	3553	review-evidence-or-register	in-scope: inspect before extraction/deletion	False	not-started	
docs/review/evidence/pr6-native-startup/native-runtime.log	f2a4dccdb8f4a051009f057ac1488b624ee65509	2204	review-evidence-or-register	in-scope: inspect before extraction/deletion	False	not-started	
docs/review/evidence/pr6-native-startup/node-pools.log	0385f08882a072c6c15bccc5581e7913a8b6f50b	2888	review-evidence-or-register	in-scope: inspect before extraction/deletion	False	not-started	
docs/review/evidence/pr6-native-startup/prism-types.log	3ec6185f6b2e8c5de6f67ca9035fe253df0c93e1	205	review-evidence-or-register	in-scope: inspect before extraction/deletion	False	not-started	
docs/review/evidence/pr6-native-startup/results-initial.json	d0f62fe54a1772fbd7dd7c062a435bce94b60d19	1292	review-evidence-or-register	in-scope: inspect before extraction/deletion	False	not-started	
docs/review/evidence/pr6-native-startup/results.json	ef11dc14004b0cf279dadb919bd12a80d27d2375	1292	review-evidence-or-register	in-scope: inspect before extraction/deletion	False	not-started	
docs/review/evidence/pr6-native-startup/shell-syntax.log	5c76911aa4586b860e054717bc88ddd9af408177	41	review-evidence-or-register	in-scope: inspect before extraction/deletion	False	not-started	
docs/review/evidence/pr6-native-startup/versions.log	c8d98ef5affbe753387df2e7d805e37e883b7215	220	review-evidence-or-register	in-scope: inspect before extraction/deletion	False	not-started	
docs/review/evidence/pr6-node-pools/combined-tests.txt	eef55630efc4e25c91557a3073d123ffd1489425	2832	review-evidence-or-register	in-scope: inspect before extraction/deletion	False	not-started	
docs/review/evidence/pr6-node-pools/commands.md	e50bd12978b53fd8ffc274732151f57d7a79264e	2376	review-text	in-scope: inspect before extraction/deletion	False	not-started	
docs/review/evidence/pr6-node-pools/core-tests.txt	b52bcf29f4a84fc211d884a62ee12f6b0cdb513c	1972	review-evidence-or-register	in-scope: inspect before extraction/deletion	False	not-started	
docs/review/evidence/pr6-node-pools/core-types.txt	e69de29bb2d1d6434b8b29ae775ad8c2e48c5391	0	review-evidence-or-register	in-scope: inspect before extraction/deletion	False	not-started	
docs/review/evidence/pr6-node-pools/lint.txt	e69de29bb2d1d6434b8b29ae775ad8c2e48c5391	0	review-evidence-or-register	in-scope: inspect before extraction/deletion	False	not-started	
docs/review/evidence/pr6-node-pools/live-gate-types-first.txt	708b9c13ece46d233e172bc66d4616cb5fff697d	582	review-evidence-or-register	in-scope: inspect before extraction/deletion	False	not-started	
docs/review/evidence/pr6-node-pools/live-gate-types.txt	e69de29bb2d1d6434b8b29ae775ad8c2e48c5391	0	review-evidence-or-register	in-scope: inspect before extraction/deletion	False	not-started	
docs/review/evidence/pr6-node-pools/node-lint-first.txt	3fabb57f1277dda998045e6e442241e5980d0e2c	692	review-evidence-or-register	in-scope: inspect before extraction/deletion	False	not-started	
docs/review/evidence/pr6-node-pools/node-tests-first.txt	61dc97e92902917225587af9d57322b1f9c4248e	574	review-evidence-or-register	in-scope: inspect before extraction/deletion	False	not-started	
docs/review/evidence/pr6-node-pools/node-tests.txt	6f9744f97d30bb7913586652445ed13beec908fc	573	review-evidence-or-register	in-scope: inspect before extraction/deletion	False	not-started	
docs/review/evidence/pr6-node-pools/prism-renderer.txt	36c121139e66c57f583762b4c627f20e421221e9	767	review-evidence-or-register	in-scope: inspect before extraction/deletion	False	not-started	
docs/review/evidence/pr6-node-pools/prism-types.txt	c6fb73cb174c6bf96b47a499be7faa338aeef76d	150	review-evidence-or-register	in-scope: inspect before extraction/deletion	False	not-started	
docs/review/evidence/pr6-node-pools/versions.txt	2b5e58276f7715c9ebd73c9324f43ab593d22702	28	review-evidence-or-register	in-scope: inspect before extraction/deletion	False	not-started	
docs/review/evidence/pr6-oci-identity/knip.txt	2b3e95a3b1060e4bb7f309fb1bbf3aaa2453b10c	605	review-evidence-or-register	in-scope: inspect before extraction/deletion	False	not-started	
docs/review/evidence/pr6-oci-identity/lint.txt	e69de29bb2d1d6434b8b29ae775ad8c2e48c5391	0	review-evidence-or-register	in-scope: inspect before extraction/deletion	False	not-started	
docs/review/evidence/pr6-oci-identity/native-ghcr-timeout.txt	b3bf8c793fbd2222cdeceba167520931d4407feb	162	review-evidence-or-register	in-scope: inspect before extraction/deletion	False	not-started	
docs/review/evidence/pr6-oci-identity/tests.txt	052729460b81a63842049499b4a24c3f4ce2ba90	1129	review-evidence-or-register	in-scope: inspect before extraction/deletion	False	not-started	
docs/review/evidence/pr6-oci-identity/unselected-cli.txt	99bb418fd7953c370f41fd7cb7eeae2faca8d924	989	review-evidence-or-register	in-scope: inspect before extraction/deletion	False	not-started	
docs/review/evidence/pr6-postgresql-migration/charts.txt	69e13e94a8d701bb468f3496c241ad4a6515dc7e	1272	review-evidence-or-register	in-scope: inspect before extraction/deletion	False	not-started	
docs/review/evidence/pr6-postgresql-migration/helm.txt	7cad0b15f34fbec252bc29bccf2dce4a18f5258d	581	review-evidence-or-register	in-scope: inspect before extraction/deletion	False	not-started	
docs/review/evidence/pr6-postgresql-migration/lint.txt	e69de29bb2d1d6434b8b29ae775ad8c2e48c5391	0	review-evidence-or-register	in-scope: inspect before extraction/deletion	False	not-started	
docs/review/evidence/pr6-postgresql-migration/migration.txt	8c142e8aab09f7357cd3a2534a16201c2c8f53ae	487	review-evidence-or-register	in-scope: inspect before extraction/deletion	False	not-started	
docs/review/evidence/pr6-postgresql-migration/recovery.txt	703b9c38b9f60939f247052e428457c794bd49c9	458	review-evidence-or-register	in-scope: inspect before extraction/deletion	False	not-started	
docs/review/evidence/pr6-postgresql-migration/versions.txt	d4a91e3f81b40b3ebcc18d8be4ca0a671fbbc818	51	review-evidence-or-register	in-scope: inspect before extraction/deletion	False	not-started	
docs/review/evidence/pr6-postgresql-recovery/bitnami-postgresql-manifest.json	799e2af942e4988e10184e8a41e760812267ff24	506	review-evidence-or-register	in-scope: inspect before extraction/deletion	False	not-started	
docs/review/evidence/pr6-postgresql-recovery/bitnami-postgresql-recovery-tools.json	0408a05b3c3f0138cda04f7001d1e7324ccdf284	2133	review-evidence-or-register	in-scope: inspect before extraction/deletion	False	not-started	
docs/review/evidence/pr6-postgresql-recovery/commands.md	edb65ac8111302d151e70b3e3f2de9f8ac79e3d0	2238	review-text	in-scope: inspect before extraction/deletion	False	not-started	
docs/review/evidence/pr6-postgresql-recovery/lint.txt	e69de29bb2d1d6434b8b29ae775ad8c2e48c5391	0	review-evidence-or-register	in-scope: inspect before extraction/deletion	False	not-started	
docs/review/evidence/pr6-postgresql-recovery/native-crypto.txt	eeab0935afd7d83079511831de76510171974da2	414	review-evidence-or-register	in-scope: inspect before extraction/deletion	False	not-started	
docs/review/evidence/pr6-postgresql-recovery/native-first.txt	e01ded4a5c52d93f988233c95fa1c76f6cf89437	370	review-evidence-or-register	in-scope: inspect before extraction/deletion	False	not-started	
docs/review/evidence/pr6-postgresql-recovery/native.txt	35372bbab0b96adf2b19f59c24d6ef13ed8b1063	370	review-evidence-or-register	in-scope: inspect before extraction/deletion	False	not-started	
docs/review/evidence/pr6-postgresql-recovery/render.txt	8ab55fbcf869e5d2207cae3ea39d4e36b034330e	344	review-evidence-or-register	in-scope: inspect before extraction/deletion	False	not-started	
docs/review/evidence/pr6-postgresql-recovery/versions.txt	2b5e58276f7715c9ebd73c9324f43ab593d22702	28	review-evidence-or-register	in-scope: inspect before extraction/deletion	False	not-started	
docs/review/evidence/pr6-prism-backup-groups/helm-lint.txt	52386095f666f8e6f2a9b65866b89daf857d45e7	102	review-evidence-or-register	in-scope: inspect before extraction/deletion	False	not-started	
docs/review/evidence/pr6-prism-backup-groups/initial-artifact-fsync-failure.json	8a516397d0a81afdc79b0c454bb4ec35981457d2	5091	review-evidence-or-register	in-scope: inspect before extraction/deletion	False	not-started	
docs/review/evidence/pr6-prism-backup-groups/initial-proof-cleanup-failure.json	9653c05410a1fa86d66e8c3fc7fc53eff7631e13	1613	review-evidence-or-register	in-scope: inspect before extraction/deletion	False	not-started	
docs/review/evidence/pr6-prism-backup-groups/lint.txt	e69de29bb2d1d6434b8b29ae775ad8c2e48c5391	0	review-evidence-or-register	in-scope: inspect before extraction/deletion	False	not-started	
docs/review/evidence/pr6-prism-backup-groups/local-tests.txt	5518a7af4eed0391106794b359effd5a6cbd7e94	809	review-evidence-or-register	in-scope: inspect before extraction/deletion	False	not-started	
docs/review/evidence/pr6-prism-backup-groups/syncfs-filesystem-failure.json	480ff49723486b8f932f4a9f64fb6e3843f79fdf	4027	review-evidence-or-register	in-scope: inspect before extraction/deletion	False	not-started	
docs/review/evidence/pr6-prism-single-runtime/core-typecheck.log	e69de29bb2d1d6434b8b29ae775ad8c2e48c5391	0	review-evidence-or-register	in-scope: inspect before extraction/deletion	False	not-started	
docs/review/evidence/pr6-prism-single-runtime/deployment.log	91ebdc69048917f896502c21fedc1fe01efb9984	1083	review-evidence-or-register	in-scope: inspect before extraction/deletion	False	not-started	
docs/review/evidence/pr6-prism-single-runtime/foundation-typecheck.log	e69de29bb2d1d6434b8b29ae775ad8c2e48c5391	0	review-evidence-or-register	in-scope: inspect before extraction/deletion	False	not-started	
docs/review/evidence/pr6-prism-single-runtime/historical-and-artifacts.log	27a18fa8b093e6d55d82e5c982a24bfe36fe882e	735	review-evidence-or-register	in-scope: inspect before extraction/deletion	False	not-started	
docs/review/evidence/pr6-prism-single-runtime/historical-schema.log	37732266aac1a4f726922db44102f66b6b641ebd	706	review-evidence-or-register	in-scope: inspect before extraction/deletion	False	not-started	
docs/review/evidence/pr6-prism-single-runtime/lint.log	e69de29bb2d1d6434b8b29ae775ad8c2e48c5391	0	review-evidence-or-register	in-scope: inspect before extraction/deletion	False	not-started	
docs/review/evidence/pr6-prism-single-runtime/prism-suite.log	f29fe2c0e71d0552100c14bd37e8e0387e90f311	23387	review-evidence-or-register	in-scope: inspect before extraction/deletion	False	not-started	
docs/review/evidence/pr6-prism-single-runtime/prism-typecheck.log	e69de29bb2d1d6434b8b29ae775ad8c2e48c5391	0	review-evidence-or-register	in-scope: inspect before extraction/deletion	False	not-started	
docs/review/evidence/pr6-prism-single-runtime/process-and-shutdown.log	61731036026c16d82e7b3c50f1f509a4b368aa15	1983	review-evidence-or-register	in-scope: inspect before extraction/deletion	False	not-started	
docs/review/evidence/pr6-prism-single-runtime/strict-test-typecheck.log	e69de29bb2d1d6434b8b29ae775ad8c2e48c5391	0	review-evidence-or-register	in-scope: inspect before extraction/deletion	False	not-started	
docs/review/evidence/pr6-qdrant-migration/native.txt	a8765001d749d84f4260f5c1cdc530440056f718	531	review-evidence-or-register	in-scope: inspect before extraction/deletion	False	not-started	
docs/review/evidence/pr6-qdrant/commands.txt	1da06393cdbeeb1193483bfdb199da2ce84bfa41	1799	review-evidence-or-register	in-scope: inspect before extraction/deletion	False	not-started	
docs/review/evidence/pr6-qdrant/lint.txt	e69de29bb2d1d6434b8b29ae775ad8c2e48c5391	0	review-evidence-or-register	in-scope: inspect before extraction/deletion	False	not-started	
docs/review/evidence/pr6-qdrant/local-tests.txt	81a3acff5305a06215e5c18543d528afafb6a0e2	1167	review-evidence-or-register	in-scope: inspect before extraction/deletion	False	not-started	
docs/review/evidence/pr6-redis-migration/helm.txt	20055869dd4887bc41395aa9555f98a0802c14f7	569	review-evidence-or-register	in-scope: inspect before extraction/deletion	False	not-started	
docs/review/evidence/pr6-redis-migration/native.txt	2713c9b2192d3f44da66aa127a1c9924d2e546ac	358	review-evidence-or-register	in-scope: inspect before extraction/deletion	False	not-started	
docs/review/evidence/pr6-registry-target/https-health.txt	0908128c391ec816c4d49ac76d38da85f8025e79	459	review-evidence-or-register	in-scope: inspect before extraction/deletion	False	not-started	
docs/review/evidence/pr6-registry-target/knip.txt	2b3e95a3b1060e4bb7f309fb1bbf3aaa2453b10c	605	review-evidence-or-register	in-scope: inspect before extraction/deletion	False	not-started	
docs/review/evidence/pr6-registry-target/lint-comparison.json	2245cbdc5ecc285651362daaf3aeb65df3571ef8	1253	review-evidence-or-register	in-scope: inspect before extraction/deletion	False	not-started	
docs/review/evidence/pr6-registry-target/matrix.txt	8dc006fdd2a00fa6592911b6ed894820980d0f34	1950	review-evidence-or-register	in-scope: inspect before extraction/deletion	False	not-started	
docs/review/evidence/pr6-registry-target/native-types-baseline.txt	318a16f19c2614cab16e9bbc22b37b2b5c4133a6	3361	review-evidence-or-register	in-scope: inspect before extraction/deletion	False	not-started	
docs/review/evidence/pr6-registry-target/native-types.txt	ed1232e9cfbcd400c2e878aacfeeef3f179dc5a3	3307	review-evidence-or-register	in-scope: inspect before extraction/deletion	False	not-started	
docs/review/evidence/pr6-registry-target/target-and-runner.txt	3726583f59083f04e56362eb4e8042590981a713	1964	review-evidence-or-register	in-scope: inspect before extraction/deletion	False	not-started	
docs/review/evidence/pr6-registry-target/target-lint.txt	e69de29bb2d1d6434b8b29ae775ad8c2e48c5391	0	review-evidence-or-register	in-scope: inspect before extraction/deletion	False	not-started	
docs/review/evidence/pr6-registry-target/workspace.txt	02ed8acacca3df700c51f907fa3298b211835da9	5701	review-evidence-or-register	in-scope: inspect before extraction/deletion	False	not-started	
docs/review/evidence/pr6-runtime-tool-locks/arm64-wheels.txt	23295e4c59c3c357cdc9199de1f7ab1e07b5765f	2653	review-evidence-or-register	in-scope: inspect before extraction/deletion	False	not-started	
docs/review/evidence/pr6-runtime-tool-locks/chart-lock.txt	fc81c58e30deddd752ea54ef237ae84174b388ad	536	review-evidence-or-register	in-scope: inspect before extraction/deletion	False	not-started	
docs/review/evidence/pr6-runtime-tool-locks/downloads.txt	161e41626d7eb4e6c1afb0da179c4d221a8ad5f3	1215	review-evidence-or-register	in-scope: inspect before extraction/deletion	False	not-started	
docs/review/evidence/pr6-runtime-tool-locks/drift.txt	c96f5252a5d4d50bfcbdc43bb70e9440b31f101d	430	review-evidence-or-register	in-scope: inspect before extraction/deletion	False	not-started	
docs/review/evidence/pr6-runtime-tool-locks/go-native.txt	8f451ff01eff82fce4afb25f4e9b78022ad27fd4	1571	review-evidence-or-register	in-scope: inspect before extraction/deletion	False	not-started	
docs/review/evidence/pr6-runtime-tool-locks/lint.txt	e69de29bb2d1d6434b8b29ae775ad8c2e48c5391	0	review-evidence-or-register	in-scope: inspect before extraction/deletion	False	not-started	
docs/review/evidence/pr6-runtime-tool-locks/python-native.txt	7d8e4dbd4be553f1d54867cd3ab0476b6f4e4690	12825	review-evidence-or-register	in-scope: inspect before extraction/deletion	False	not-started	
docs/review/evidence/pr6-runtime-tool-locks/trusted-updater.txt	7caaa5edc3d18e0178e625bef9e3cdda8f4990e5	251	review-evidence-or-register	in-scope: inspect before extraction/deletion	False	not-started	
docs/review/evidence/pr6-runtime-tool-locks/upstream-refresh.txt	94e0f28db2537bd80059e1fdae0d1da7b0a95e1c	1340	review-evidence-or-register	in-scope: inspect before extraction/deletion	False	not-started	
docs/review/evidence/pr6-sdk-local/commands.json	3ca1cb1b94a50bc1d168928945d82aebae80218c	2470	review-evidence-or-register	in-scope: inspect before extraction/deletion	False	not-started	
docs/review/evidence/pr6-sdk-local/sdk-delivery-after.log	a4ff7d20484dd5409c0d9b2a0a7732ca7010be9b	10524	review-evidence-or-register	in-scope: inspect before extraction/deletion	False	not-started	
docs/review/evidence/pr6-sdk-local/sdk-delivery-recovery-serial.log	41ed1a00ba709408673bbf4794672ea7f92dc4ef	363	review-evidence-or-register	in-scope: inspect before extraction/deletion	False	not-started	
docs/review/evidence/pr6-sdk-local/sdk-history-after.log	c1565661fdfaaf6633adc9e4766355e71b8b6fcc	2325	review-evidence-or-register	in-scope: inspect before extraction/deletion	False	not-started	
docs/review/evidence/pr6-sdk-local/sdk-local-owners-after.log	03fe20a0b59701042169068a59621e73391e24fd	5414	review-evidence-or-register	in-scope: inspect before extraction/deletion	False	not-started	
docs/review/evidence/pr6-sdk-local/sdk-local-owners.log	fd246b91217edeb1d627856948799bfd6893c098	7469	review-evidence-or-register	in-scope: inspect before extraction/deletion	False	not-started	
docs/review/evidence/pr6-sdk-local/sdk-refs.log	4651af228a2e62f93f099e96fd9a471c8b9ec8aa	64935	review-evidence-or-register	in-scope: inspect before extraction/deletion	False	not-started	
docs/review/evidence/pr6-sdk-local/sdk-summary-lint.log	83b5f9d4df0d01aa0059b4e2ce67617225986b34	99	review-evidence-or-register	in-scope: inspect before extraction/deletion	False	not-started	
docs/review/evidence/pr6-sdk-local/sdk-values.log	81799f3ba570806c7cd6f43fa0803e2fdbd1bbd6	189	review-evidence-or-register	in-scope: inspect before extraction/deletion	False	not-started	
docs/review/evidence/pr6-seven/acceptance-after.log	5b47477e779327f88adb041759a00c455be2e725	87	review-evidence-or-register	in-scope: inspect before extraction/deletion	False	not-started	
docs/review/evidence/pr6-seven/acceptance-compiler.log	2e1513298275bc8f0da08c8bea6f0ea239971ae1	159	review-evidence-or-register	in-scope: inspect before extraction/deletion	False	not-started	
docs/review/evidence/pr6-seven/acceptance-lint.log	e69de29bb2d1d6434b8b29ae775ad8c2e48c5391	0	review-evidence-or-register	in-scope: inspect before extraction/deletion	False	not-started	
docs/review/evidence/pr6-seven/acceptance-package.log	7f7867f13e876c920489fba308c786aaf8ba3d47	588	review-evidence-or-register	in-scope: inspect before extraction/deletion	False	not-started	
docs/review/evidence/pr6-seven/acceptance-reason-before.log	28398e335c65e4fdded7298b11de4be097032b2b	531	review-evidence-or-register	in-scope: inspect before extraction/deletion	False	not-started	
docs/review/evidence/pr6-seven/acceptance-risk-after.log	084d789c194972b83de9b50ac4130dfb23b454b4	358	review-evidence-or-register	in-scope: inspect before extraction/deletion	False	not-started	
docs/review/evidence/pr6-seven/acceptance-source-after.log	769d8ed77846c80dc6255fe9780427f8ac349602	1054	review-evidence-or-register	in-scope: inspect before extraction/deletion	False	not-started	
docs/review/evidence/pr6-seven/acceptance-types.log	d787099bf9b54215afebef833e524bded6aef65d	141	review-evidence-or-register	in-scope: inspect before extraction/deletion	False	not-started	
docs/review/evidence/pr6-seven/commands.json	3a0b5954940ad1199ccb9980a61b2da5c6ed74ac	2267	review-evidence-or-register	in-scope: inspect before extraction/deletion	False	not-started	
docs/review/evidence/pr6-seven/registry-buildinfo.txt	5e517a8d5a73e8542b67571011b81e4ce01e6a1f	10960	review-evidence-or-register	in-scope: inspect before extraction/deletion	False	not-started	
docs/review/evidence/pr6-seven/registry-client-regression-after.log	bab831297e42daac36d3ed1fd57b45b4fb2fc588	679	review-evidence-or-register	in-scope: inspect before extraction/deletion	False	not-started	
docs/review/evidence/pr6-seven/registry-client-regression.log	a32d92117655c3dd26dd6b931d73fe6da4539c2b	1678	review-evidence-or-register	in-scope: inspect before extraction/deletion	False	not-started	
docs/review/evidence/pr6-seven/registry-lint-after.log	f4f2017b3d5ed70a23fb06fc35b47d09075a3cb7	317	review-evidence-or-register	in-scope: inspect before extraction/deletion	False	not-started	
docs/review/evidence/pr6-seven/registry-lint-final.log	83b5f9d4df0d01aa0059b4e2ce67617225986b34	99	review-evidence-or-register	in-scope: inspect before extraction/deletion	False	not-started	
docs/review/evidence/pr6-seven/registry-lint.log	95eaf7734f14311c7850d2a469f632f8a962adf0	601	review-evidence-or-register	in-scope: inspect before extraction/deletion	False	not-started	
docs/review/evidence/pr6-seven/registry-native-build.log	defd0394afff4980ff194a00c5c5234c4ec73eed	3404	review-evidence-or-register	in-scope: inspect before extraction/deletion	False	not-started	
docs/review/evidence/pr6-seven/registry-native-gc.log	fefbc5a7565250e4f3d77f992b6c01b047065361	320	review-evidence-or-register	in-scope: inspect before extraction/deletion	False	not-started	
docs/review/evidence/pr6-seven/registry-storage-tests.log	3f8325d1bb40b3df6c38478153885c151c946059	309	review-evidence-or-register	in-scope: inspect before extraction/deletion	False	not-started	
docs/review/evidence/pr6-seven/registry3-native-build.log	83e1251f4edb6ae4c89bcb30ce8ccaf5db90f852	6267	review-evidence-or-register	in-scope: inspect before extraction/deletion	False	not-started	
docs/review/evidence/pr6-seven/seven-knip.log	2b3e95a3b1060e4bb7f309fb1bbf3aaa2453b10c	605	review-evidence-or-register	in-scope: inspect before extraction/deletion	False	not-started	
docs/review/evidence/pr6-stateful-upgrades/commands.txt	6543e0dad7811dc6f27239ede339b63ab1835356	2188	review-evidence-or-register	in-scope: inspect before extraction/deletion	False	not-started	
docs/review/evidence/pr6-stateful-upgrades/core-typecheck.txt	e69de29bb2d1d6434b8b29ae775ad8c2e48c5391	0	review-evidence-or-register	in-scope: inspect before extraction/deletion	False	not-started	
docs/review/evidence/pr6-stateful-upgrades/lint.txt	e69de29bb2d1d6434b8b29ae775ad8c2e48c5391	0	review-evidence-or-register	in-scope: inspect before extraction/deletion	False	not-started	
docs/review/evidence/pr6-stateful-upgrades/native-admission.txt	c43945bf93b9d0b1f9493be54e20826d316bfc01	788	review-evidence-or-register	in-scope: inspect before extraction/deletion	False	not-started	
docs/review/evidence/pr6-stateful-upgrades/pins.txt	fb769f6a78568023bfc51c51be093b1c1cc95895	454	review-evidence-or-register	in-scope: inspect before extraction/deletion	False	not-started	
docs/review/evidence/pr6-stateful-upgrades/prism-native.txt	3fbb88772ce17306aaa4089a58ccf93386160df0	319	review-evidence-or-register	in-scope: inspect before extraction/deletion	False	not-started	
docs/review/evidence/pr6-stateful-upgrades/prism-sql-regression.txt	9d8193bd5ce884844600b6d41847238937928b54	701	review-evidence-or-register	in-scope: inspect before extraction/deletion	False	not-started	
docs/review/evidence/pr6-stateful-upgrades/prism-typecheck.txt	e69de29bb2d1d6434b8b29ae775ad8c2e48c5391	0	review-evidence-or-register	in-scope: inspect before extraction/deletion	False	not-started	
docs/review/evidence/pr6-stateful-upgrades/redis-durability.txt	10ade22096adb55ea8033b768293ab7c74a44cfd	234	review-evidence-or-register	in-scope: inspect before extraction/deletion	False	not-started	
docs/review/evidence/pr6-stateful-upgrades/version-regression.txt	b215c5314d791151f077de202e7c867a10f3ec2c	313	review-evidence-or-register	in-scope: inspect before extraction/deletion	False	not-started	
docs/review/evidence/pr6-stateful-upgrades/versions-invocation-error.txt	09a6995e026cb47639062c466fe0fa65fff95838	684	review-evidence-or-register	in-scope: inspect before extraction/deletion	False	not-started	
docs/review/evidence/pr6-stateful-upgrades/versions.txt	2b5e58276f7715c9ebd73c9324f43ab593d22702	28	review-evidence-or-register	in-scope: inspect before extraction/deletion	False	not-started	
docs/review/evidence/pr6-supervisor-ownership-io/identity-after.txt	4d1cab8b8718f43abd5dc78b9d47080f482b20a3	7785	review-evidence-or-register	in-scope: inspect before extraction/deletion	False	not-started	
docs/review/evidence/pr6-supervisor-ownership-io/identity-before.txt	274b827e126f4436a8c559143e58d9b24c176bcf	5423	review-evidence-or-register	in-scope: inspect before extraction/deletion	False	not-started	
docs/review/evidence/pr6-supervisor-ownership-io/io-before.txt	fc145ec4c7ab785ab15066e5928fbe7c7800a99f	2065	review-evidence-or-register	in-scope: inspect before extraction/deletion	False	not-started	
docs/review/evidence/pr6-supervisor-ownership-io/knip.txt	2b3e95a3b1060e4bb7f309fb1bbf3aaa2453b10c	605	review-evidence-or-register	in-scope: inspect before extraction/deletion	False	not-started	
docs/review/evidence/pr6-supervisor-ownership-io/lint.txt	e69de29bb2d1d6434b8b29ae775ad8c2e48c5391	0	review-evidence-or-register	in-scope: inspect before extraction/deletion	False	not-started	
docs/review/evidence/pr6-supervisor-ownership-io/operations-after.txt	06b29fdb934496f1530373d9040212c0bb8a1c59	8161	review-evidence-or-register	in-scope: inspect before extraction/deletion	False	not-started	
docs/review/evidence/pr6-supervisor-ownership-io/original-operator-retention.txt	7f8ef2ecae5edcce9ed0377b2afaccce8e7a08b9	2521	review-evidence-or-register	in-scope: inspect before extraction/deletion	False	not-started	
docs/review/evidence/pr6-worker-final-observation/commands.txt	e9ac4f6af6eda69678d955b3fe5da9be953ba450	1322	review-evidence-or-register	in-scope: inspect before extraction/deletion	False	not-started	
docs/review/evidence/pr6-worker-final-observation/lint.txt	e69de29bb2d1d6434b8b29ae775ad8c2e48c5391	0	review-evidence-or-register	in-scope: inspect before extraction/deletion	False	not-started	
docs/review/evidence/pr6-worker-final-observation/prism-typecheck.txt	c6fb73cb174c6bf96b47a499be7faa338aeef76d	150	review-evidence-or-register	in-scope: inspect before extraction/deletion	False	not-started	
docs/review/evidence/pr6-worker-final-observation/tests.txt	6914698501a110ffb48043a399d5663c61579be0	2905	review-evidence-or-register	in-scope: inspect before extraction/deletion	False	not-started	
docs/review/evidence/pr6-worker-final-observation/typecheck.txt	e69de29bb2d1d6434b8b29ae775ad8c2e48c5391	0	review-evidence-or-register	in-scope: inspect before extraction/deletion	False	not-started	
docs/review/evidence/prism-agent-jobs-admission-check.txt	32a0537131052f294ab368bf41c489fc7826ea24	765	review-evidence-or-register	in-scope: inspect before extraction/deletion	False	not-started	
docs/review/evidence/prism-agent-jobs-lint-comparison.json	917593d85aa4115710728e27a2f1221bee710512	24842	review-evidence-or-register	in-scope: inspect before extraction/deletion	False	not-started	
docs/review/evidence/prism-agent-jobs-lint.txt	e69de29bb2d1d6434b8b29ae775ad8c2e48c5391	0	review-evidence-or-register	in-scope: inspect before extraction/deletion	False	not-started	
docs/review/evidence/prism-agent-jobs-native-postgres.txt	cd2785ad7c8bae752eb48c72d761dde49fa3b7aa	624	review-evidence-or-register	in-scope: inspect before extraction/deletion	False	not-started	
docs/review/evidence/prism-agent-jobs-studio-build.txt	3cd32a494efaa7dcf39b1f20d4e882aaf4edb6b6	1781	review-evidence-or-register	in-scope: inspect before extraction/deletion	False	not-started	
docs/review/evidence/prism-agent-jobs-studio-typecheck.txt	e69de29bb2d1d6434b8b29ae775ad8c2e48c5391	0	review-evidence-or-register	in-scope: inspect before extraction/deletion	False	not-started	
docs/review/evidence/prism-agent-jobs-tests.txt	cb6e7b5e75f2498ff2699c0777bb83647650384f	2939	review-evidence-or-register	in-scope: inspect before extraction/deletion	False	not-started	
docs/review/evidence/prism-agent-jobs-typecheck.txt	e69de29bb2d1d6434b8b29ae775ad8c2e48c5391	0	review-evidence-or-register	in-scope: inspect before extraction/deletion	False	not-started	
docs/review/evidence/prism-agent-resource-v2-final.txt	61aa1d2211c59337be6752d07dedf6c92f950aa8	3193	review-evidence-or-register	in-scope: inspect before extraction/deletion	False	not-started	
docs/review/evidence/prism-agent-resource-v2-lint-comparison.json	b7afe8714ac04a2d45a30eadd7282664c9cf15e6	76106	review-evidence-or-register	in-scope: inspect before extraction/deletion	False	not-started	
docs/review/evidence/prism-agent-resource-v2-lint.txt	e69de29bb2d1d6434b8b29ae775ad8c2e48c5391	0	review-evidence-or-register	in-scope: inspect before extraction/deletion	False	not-started	
docs/review/evidence/prism-agent-resource-v2-receiver-lint.txt	e69de29bb2d1d6434b8b29ae775ad8c2e48c5391	0	review-evidence-or-register	in-scope: inspect before extraction/deletion	False	not-started	
docs/review/evidence/prism-agent-resource-v2-receiver.txt	56e426609719021610e01eb1291048e70ce3c357	1092	review-evidence-or-register	in-scope: inspect before extraction/deletion	False	not-started	
docs/review/evidence/prism-agent-resource-v2-result-bytes.txt	5c42aaea93a7ecb228ffd065eb813f8f9567d4c3	743	review-evidence-or-register	in-scope: inspect before extraction/deletion	False	not-started	
docs/review/evidence/prism-agent-resource-v2-tests-serial.txt	8fa78bceb71c072b84c6758bb019234d6089633a	3193	review-evidence-or-register	in-scope: inspect before extraction/deletion	False	not-started	
docs/review/evidence/prism-agent-resource-v2-tests.txt	af3e89f388e9f1d92d9fcacbb7b2930ea74fd1d6	4034	review-evidence-or-register	in-scope: inspect before extraction/deletion	False	not-started	
docs/review/evidence/prism-agent-resource-v2-v1-contracts.txt	41b9f7d30a79c50feed0acfff7031a8914d0e334	267	review-evidence-or-register	in-scope: inspect before extraction/deletion	False	not-started	
docs/review/evidence/prism-contract-tests.txt	38d3e9169b6b82bfcc2d5fb2200ec8215b452baf	2456	review-evidence-or-register	in-scope: inspect before extraction/deletion	False	not-started	
docs/review/evidence/prism-core-review-tests.txt	c0f36b7da9314fdbc00eb10f129feadc68d245b9	938	review-evidence-or-register	in-scope: inspect before extraction/deletion	False	not-started	
docs/review/evidence/prism-design-rounds-full-lint.txt	dbe18bfe05b96be51d4b05a573ae37f92ba6f6ed	7907	review-evidence-or-register	in-scope: inspect before extraction/deletion	False	not-started	
docs/review/evidence/prism-design-rounds-http-diagnostics.txt	771ff766c8d3ba3f9c9198b0a519530c7d19afd8	355	review-evidence-or-register	in-scope: inspect before extraction/deletion	False	not-started	
docs/review/evidence/prism-design-rounds-http-lint.txt	83b5f9d4df0d01aa0059b4e2ce67617225986b34	99	review-evidence-or-register	in-scope: inspect before extraction/deletion	False	not-started	
docs/review/evidence/prism-design-rounds-lint.txt	83b5f9d4df0d01aa0059b4e2ce67617225986b34	99	review-evidence-or-register	in-scope: inspect before extraction/deletion	False	not-started	
docs/review/evidence/prism-design-rounds-native-postgres.txt	f81c97a45059762d060a67ad3c4c704411736958	624	review-evidence-or-register	in-scope: inspect before extraction/deletion	False	not-started	
docs/review/evidence/prism-design-rounds-studio-build.txt	78a95d53aa4f45c2c2d506851d443518b84248be	1757	review-evidence-or-register	in-scope: inspect before extraction/deletion	False	not-started	
docs/review/evidence/prism-design-rounds-studio-lint-comparison.json	51cf97e77299c63bf35bd867d84b4f527b181d99	412	review-evidence-or-register	in-scope: inspect before extraction/deletion	False	not-started	
docs/review/evidence/prism-design-rounds-studio-lint.txt	54f4e428fd86be22787a271bcadfcca146c36236	849	review-evidence-or-register	in-scope: inspect before extraction/deletion	False	not-started	
docs/review/evidence/prism-design-rounds-studio-typecheck-comparison.json	17e5512b461375942042e67ae3f808233480bf6f	2474	review-evidence-or-register	in-scope: inspect before extraction/deletion	False	not-started	
docs/review/evidence/prism-design-rounds-studio-typecheck.txt	e799e10ec844365b7b0a19e4e333ba849ce943f7	1037	review-evidence-or-register	in-scope: inspect before extraction/deletion	False	not-started	
docs/review/evidence/prism-design-rounds-tests.txt	760332549954a8165a84d7337e693393a22c7e19	2499	review-evidence-or-register	in-scope: inspect before extraction/deletion	False	not-started	
docs/review/evidence/prism-design-rounds-typecheck.txt	83b5f9d4df0d01aa0059b4e2ce67617225986b34	99	review-evidence-or-register	in-scope: inspect before extraction/deletion	False	not-started	
docs/review/evidence/prism-domain-tests.txt	977e3672ff5d18ff8939b0dedc177ddfeb99123c	246	review-evidence-or-register	in-scope: inspect before extraction/deletion	False	not-started	
docs/review/evidence/prism-extension-tests.txt	e954d3dab5167f52140b6affb0026cf3688c79ac	198	review-evidence-or-register	in-scope: inspect before extraction/deletion	False	not-started	
docs/review/evidence/prism-ingestion-resources-chart-final.txt	da0344da33abe4c9387e9975486d3b4060e077dd	2806	review-evidence-or-register	in-scope: inspect before extraction/deletion	False	not-started	
docs/review/evidence/prism-ingestion-resources-chart-final2.txt	af805f10a3a2a203e57a5a3f70b7243280a6b266	417	review-evidence-or-register	in-scope: inspect before extraction/deletion	False	not-started	
docs/review/evidence/prism-ingestion-resources-chart-final3.txt	e0a7e604285b158cfda028dd3b8298ec1f80ea79	417	review-evidence-or-register	in-scope: inspect before extraction/deletion	False	not-started	
docs/review/evidence/prism-ingestion-resources-chart.txt	6b2db7c2a7bb6d0e76b45fee3f2d35647c9e56e8	3988	review-evidence-or-register	in-scope: inspect before extraction/deletion	False	not-started	
docs/review/evidence/prism-ingestion-resources-lint-baseline.txt	b19ff4afe85dfceb6d9394d9059ee7bda75a4048	1760	review-evidence-or-register	in-scope: inspect before extraction/deletion	False	not-started	
docs/review/evidence/prism-ingestion-resources-lint.txt	e28209c50ef1b6b89f688d1ce2e45c9a59927eab	1760	review-evidence-or-register	in-scope: inspect before extraction/deletion	False	not-started	
docs/review/evidence/prism-ingestion-resources-root.txt	ab593b295f532db2fb034ada5581089442ffbf8e	644	review-evidence-or-register	in-scope: inspect before extraction/deletion	False	not-started	
docs/review/evidence/prism-ingestion-resources-service.txt	b7910265fdd4463eec9de4906f02fe56a617e883	343	review-evidence-or-register	in-scope: inspect before extraction/deletion	False	not-started	
docs/review/evidence/prism-ingestion-resources-test-lint.txt	e69de29bb2d1d6434b8b29ae775ad8c2e48c5391	0	review-evidence-or-register	in-scope: inspect before extraction/deletion	False	not-started	
docs/review/evidence/prism-ingestion-service-error-probe.txt	cabfef880aa3debb3684d02845b0fdf7b11e4d3d	765	review-evidence-or-register	in-scope: inspect before extraction/deletion	False	not-started	
docs/review/evidence/prism-inventory-updates.json	6d06e7c186ab1f3188bb877a23f1afab229e93e7	21225	review-evidence-or-register	in-scope: inspect before extraction/deletion	False	not-started	
docs/review/evidence/prism-preference-control-lint.json	c1f979c2b514abc97392799975ad5de45f7ee328	69358	review-evidence-or-register	in-scope: inspect before extraction/deletion	False	not-started	
docs/review/evidence/prism-preference-producer-tests.txt	f77b13bfc6c829d3f3d1c9f7e23b945240c5496e	419	review-evidence-or-register	in-scope: inspect before extraction/deletion	False	not-started	
docs/review/evidence/prism-preference-subject-helm.txt	8543a51bab65fcb3a1b57308a0f09425dca2bd0c	447	review-evidence-or-register	in-scope: inspect before extraction/deletion	False	not-started	
docs/review/evidence/prism-preference-subject-lint.txt	83b5f9d4df0d01aa0059b4e2ce67617225986b34	99	review-evidence-or-register	in-scope: inspect before extraction/deletion	False	not-started	
docs/review/evidence/prism-preference-subject-typecheck.txt	83b5f9d4df0d01aa0059b4e2ce67617225986b34	99	review-evidence-or-register	in-scope: inspect before extraction/deletion	False	not-started	
docs/review/evidence/prism-preferences-focused-lint.txt	83b5f9d4df0d01aa0059b4e2ce67617225986b34	99	review-evidence-or-register	in-scope: inspect before extraction/deletion	False	not-started	
docs/review/evidence/prism-preferences-lint.txt	f23673d90fa32ba6bf9ba1e0f2503b314a314956	9589	review-evidence-or-register	in-scope: inspect before extraction/deletion	False	not-started	
docs/review/evidence/prism-preferences-tests.txt	6d49bb4a6e4ac6ebb2a6f70adb9b09f4d2b8f744	1507	review-evidence-or-register	in-scope: inspect before extraction/deletion	False	not-started	
docs/review/evidence/prism-preferences-typecheck.txt	83b5f9d4df0d01aa0059b4e2ce67617225986b34	99	review-evidence-or-register	in-scope: inspect before extraction/deletion	False	not-started	
docs/review/evidence/prism-readiness-chart.txt	70fe9e8f27360c9c29dc155b62a88d942d24cc73	212	review-evidence-or-register	in-scope: inspect before extraction/deletion	False	not-started	
docs/review/evidence/prism-readiness-deployment.txt	2becfcfdcb3b2d403f03166a4c966163a308d7b7	102	review-evidence-or-register	in-scope: inspect before extraction/deletion	False	not-started	
docs/review/evidence/prism-readiness-lint.txt	83b5f9d4df0d01aa0059b4e2ce67617225986b34	99	review-evidence-or-register	in-scope: inspect before extraction/deletion	False	not-started	
docs/review/evidence/prism-readiness-tests.txt	1e2af504ac5a76cbb7d994062602e747c43f4247	1397	review-evidence-or-register	in-scope: inspect before extraction/deletion	False	not-started	
docs/review/evidence/prism-readiness-types.txt	83b5f9d4df0d01aa0059b4e2ce67617225986b34	99	review-evidence-or-register	in-scope: inspect before extraction/deletion	False	not-started	
docs/review/evidence/prism-renderer-review-probe.txt	fb2e6f9056242ea193eb6d1166e5e16cc73a57e9	400	review-evidence-or-register	in-scope: inspect before extraction/deletion	False	not-started	
docs/review/evidence/prism-reviewed-modules-tests.txt	fa5190943c3c0d3251fb37063d30a332b3a1ca3d	1966	review-evidence-or-register	in-scope: inspect before extraction/deletion	False	not-started	
docs/review/evidence/prism-service-review-probe.txt	6b41744cb7474dd49f3b06c8fdc644475976f30c	424	review-evidence-or-register	in-scope: inspect before extraction/deletion	False	not-started	
docs/review/evidence/prism-studio-service-error-probe.txt	1e3c0c003f734096da3ec20e4ed4d17659f7bfaf	556	review-evidence-or-register	in-scope: inspect before extraction/deletion	False	not-started	
docs/review/evidence/prism-worker-browser-native.txt	a5c3e50f7b178fc428eac4c9fdc89894d9b72579	3523	review-evidence-or-register	in-scope: inspect before extraction/deletion	False	not-started	
docs/review/evidence/prism-worker-cancellation.txt	c249aad8a7a56a3427414cb9a4cebb8efa7e0e02	4407	review-evidence-or-register	in-scope: inspect before extraction/deletion	False	not-started	
docs/review/evidence/prism-worker-cpu-baseline.txt	8bec0c728a61588b429b4961a0d17a85086209a4	1262	review-evidence-or-register	in-scope: inspect before extraction/deletion	False	not-started	
docs/review/evidence/project-source-compiled-approval-diagnostics.txt	b7b2000f98c39b1a42c0e23fef5c6bc04565be81	4488	review-evidence-or-register	in-scope: inspect before extraction/deletion	False	not-started	
docs/review/evidence/project-source-compiled-approval-rerun.txt	2b9f865acd197ab5c6cc252d1aaa5ed58f63a19d	332	review-evidence-or-register	in-scope: inspect before extraction/deletion	False	not-started	
docs/review/evidence/project-source-compiled-approval.txt	26c8b3636c008ecd31e751434d87f32f9acebda2	4195	review-evidence-or-register	in-scope: inspect before extraction/deletion	False	not-started	
docs/review/evidence/project-source-independent-nova-typecheck.txt	e286be37eb0473115cdda048846710cdbe91c47c	67	review-evidence-or-register	in-scope: inspect before extraction/deletion	False	not-started	
docs/review/evidence/project-source-independent-production-lint-comparison.json	fe51488c7066f6687ef680d6bfaa4f7768ef205c	3	review-evidence-or-register	in-scope: inspect before extraction/deletion	False	not-started	
docs/review/evidence/project-source-independent-production-lint.txt	911ff5bde61c9ee4fa3463fd9c0400462f9de926	642	review-evidence-or-register	in-scope: inspect before extraction/deletion	False	not-started	
docs/review/evidence/project-source-local-approval-source.txt	821d75947132ffb697a3adf8f1809c7f3ff4d288	1334	review-evidence-or-register	in-scope: inspect before extraction/deletion	False	not-started	
docs/review/evidence/project-source-local-architecture-validator-build.txt	e514836f84ec82c0806daf38f5a7696888f97e98	223	review-evidence-or-register	in-scope: inspect before extraction/deletion	False	not-started	
docs/review/evidence/project-source-local-architecture-validator-tests.txt	fed52ab6e5eec5c7256025c81d97e5e38b9ca9ac	1317	review-evidence-or-register	in-scope: inspect before extraction/deletion	False	not-started	
docs/review/evidence/project-source-local-blueprint-sync-build.txt	e129034246d9b2e0b363e848d23d57d14f2c2e97	215	review-evidence-or-register	in-scope: inspect before extraction/deletion	False	not-started	
docs/review/evidence/project-source-local-blueprint-sync-tests.txt	66c46f124f3a86ed86f9dba30cda5797c25ddc45	1177	review-evidence-or-register	in-scope: inspect before extraction/deletion	False	not-started	
docs/review/evidence/project-source-local-compiler.txt	496a9418182e2b7c1ab29a9ff0c3e20560ea168b	547	review-evidence-or-register	in-scope: inspect before extraction/deletion	False	not-started	
docs/review/evidence/project-source-local-implementation-agent-build.txt	6180bec2e7eea07704d586be026d39444736e160	221	review-evidence-or-register	in-scope: inspect before extraction/deletion	False	not-started	
docs/review/evidence/project-source-local-implementation-agent-tests.txt	c22835ac25e9a93d2340f33f63da823279698ed5	1381	review-evidence-or-register	in-scope: inspect before extraction/deletion	False	not-started	
docs/review/evidence/project-source-local-nova-typecheck.txt	040d215defbacb1df97c7fa5de2d219772cf1d95	76	review-evidence-or-register	in-scope: inspect before extraction/deletion	False	not-started	
docs/review/evidence/project-source-local-preflight-contract-build.txt	2a6ee653628f00dfb89988a95853c00a9c912332	219	review-evidence-or-register	in-scope: inspect before extraction/deletion	False	not-started	
docs/review/evidence/project-source-local-preflight-contract-tests.txt	e51fa9e27b97bc8f52c08491721cda0886e5cd5a	1589	review-evidence-or-register	in-scope: inspect before extraction/deletion	False	not-started	
docs/review/evidence/project-source-local-project-source.txt	debd6e28a70fddb298793b30f10e957c12a28405	10589	review-evidence-or-register	in-scope: inspect before extraction/deletion	False	not-started	
docs/review/evidence/project-source-local-rerun-architecture-validator-tests.txt	129e49b6d6eab99b6749bd2905b16b8edc0dd80a	536	review-evidence-or-register	in-scope: inspect before extraction/deletion	False	not-started	
docs/review/evidence/project-source-local-rerun-blueprint-sync-tests.txt	fac13ecb3bba1325657bed6ba4dc69f6d0550ecb	471	review-evidence-or-register	in-scope: inspect before extraction/deletion	False	not-started	
docs/review/evidence/project-source-local-rerun-compiler.txt	640c7a9877aaf298f5f5ef6daa7f1bdef9b45afc	146	review-evidence-or-register	in-scope: inspect before extraction/deletion	False	not-started	
docs/review/evidence/project-source-local-rerun-implementation-agent-tests.txt	2b0fe486cb34451f7b3789de6082ebffe47b47aa	529	review-evidence-or-register	in-scope: inspect before extraction/deletion	False	not-started	
docs/review/evidence/project-source-local-rerun-nova-typecheck.txt	040d215defbacb1df97c7fa5de2d219772cf1d95	76	review-evidence-or-register	in-scope: inspect before extraction/deletion	False	not-started	
docs/review/evidence/project-source-local-rerun-preflight-contract-tests.txt	7477dd00e7df6b7c247ca6b5db53f2195aa2cd4c	516	review-evidence-or-register	in-scope: inspect before extraction/deletion	False	not-started	
docs/review/evidence/project-source-local-rerun-project-source.txt	89c43952222a11a9d49e431b43140336f4859d8c	911	review-evidence-or-register	in-scope: inspect before extraction/deletion	False	not-started	
docs/review/evidence/project-source-local-rerun-results.json	8344f7acfc99992f57451daec791923fc341824a	2106	review-evidence-or-register	in-scope: inspect before extraction/deletion	False	not-started	
docs/review/evidence/project-source-local-results.json	47833728aa814b3c6804dccf1e39335d816871b6	3939	review-evidence-or-register	in-scope: inspect before extraction/deletion	False	not-started	
docs/review/evidence/project-source-local-shared-typecheck.txt	c451006e139f9d0116714b1eec32a22488b1115e	93	review-evidence-or-register	in-scope: inspect before extraction/deletion	False	not-started	
docs/review/evidence/project-source-nine-tests.txt	38cd0d768992d9ad0a9fc84cd9a6c92d103a58f7	1043	review-evidence-or-register	in-scope: inspect before extraction/deletion	False	not-started	
docs/review/evidence/registry-clients-cutover-gate-rerun.txt	928e4ef57f6829d0a393928974ba05a7975e2b70	27472	review-evidence-or-register	in-scope: inspect before extraction/deletion	False	not-started	
docs/review/evidence/registry-clients-cutover-gate-rerun2.txt	aea98ef39876941f73725c7ccdf438408da8b6b7	420	review-evidence-or-register	in-scope: inspect before extraction/deletion	False	not-started	
docs/review/evidence/registry-clients-cutover-gate.txt	d9f66bce120c4c5d50f9723c004a90a02551cac0	24950	review-evidence-or-register	in-scope: inspect before extraction/deletion	False	not-started	
docs/review/evidence/registry-clients-database-freshness-rerun.txt	8dd28ea4c1fc632d7542f769f392b7c095fdcaad	550	review-evidence-or-register	in-scope: inspect before extraction/deletion	False	not-started	
docs/review/evidence/registry-clients-database-freshness.txt	12f7807e9527c459f9500791c02835f336559e8c	890	review-evidence-or-register	in-scope: inspect before extraction/deletion	False	not-started	
docs/review/evidence/registry-clients-deployment-gate-rerun.txt	b501225017a41f893823c0e50150b4f0d2357d6a	656	review-evidence-or-register	in-scope: inspect before extraction/deletion	False	not-started	
docs/review/evidence/registry-clients-deployment-gate-rerun2.txt	2becfcfdcb3b2d403f03166a4c966163a308d7b7	102	review-evidence-or-register	in-scope: inspect before extraction/deletion	False	not-started	
docs/review/evidence/registry-clients-deployment-gate.txt	9eb9789cca4502d686cab9d76b893a45e3b40212	12944	review-evidence-or-register	in-scope: inspect before extraction/deletion	False	not-started	
docs/review/evidence/registry-clients-deployment-real-helm-rerun.txt	2becfcfdcb3b2d403f03166a4c966163a308d7b7	102	review-evidence-or-register	in-scope: inspect before extraction/deletion	False	not-started	
docs/review/evidence/registry-clients-existing-client-lint.txt	97cd25e216b8cdefe28b998e5bb0e7b41b6ec916	1043	review-evidence-or-register	in-scope: inspect before extraction/deletion	False	not-started	
docs/review/evidence/registry-clients-lint-final.txt	e69de29bb2d1d6434b8b29ae775ad8c2e48c5391	0	review-evidence-or-register	in-scope: inspect before extraction/deletion	False	not-started	
docs/review/evidence/registry-clients-lint-final2.txt	e69de29bb2d1d6434b8b29ae775ad8c2e48c5391	0	review-evidence-or-register	in-scope: inspect before extraction/deletion	False	not-started	
docs/review/evidence/registry-clients-lint-final3.txt	e69de29bb2d1d6434b8b29ae775ad8c2e48c5391	0	review-evidence-or-register	in-scope: inspect before extraction/deletion	False	not-started	
docs/review/evidence/registry-clients-lint.txt	e69de29bb2d1d6434b8b29ae775ad8c2e48c5391	0	review-evidence-or-register	in-scope: inspect before extraction/deletion	False	not-started	
docs/review/evidence/registry-clients-native-prerequisites.json	6759fc4226c09f8df73152af27ee27334434de47	613	review-evidence-or-register	in-scope: inspect before extraction/deletion	False	not-started	
docs/review/evidence/registry-clients-original-rbac.txt	8f89b80a37e4cad37d5a7743bb09e099260dba1d	71	review-evidence-or-register	in-scope: inspect before extraction/deletion	False	not-started	
docs/review/evidence/registry-clients-original-runtime.txt	e55da13acb17d3503af5d782e46972a8378ae7f9	863	review-evidence-or-register	in-scope: inspect before extraction/deletion	False	not-started	
docs/review/evidence/registry-clients-production-baseline-lint.txt	18e5beacfe4566e2fafcdbf0191da30313ae9e9d	670	review-evidence-or-register	in-scope: inspect before extraction/deletion	False	not-started	
docs/review/evidence/registry-clients-scanner-baseline-lint.txt	004b24014de75b9a505e0198c1619a7a87a8c0c8	413	review-evidence-or-register	in-scope: inspect before extraction/deletion	False	not-started	
docs/review/evidence/registry-clients-tests-final.txt	1237f1236c17436db2e06607fa5f66bad2570066	676	review-evidence-or-register	in-scope: inspect before extraction/deletion	False	not-started	
docs/review/evidence/registry-clients-tests-final2.txt	a1ac2ef54fe4a69c7e3e03395606f7b76a4498aa	677	review-evidence-or-register	in-scope: inspect before extraction/deletion	False	not-started	
docs/review/evidence/registry-clients-tests-final3.txt	ac198c28e7ab5efa065ad5a0520862cf50952446	676	review-evidence-or-register	in-scope: inspect before extraction/deletion	False	not-started	
docs/review/evidence/registry-clients-tests.txt	c798e36e21fd92676f4bbe8ab6604c3f6489eb46	674	review-evidence-or-register	in-scope: inspect before extraction/deletion	False	not-started	
docs/review/evidence/registry-clients-trivy-native-final.txt	60325a278444f63d2d7d54d8457d8fa8d486b174	246	review-evidence-or-register	in-scope: inspect before extraction/deletion	False	not-started	
docs/review/evidence/registry-clients-trivy-native-final2.txt	0b2e80ce3b137ea269a6c9d956ec86052ec56248	245	review-evidence-or-register	in-scope: inspect before extraction/deletion	False	not-started	
docs/review/evidence/registry-clients-trivy-native.txt	8381eb6c76f9f45e68ea26d20c7fe26c0bf3f589	246	review-evidence-or-register	in-scope: inspect before extraction/deletion	False	not-started	
docs/review/evidence/registry-clients-types-rerun.txt	e69de29bb2d1d6434b8b29ae775ad8c2e48c5391	0	review-evidence-or-register	in-scope: inspect before extraction/deletion	False	not-started	
docs/review/evidence/registry-clients-types.txt	93c93da76f62fc50efe5cbf6d36408764279331b	80	review-evidence-or-register	in-scope: inspect before extraction/deletion	False	not-started	
docs/review/evidence/registry-health-api-provider-tests.txt	b4a4708a719a4632a7b87c19bb2e28dd17d8abb6	331	review-evidence-or-register	in-scope: inspect before extraction/deletion	False	not-started	
docs/review/evidence/registry-health-caller-lint.txt	e69de29bb2d1d6434b8b29ae775ad8c2e48c5391	0	review-evidence-or-register	in-scope: inspect before extraction/deletion	False	not-started	
docs/review/evidence/registry-health-engine-types-final.txt	e69de29bb2d1d6434b8b29ae775ad8c2e48c5391	0	review-evidence-or-register	in-scope: inspect before extraction/deletion	False	not-started	
docs/review/evidence/registry-health-engine-types.txt	e69de29bb2d1d6434b8b29ae775ad8c2e48c5391	0	review-evidence-or-register	in-scope: inspect before extraction/deletion	False	not-started	
docs/review/evidence/registry-health-existing-tests-lint.txt	e69de29bb2d1d6434b8b29ae775ad8c2e48c5391	0	review-evidence-or-register	in-scope: inspect before extraction/deletion	False	not-started	
docs/review/evidence/registry-health-generator-tests.txt	8a57c8456a8d28d6f195c13e6093a7e24e10e178	677	review-evidence-or-register	in-scope: inspect before extraction/deletion	False	not-started	
docs/review/evidence/registry-health-http-provider-tests.txt	390d093d301317058b02522aea5d79341106a548	232	review-evidence-or-register	in-scope: inspect before extraction/deletion	False	not-started	
docs/review/evidence/registry-health-kubernetes-cutover-tests.txt	43f16e2d7f1352880ab31e833a3ae1fbe0886fa3	785	review-evidence-or-register	in-scope: inspect before extraction/deletion	False	not-started	
docs/review/evidence/registry-health-lint-final.txt	d2abff9c55ec0ce052683e599100db3b5ed44bbe	987	review-evidence-or-register	in-scope: inspect before extraction/deletion	False	not-started	
docs/review/evidence/registry-health-lint-final2.txt	38981547a53616334ea8b7d342de45937a897947	987	review-evidence-or-register	in-scope: inspect before extraction/deletion	False	not-started	
docs/review/evidence/registry-health-lint.txt	74f4622f2b3813b5d6dfb05914369cf234afa782	987	review-evidence-or-register	in-scope: inspect before extraction/deletion	False	not-started	
docs/review/evidence/registry-health-network-baseline-lint.txt	f8c6b92eb8e8e705ebb8d35a547569837de7218d	357	review-evidence-or-register	in-scope: inspect before extraction/deletion	False	not-started	
docs/review/evidence/registry-health-production-baseline-lint.txt	b8e485bfc4aabffd3ee507e9e58014a0e4969e8b	670	review-evidence-or-register	in-scope: inspect before extraction/deletion	False	not-started	
docs/review/evidence/registry-health-production-graph-tests.txt	141233fb46324bd7ff0b2d530af1cd8ae277fcbb	1574	review-evidence-or-register	in-scope: inspect before extraction/deletion	False	not-started	
docs/review/evidence/registry-health-runtime-config-tests.txt	50d4195cd62338e560677906c6cd0fcda709d62b	103	review-evidence-or-register	in-scope: inspect before extraction/deletion	False	not-started	
docs/review/evidence/registry-health-tailscale-cutover-tests.txt	c0a2ec1ece8d2114b0a0c37b01d70aa7106fdece	955	review-evidence-or-register	in-scope: inspect before extraction/deletion	False	not-started	
docs/review/evidence/registry-health-tests-final.txt	59c2352b9387a6c7e151ea2871869f481cdfee98	458	review-evidence-or-register	in-scope: inspect before extraction/deletion	False	not-started	
docs/review/evidence/registry-health-tests-final2.txt	b817a34ee5b1922c53f866425f57ead15161fd75	458	review-evidence-or-register	in-scope: inspect before extraction/deletion	False	not-started	
docs/review/evidence/registry-health-tests.txt	e2cdf3459cf6e103d8af2f7341b9f1093b27ee35	456	review-evidence-or-register	in-scope: inspect before extraction/deletion	False	not-started	
docs/review/evidence/registry-health-types-final.txt	e69de29bb2d1d6434b8b29ae775ad8c2e48c5391	0	review-evidence-or-register	in-scope: inspect before extraction/deletion	False	not-started	
docs/review/evidence/registry-health-types.txt	e69de29bb2d1d6434b8b29ae775ad8c2e48c5391	0	review-evidence-or-register	in-scope: inspect before extraction/deletion	False	not-started	
docs/review/evidence/registry-health-v2-contract-tests.txt	03c7d858736fefb8dd8aae1dfed2b5517cb65abd	1967	review-evidence-or-register	in-scope: inspect before extraction/deletion	False	not-started	
docs/review/evidence/registry-health-workspace-tests-final.txt	9d3643d475b6cab10fdc70a4a8096e8e7031b9e4	5692	review-evidence-or-register	in-scope: inspect before extraction/deletion	False	not-started	
docs/review/evidence/registry-health-workspace-tests.txt	ebddc550eca4f136aff25a4262848b3e534caf9c	5701	review-evidence-or-register	in-scope: inspect before extraction/deletion	False	not-started	
docs/review/evidence/registry-tests.txt	28b783daa23f6ee69809ea365e3049504feb785b	2897	review-evidence-or-register	in-scope: inspect before extraction/deletion	False	not-started	
docs/review/evidence/report-evidence-artifact-tests.txt	826ed349ad17e9acbe9bbbddea3c4c65f7719cb4	328	review-evidence-or-register	in-scope: inspect before extraction/deletion	False	not-started	
docs/review/evidence/report-evidence-builds.txt	7e0c1f092afdfcd04422b84c8755db482a158a07	282	review-evidence-or-register	in-scope: inspect before extraction/deletion	False	not-started	
docs/review/evidence/report-evidence-case-tests.txt	da384b924e4368094b7b62b24d67f581cf8d9d6d	437	review-evidence-or-register	in-scope: inspect before extraction/deletion	False	not-started	
docs/review/evidence/report-evidence-cleanup-tests.txt	f11a21a77ae2ec471ed017ed6d2e2fa4797d9203	2308	review-evidence-or-register	in-scope: inspect before extraction/deletion	False	not-started	
docs/review/evidence/report-evidence-coordinator-consumer.txt	dbf422d782f0fe0032e5752d3e996bd4e47937d8	404	review-evidence-or-register	in-scope: inspect before extraction/deletion	False	not-started	
docs/review/evidence/report-evidence-core-tsc.txt	83b5f9d4df0d01aa0059b4e2ce67617225986b34	99	review-evidence-or-register	in-scope: inspect before extraction/deletion	False	not-started	
docs/review/evidence/report-evidence-journal-tests.txt	1153a2c4185707ba050202b203b5ad10b5b4b9e3	115	review-evidence-or-register	in-scope: inspect before extraction/deletion	False	not-started	
docs/review/evidence/report-evidence-lint.txt	83b5f9d4df0d01aa0059b4e2ce67617225986b34	99	review-evidence-or-register	in-scope: inspect before extraction/deletion	False	not-started	
docs/review/evidence/report-evidence-reconcile-lint.txt	83b5f9d4df0d01aa0059b4e2ce67617225986b34	99	review-evidence-or-register	in-scope: inspect before extraction/deletion	False	not-started	
docs/review/evidence/report-evidence-review-tests.txt	33c41c8fc207d887c4a70d3bb898f0245704babe	452	review-evidence-or-register	in-scope: inspect before extraction/deletion	False	not-started	
docs/review/evidence/report-evidence-runroot-tests.txt	4f87913c4aab26b0214a592c8e72bf6f800645e8	32	review-evidence-or-register	in-scope: inspect before extraction/deletion	False	not-started	
docs/review/evidence/report-evidence-source-tests.txt	3a48be31cc08062449b52d2a929caaa435714e0b	1180	review-evidence-or-register	in-scope: inspect before extraction/deletion	False	not-started	
docs/review/evidence/report-evidence-test-tsc.txt	83b5f9d4df0d01aa0059b4e2ce67617225986b34	99	review-evidence-or-register	in-scope: inspect before extraction/deletion	False	not-started	
docs/review/evidence/report-identity-case-tests.txt	da384b924e4368094b7b62b24d67f581cf8d9d6d	437	review-evidence-or-register	in-scope: inspect before extraction/deletion	False	not-started	
docs/review/evidence/report-identity-review-tests.txt	33c41c8fc207d887c4a70d3bb898f0245704babe	452	review-evidence-or-register	in-scope: inspect before extraction/deletion	False	not-started	
docs/review/evidence/resume-20260909/demo/build.txt	d787099bf9b54215afebef833e524bded6aef65d	141	review-evidence-or-register	in-scope: inspect before extraction/deletion	False	not-started	
docs/review/evidence/resume-20260909/demo/cli-lint.txt	091f2d339254c2df67d651b6b0d671941775cc0b	811	review-evidence-or-register	in-scope: inspect before extraction/deletion	False	not-started	
docs/review/evidence/resume-20260909/demo/controller-race.txt	c232152da08afb08a03eb50d0d7f270596b93814	71	review-evidence-or-register	in-scope: inspect before extraction/deletion	False	not-started	
docs/review/evidence/resume-20260909/demo/handoff-test-lint.txt	83b5f9d4df0d01aa0059b4e2ce67617225986b34	99	review-evidence-or-register	in-scope: inspect before extraction/deletion	False	not-started	
docs/review/evidence/resume-20260909/demo/nova-types.txt	83b5f9d4df0d01aa0059b4e2ce67617225986b34	99	review-evidence-or-register	in-scope: inspect before extraction/deletion	False	not-started	
docs/review/evidence/resume-20260909/demo/package-tests-final.txt	0be00b71aaf83e54aea70b4218f50f63afcdfe81	2364	review-evidence-or-register	in-scope: inspect before extraction/deletion	False	not-started	
docs/review/evidence/resume-20260909/demo/package-tests-terminal-recovery.txt	9ee0db5fb46c9d3332dee994474284efabad1ede	692	review-evidence-or-register	in-scope: inspect before extraction/deletion	False	not-started	
docs/review/evidence/resume-20260909/demo/package-tests.txt	7d4c2bab7b89bedbac60a7d9ec94aa78474363fe	690	review-evidence-or-register	in-scope: inspect before extraction/deletion	False	not-started	
docs/review/evidence/resume-20260909/demo/production-lint-configured.txt	83b5f9d4df0d01aa0059b4e2ce67617225986b34	99	review-evidence-or-register	in-scope: inspect before extraction/deletion	False	not-started	
docs/review/evidence/resume-20260909/demo/production-lint.txt	95eaf7734f14311c7850d2a469f632f8a962adf0	601	review-evidence-or-register	in-scope: inspect before extraction/deletion	False	not-started	
docs/review/evidence/resume-20260909/integration-055ed19/builds.log	ed1a33f05706bc97ee1d29cbea1cc13f1ea49b67	338	review-evidence-or-register	in-scope: inspect before extraction/deletion	False	not-started	
docs/review/evidence/resume-20260909/integration-055ed19/checksums.json	63e27d253a3d07db28345b4fea55f13409fadec0	2021	review-evidence-or-register	in-scope: inspect before extraction/deletion	False	not-started	
docs/review/evidence/resume-20260909/integration-055ed19/controller.log	ee752279c3c3569c0505b543272247b26b69c9b6	71	review-evidence-or-register	in-scope: inspect before extraction/deletion	False	not-started	
docs/review/evidence/resume-20260909/integration-055ed19/coverage.log	6405474fc0deee6c82053b391dadce6be578afb4	853	review-evidence-or-register	in-scope: inspect before extraction/deletion	False	not-started	
docs/review/evidence/resume-20260909/integration-055ed19/demo.log	352b4f017c64b351dbbe5b6e832d51e08e44abe5	691	review-evidence-or-register	in-scope: inspect before extraction/deletion	False	not-started	
docs/review/evidence/resume-20260909/integration-055ed19/deployment.log	2becfcfdcb3b2d403f03166a4c966163a308d7b7	102	review-evidence-or-register	in-scope: inspect before extraction/deletion	False	not-started	
docs/review/evidence/resume-20260909/integration-055ed19/fixture-contracts.log	1b3a2e3e8d53dc4ea52810536f0d75d87de3e2fd	1383	review-evidence-or-register	in-scope: inspect before extraction/deletion	False	not-started	
docs/review/evidence/resume-20260909/integration-055ed19/inventory.log	70a0673df2fe268f3e9b9266192a54032a05fcc0	300	review-evidence-or-register	in-scope: inspect before extraction/deletion	False	not-started	
docs/review/evidence/resume-20260909/integration-055ed19/manifest.json	286507cd0a142ef13f47089f121bfc4cee969a76	3565	review-evidence-or-register	in-scope: inspect before extraction/deletion	False	not-started	
docs/review/evidence/resume-20260909/integration-055ed19/operator.log	7ebbd15d3f2ed3e7d73334271495ed19a97ced58	873	review-evidence-or-register	in-scope: inspect before extraction/deletion	False	not-started	
docs/review/evidence/resume-20260909/integration-055ed19/readiness.log	2d30a6670cffad41126a038b6d9e787bc873e688	4327	review-evidence-or-register	in-scope: inspect before extraction/deletion	False	not-started	
docs/review/evidence/resume-20260909/integration-055ed19/registry.log	2195adaa149d15cd59e9bc765baca3f1e5ce5a50	51	review-evidence-or-register	in-scope: inspect before extraction/deletion	False	not-started	
docs/review/evidence/resume-20260909/integration-055ed19/remote-runtime.log	c760373df2c63f49544f36ed055347c2b127e40c	776	review-evidence-or-register	in-scope: inspect before extraction/deletion	False	not-started	
docs/review/evidence/resume-20260909/integration-055ed19/run.py	c4443e918bed2dad7f8ba6ff5c4e92a7f22bcac7	3645	review-evidence-or-register	in-scope: inspect before extraction/deletion	False	not-started	
docs/review/evidence/resume-20260909/integration-055ed19/scaffold.log	bb09e4180d5de11c2f79ea2593b4a7ad84280e8b	3351	review-evidence-or-register	in-scope: inspect before extraction/deletion	False	not-started	
docs/review/evidence/resume-20260909/integration-055ed19/source-status.txt	0f954fa3a325694a355d8e58ea3004685959613f	95	review-evidence-or-register	in-scope: inspect before extraction/deletion	False	not-started	
docs/review/evidence/resume-20260909/integration-055ed19/types.log	c65709ab3d7000bfa97d4831475a08f5e14d8124	334	review-evidence-or-register	in-scope: inspect before extraction/deletion	False	not-started	
docs/review/evidence/resume-20260909/integration-055ed19/versions.log	f3bf05ba99b2c9382842a38334f106f3334f6f4f	494	review-evidence-or-register	in-scope: inspect before extraction/deletion	False	not-started	
docs/review/evidence/resume-20260909/integration-b7f496d/inventory.log	38115d315182178fe31d3e65ea65fb3133937e39	246	review-evidence-or-register	in-scope: inspect before extraction/deletion	False	not-started	
docs/review/evidence/resume-20260909/integration-b7f496d/manifest.json	602a7fdbbbace226fd982348e0b91fd3c8d42711	306	review-evidence-or-register	in-scope: inspect before extraction/deletion	False	not-started	
docs/review/evidence/resume-20260909/integration-b7f496d/readiness-missing-tool-path.log	3d2a04506df1be69276a283e48e3576fd3df6d35	7039	review-evidence-or-register	in-scope: inspect before extraction/deletion	False	not-started	
docs/review/evidence/resume-20260909/integration-b7f496d/readiness.log	077593524a188d0c57bae236bc4262d10e16f9d5	3268	review-evidence-or-register	in-scope: inspect before extraction/deletion	False	not-started	
docs/review/evidence/resume-20260909/offline-import/lint-final.log	e69de29bb2d1d6434b8b29ae775ad8c2e48c5391	0	review-evidence-or-register	in-scope: inspect before extraction/deletion	False	not-started	
docs/review/evidence/resume-20260909/offline-import/lint.log	e69de29bb2d1d6434b8b29ae775ad8c2e48c5391	0	review-evidence-or-register	in-scope: inspect before extraction/deletion	False	not-started	
docs/review/evidence/resume-20260909/offline-import/missing-runtime.log	cb6ea4ae70e6ceb78cef18d0a580ddce9fdd2f0e	146	review-evidence-or-register	in-scope: inspect before extraction/deletion	False	not-started	
docs/review/evidence/resume-20260909/offline-import/utilities-after.log	307a732b53489d451aec46807e5d00ece82fe2b0	3863	review-evidence-or-register	in-scope: inspect before extraction/deletion	False	not-started	
docs/review/evidence/resume-20260909/offline-import/utilities-before.log	84d6d5a0b71b2e64e6bf61d2926936b63ec529bf	1506	review-evidence-or-register	in-scope: inspect before extraction/deletion	False	not-started	
docs/review/evidence/resume-20260909/offline-import/utilities-final.log	c8c7717f19eb3f91b221a86531850a1038ba14fa	438	review-evidence-or-register	in-scope: inspect before extraction/deletion	False	not-started	
docs/review/evidence/resume-20260909/offline/coverage-workspace.log	c4714ddb3192206933b29afe1daea9522702bcaa	6791	review-evidence-or-register	in-scope: inspect before extraction/deletion	False	not-started	
docs/review/evidence/resume-20260909/offline/diff-check.log	e69de29bb2d1d6434b8b29ae775ad8c2e48c5391	0	review-evidence-or-register	in-scope: inspect before extraction/deletion	False	not-started	
docs/review/evidence/resume-20260909/offline/failure-matrix.log	7b9dc4d434e69aa25b2ad3aa4c4de9e32a10e572	72	review-evidence-or-register	in-scope: inspect before extraction/deletion	False	not-started	
docs/review/evidence/resume-20260909/offline/kubernetes.log	bb0d243a6edda4694230c448fb3dea8e90a2eff8	537	review-evidence-or-register	in-scope: inspect before extraction/deletion	False	not-started	
docs/review/evidence/resume-20260909/offline/lint.log	e69de29bb2d1d6434b8b29ae775ad8c2e48c5391	0	review-evidence-or-register	in-scope: inspect before extraction/deletion	False	not-started	
docs/review/evidence/resume-20260909/offline/registry-health.log	a0df291060469ba109b34842f75ef6516eb4c908	458	review-evidence-or-register	in-scope: inspect before extraction/deletion	False	not-started	
docs/review/evidence/resume-20260909/offline/source-paths.txt	396247647dc80670aa300d92af05bb4c5213e837	942	review-evidence-or-register	in-scope: inspect before extraction/deletion	False	not-started	
docs/review/evidence/resume-20260909/offline/tailscale.log	9e20169a9a893282bda9ec03a428fd41238a1faa	624	review-evidence-or-register	in-scope: inspect before extraction/deletion	False	not-started	
docs/review/evidence/resume-20260909/offline/v2-contracts.log	ee9b7b1972162b754a4abf0a83c3800dd658083c	222	review-evidence-or-register	in-scope: inspect before extraction/deletion	False	not-started	
docs/review/evidence/resume-20260909/readiness/buster-types-after.txt	e69de29bb2d1d6434b8b29ae775ad8c2e48c5391	0	review-evidence-or-register	in-scope: inspect before extraction/deletion	False	not-started	
docs/review/evidence/resume-20260909/readiness/buster-types.txt	e69de29bb2d1d6434b8b29ae775ad8c2e48c5391	0	review-evidence-or-register	in-scope: inspect before extraction/deletion	False	not-started	
docs/review/evidence/resume-20260909/readiness/cancellation-lint.txt	e69de29bb2d1d6434b8b29ae775ad8c2e48c5391	0	review-evidence-or-register	in-scope: inspect before extraction/deletion	False	not-started	
docs/review/evidence/resume-20260909/readiness/cancellation-runtime-final.txt	5746b7f6d0b1a3ef03fc5d198a4ce8c50b51f2b9	776	review-evidence-or-register	in-scope: inspect before extraction/deletion	False	not-started	
docs/review/evidence/resume-20260909/readiness/cancellation-runtime.txt	c5ec396e39a2514c537dfce66050f2c41b6d37dc	776	review-evidence-or-register	in-scope: inspect before extraction/deletion	False	not-started	
docs/review/evidence/resume-20260909/readiness/cancellation-tests-final.txt	a6f4ca3a2ee7370904cde4469fbc12446c56360b	1227	review-evidence-or-register	in-scope: inspect before extraction/deletion	False	not-started	
docs/review/evidence/resume-20260909/readiness/cancellation-tests.txt	cb28cabd363d34a1d5ad87194734e6b52ff7ac60	958	review-evidence-or-register	in-scope: inspect before extraction/deletion	False	not-started	
docs/review/evidence/resume-20260909/readiness/cancellation-types.txt	e69de29bb2d1d6434b8b29ae775ad8c2e48c5391	0	review-evidence-or-register	in-scope: inspect before extraction/deletion	False	not-started	
docs/review/evidence/resume-20260909/readiness/changed-existing-lint.txt	363e5ee615b58e5691c50a98fe06d5627a1ce4ad	581	review-evidence-or-register	in-scope: inspect before extraction/deletion	False	not-started	
docs/review/evidence/resume-20260909/readiness/deployment.txt	2becfcfdcb3b2d403f03166a4c966163a308d7b7	102	review-evidence-or-register	in-scope: inspect before extraction/deletion	False	not-started	
docs/review/evidence/resume-20260909/readiness/lint-canonical.txt	e69de29bb2d1d6434b8b29ae775ad8c2e48c5391	0	review-evidence-or-register	in-scope: inspect before extraction/deletion	False	not-started	
docs/review/evidence/resume-20260909/readiness/lint.txt	f50507c231207ec216d49b3fa9a1f6a2a450d18e	502	review-evidence-or-register	in-scope: inspect before extraction/deletion	False	not-started	
docs/review/evidence/resume-20260909/readiness/prism-types.txt	e69de29bb2d1d6434b8b29ae775ad8c2e48c5391	0	review-evidence-or-register	in-scope: inspect before extraction/deletion	False	not-started	
docs/review/evidence/resume-20260909/readiness/remote-runtime.txt	2a171bef7ffc9f9a8af23abc0d616193f4cf25a6	506	review-evidence-or-register	in-scope: inspect before extraction/deletion	False	not-started	
docs/review/evidence/resume-20260909/readiness/shutdown-regression-after.txt	2a171bef7ffc9f9a8af23abc0d616193f4cf25a6	506	review-evidence-or-register	in-scope: inspect before extraction/deletion	False	not-started	
docs/review/evidence/resume-20260909/readiness/shutdown-regression-before.txt	68486937c5814abcbec908f7c0b0bcd0eefa2a88	1150	review-evidence-or-register	in-scope: inspect before extraction/deletion	False	not-started	
docs/review/evidence/resume-20260909/readiness/tests.txt	a9974962da57f08a4d39a2cb166e23fea73a5ec4	2224	review-evidence-or-register	in-scope: inspect before extraction/deletion	False	not-started	
docs/review/evidence/resume-20260909/remaining/discovery-head-lint.txt	2e30f9ef42fc3564bad545fa6621029edd2b2c26	792	review-evidence-or-register	in-scope: inspect before extraction/deletion	False	not-started	
docs/review/evidence/resume-20260909/remaining/lint.txt	81d476a3ff90dffc36efc27da9c71bc3ca6c6a29	792	review-evidence-or-register	in-scope: inspect before extraction/deletion	False	not-started	
docs/review/evidence/resume-20260909/remaining/lookup-recovery-all-lint.txt	e69de29bb2d1d6434b8b29ae775ad8c2e48c5391	0	review-evidence-or-register	in-scope: inspect before extraction/deletion	False	not-started	
docs/review/evidence/resume-20260909/remaining/lookup-recovery-lint.txt	e69de29bb2d1d6434b8b29ae775ad8c2e48c5391	0	review-evidence-or-register	in-scope: inspect before extraction/deletion	False	not-started	
docs/review/evidence/resume-20260909/remaining/lookup-recovery-negative.txt	ab1622af408794805e5173e212ed23505ab36626	1716	review-evidence-or-register	in-scope: inspect before extraction/deletion	False	not-started	
docs/review/evidence/resume-20260909/remaining/lookup-recovery-tests.txt	da2a8ba7a502e88460abdc3c39a7af3b871098ce	524	review-evidence-or-register	in-scope: inspect before extraction/deletion	False	not-started	
docs/review/evidence/resume-20260909/remaining/lookup-recovery-types.txt	e69de29bb2d1d6434b8b29ae775ad8c2e48c5391	0	review-evidence-or-register	in-scope: inspect before extraction/deletion	False	not-started	
docs/review/evidence/resume-20260909/remaining/new-test-lint.txt	e69de29bb2d1d6434b8b29ae775ad8c2e48c5391	0	review-evidence-or-register	in-scope: inspect before extraction/deletion	False	not-started	
docs/review/evidence/resume-20260909/remaining/operator-boundary-lint.txt	e69de29bb2d1d6434b8b29ae775ad8c2e48c5391	0	review-evidence-or-register	in-scope: inspect before extraction/deletion	False	not-started	
docs/review/evidence/resume-20260909/remaining/operator-package-final.txt	104795f7d78d9dca8ae3f886a25cf646c4964a93	351	review-evidence-or-register	in-scope: inspect before extraction/deletion	False	not-started	
docs/review/evidence/resume-20260909/remaining/operator-package-recovery.txt	104795f7d78d9dca8ae3f886a25cf646c4964a93	351	review-evidence-or-register	in-scope: inspect before extraction/deletion	False	not-started	
docs/review/evidence/resume-20260909/remaining/operator-package.txt	58440b86145012782c0109ecd6b01d0a3561b669	1508	review-evidence-or-register	in-scope: inspect before extraction/deletion	False	not-started	
docs/review/evidence/resume-20260909/remaining/operator-types.txt	e69de29bb2d1d6434b8b29ae775ad8c2e48c5391	0	review-evidence-or-register	in-scope: inspect before extraction/deletion	False	not-started	
docs/review/evidence/resume-20260909/remaining/publication-tests.txt	64ba2606fa8fd1f179ad04d9ce4c22f8f377396b	563	review-evidence-or-register	in-scope: inspect before extraction/deletion	False	not-started	
docs/review/evidence/resume-20260909/remaining/scaffold-types.txt	e69de29bb2d1d6434b8b29ae775ad8c2e48c5391	0	review-evidence-or-register	in-scope: inspect before extraction/deletion	False	not-started	
docs/review/evidence/resume-20260909/remaining/tests.txt	b8ed500bb8ca2999960b51f1ead25f72d58b44dd	4147	review-evidence-or-register	in-scope: inspect before extraction/deletion	False	not-started	
docs/review/evidence/resume-20260909/root/inventory.log	70a0673df2fe268f3e9b9266192a54032a05fcc0	300	review-evidence-or-register	in-scope: inspect before extraction/deletion	False	not-started	
docs/review/evidence/resume-20260909/root/registry.log	2195adaa149d15cd59e9bc765baca3f1e5ce5a50	51	review-evidence-or-register	in-scope: inspect before extraction/deletion	False	not-started	
docs/review/evidence/resume-20260909/root/sdk.log	4f64d147cf84d6b846bae898054e77d158e2f64f	1322	review-evidence-or-register	in-scope: inspect before extraction/deletion	False	not-started	
docs/review/evidence/resume-20260909/root/versions.log	050704d4c65477ec27a737c94c083eba7df50615	312	review-evidence-or-register	in-scope: inspect before extraction/deletion	False	not-started	
docs/review/evidence/resume-20260912-supervisor/audit.json	8a6225e453ba7c0a469c6e51679628ac9b317b01	592	review-evidence-or-register	in-scope: inspect before extraction/deletion	False	not-started	
docs/review/evidence/resume-20260912-supervisor/lease-before.txt	01da8f26941cf229dbd22df171f5abc3c80a669f	1296	review-evidence-or-register	in-scope: inspect before extraction/deletion	False	not-started	
docs/review/evidence/resume-20260912-supervisor/lint-after.txt	e69de29bb2d1d6434b8b29ae775ad8c2e48c5391	0	review-evidence-or-register	in-scope: inspect before extraction/deletion	False	not-started	
docs/review/evidence/resume-20260912-supervisor/lint-initial.txt	d74a575029da6cd8efe9cacd876ce22395d27312	201	review-evidence-or-register	in-scope: inspect before extraction/deletion	False	not-started	
docs/review/evidence/resume-20260912-supervisor/native-adoption-blocked.txt	5bbb766b90fbb243d5cf56269304fe488b5e059d	1042	review-evidence-or-register	in-scope: inspect before extraction/deletion	False	not-started	
docs/review/evidence/resume-20260912-supervisor/operations-after.txt	6a452dece14c3e819be0083303d1fea4ae3efe7a	7485	review-evidence-or-register	in-scope: inspect before extraction/deletion	False	not-started	
docs/review/evidence/resume-39-20260911/fresh-restore.txt	954c6a42148747fdc689797ca1a73dd9bfb03d81	632	review-evidence-or-register	in-scope: inspect before extraction/deletion	False	not-started	
docs/review/evidence/resume-84-buster-independent/final-tests.txt	ea86818adad637e21a0cd704f4cd28480484dc14	539	review-evidence-or-register	in-scope: inspect before extraction/deletion	False	not-started	
docs/review/evidence/resume-84-buster-independent/final-types.txt	e69de29bb2d1d6434b8b29ae775ad8c2e48c5391	0	review-evidence-or-register	in-scope: inspect before extraction/deletion	False	not-started	
docs/review/evidence/resume-84-buster-independent/initial-tests.txt	5bb4a547a001ae2d61811857fd3461203b434d50	473	review-evidence-or-register	in-scope: inspect before extraction/deletion	False	not-started	
docs/review/evidence/resume-84-buster-independent/lint.txt	37fd1c13a36de1bd64369256a759b37b5febe01a	586	review-evidence-or-register	in-scope: inspect before extraction/deletion	False	not-started	
docs/review/evidence/resume-84-buster-independent/manifest.json	e81f8311674af352f88c09ae33c7b71999b876e9	1173	review-evidence-or-register	in-scope: inspect before extraction/deletion	False	not-started	
docs/review/evidence/resume-84-buster-independent/types.txt	e69de29bb2d1d6434b8b29ae775ad8c2e48c5391	0	review-evidence-or-register	in-scope: inspect before extraction/deletion	False	not-started	
docs/review/evidence/resume-84-buster-read-independent/manifest.json	83732bbe889000b1ce9b345725c4645f396842d5	485	review-evidence-or-register	in-scope: inspect before extraction/deletion	False	not-started	
docs/review/evidence/resume-84-buster-read-independent/tests.txt	1cdd30e386263f42095cd381ef2dc51908775c65	606	review-evidence-or-register	in-scope: inspect before extraction/deletion	False	not-started	
docs/review/evidence/resume-84-buster-read-independent/types.txt	e69de29bb2d1d6434b8b29ae775ad8c2e48c5391	0	review-evidence-or-register	in-scope: inspect before extraction/deletion	False	not-started	
docs/review/evidence/resume-84-buster-root/knip-config.txt	a448c03dec16b97889ed7a5915559733fc7b06a2	244	review-evidence-or-register	in-scope: inspect before extraction/deletion	False	not-started	
docs/review/evidence/resume-84-buster-root/manifest.json	c9a4dd288b492cffa870381fd901cbe2ea838946	779	review-evidence-or-register	in-scope: inspect before extraction/deletion	False	not-started	
docs/review/evidence/resume-84-buster-root/ownership.txt	a99da15e44f20ca96c9222a5301627c71ef5150b	82	review-evidence-or-register	in-scope: inspect before extraction/deletion	False	not-started	
docs/review/evidence/resume-84-buster-root/remote-plan-entry.txt	89a55493e0c12d657e68225cd067fb446118966f	1018	review-evidence-or-register	in-scope: inspect before extraction/deletion	False	not-started	
docs/review/evidence/resume-84-buster-root/status-read-final.txt	57d0e8eade4f9eac499186214697b70f1374c4b0	505	review-evidence-or-register	in-scope: inspect before extraction/deletion	False	not-started	
docs/review/evidence/resume-84-buster-root/status-read-types.txt	e69de29bb2d1d6434b8b29ae775ad8c2e48c5391	0	review-evidence-or-register	in-scope: inspect before extraction/deletion	False	not-started	
docs/review/evidence/resume-84-buster-root/test-types-final.txt	e69de29bb2d1d6434b8b29ae775ad8c2e48c5391	0	review-evidence-or-register	in-scope: inspect before extraction/deletion	False	not-started	
docs/review/evidence/resume-84-buster-root/test-types.txt	e69de29bb2d1d6434b8b29ae775ad8c2e48c5391	0	review-evidence-or-register	in-scope: inspect before extraction/deletion	False	not-started	
docs/review/evidence/resume-84-buster-shutdown-storage/admission-after-path.log	cc3fe5fcbb70c2305975ad9896aca4e63bde3d05	885	review-evidence-or-register	in-scope: inspect before extraction/deletion	False	not-started	
docs/review/evidence/resume-84-buster-shutdown-storage/admission-after.log	3b32af7b58f35c103535498f049f5c5a21ce117b	1138	review-evidence-or-register	in-scope: inspect before extraction/deletion	False	not-started	
docs/review/evidence/resume-84-buster-shutdown-storage/admission-before.log	05f24a782779b5010ba80f104794d2fb8f7f6b73	887	review-evidence-or-register	in-scope: inspect before extraction/deletion	False	not-started	
docs/review/evidence/resume-84-buster-shutdown-storage/admission-final-after.log	cfb02b6f72e9d46a1fe6b66c4f9bf4b8b7320d93	181	review-evidence-or-register	in-scope: inspect before extraction/deletion	False	not-started	
docs/review/evidence/resume-84-buster-shutdown-storage/admission-final-before.log	234f4787f2fdfa66142dfde3f7dbaddabdf4a433	928	review-evidence-or-register	in-scope: inspect before extraction/deletion	False	not-started	
docs/review/evidence/resume-84-buster-shutdown-storage/after-final.log	1a6554531e34f1492531e74e5450bfa5b63effb5	471	review-evidence-or-register	in-scope: inspect before extraction/deletion	False	not-started	
docs/review/evidence/resume-84-buster-shutdown-storage/after.log	85d80cea2a16d021fc611ae7a76ae2547e8fa6e4	373	review-evidence-or-register	in-scope: inspect before extraction/deletion	False	not-started	
docs/review/evidence/resume-84-buster-shutdown-storage/before-corrected.log	95d3611320048ac2c34d5c68f9ad0dfbf1dac90a	1882	review-evidence-or-register	in-scope: inspect before extraction/deletion	False	not-started	
docs/review/evidence/resume-84-buster-shutdown-storage/before-final.log	ad4ffc8228f10e07bc51d7f834ae0c6a9f9e4210	3053	review-evidence-or-register	in-scope: inspect before extraction/deletion	False	not-started	
docs/review/evidence/resume-84-buster-shutdown-storage/before.log	8be2b27d08a0f233cc6f7f256eaef93a917f7f26	2760	review-evidence-or-register	in-scope: inspect before extraction/deletion	False	not-started	
docs/review/evidence/resume-84-buster-shutdown-storage/configured-lint-before.log	9bd528e74f6c8d1ec6bed70528907f990ecf657e	589	review-evidence-or-register	in-scope: inspect before extraction/deletion	False	not-started	
docs/review/evidence/resume-84-buster-shutdown-storage/configured-lint.log	f72061a1fa56fe7a029719a407fa0daeb202208f	589	review-evidence-or-register	in-scope: inspect before extraction/deletion	False	not-started	
docs/review/evidence/resume-84-buster-shutdown-storage/final-five.log	6a0c2743f97b8c5ccce15fd9d8dbf08c109ce977	437	review-evidence-or-register	in-scope: inspect before extraction/deletion	False	not-started	
docs/review/evidence/resume-84-buster-shutdown-storage/final-lint.log	6307ba78f75af581237029dc086fd4e7f628de3d	589	review-evidence-or-register	in-scope: inspect before extraction/deletion	False	not-started	
docs/review/evidence/resume-84-buster-shutdown-storage/final-types.log	e69de29bb2d1d6434b8b29ae775ad8c2e48c5391	0	review-evidence-or-register	in-scope: inspect before extraction/deletion	False	not-started	
docs/review/evidence/resume-84-buster-shutdown-storage/generic-process-cancel.log	50983b63bf1e8faee3952249638f3bb30add1e98	231	review-evidence-or-register	in-scope: inspect before extraction/deletion	False	not-started	
docs/review/evidence/resume-84-buster-shutdown-storage/lint.log	f50507c231207ec216d49b3fa9a1f6a2a450d18e	502	review-evidence-or-register	in-scope: inspect before extraction/deletion	False	not-started	
docs/review/evidence/resume-84-buster-shutdown-storage/original-store-counterexample.log	71315b43a692fb268d0c32e247b064fa0b6222af	384	review-evidence-or-register	in-scope: inspect before extraction/deletion	False	not-started	
docs/review/evidence/resume-84-buster-shutdown-storage/original-store-counterexample.mts	63ff4c3e098f87552fd0428d7d225ece131a3dc5	5013	review-evidence-or-register	in-scope: inspect before extraction/deletion	False	not-started	
docs/review/evidence/resume-84-buster-shutdown-storage/test-typecheck.log	e69de29bb2d1d6434b8b29ae775ad8c2e48c5391	0	review-evidence-or-register	in-scope: inspect before extraction/deletion	False	not-started	
docs/review/evidence/resume-84-buster-shutdown-storage/typecheck.log	e69de29bb2d1d6434b8b29ae775ad8c2e48c5391	0	review-evidence-or-register	in-scope: inspect before extraction/deletion	False	not-started	
docs/review/evidence/resume-84-buster-status-read/fixed-six.log	c034d6278d322994a36c2256525e0753ce8d5cc1	505	review-evidence-or-register	in-scope: inspect before extraction/deletion	False	not-started	
docs/review/evidence/resume-84-buster-status-read/original-store-read-red.mts	e6e4af3dff34394c92ed274b6d08af31ea5fbb27	5250	review-evidence-or-register	in-scope: inspect before extraction/deletion	False	not-started	
docs/review/evidence/resume-84-buster-status-read/red-1.log	9dc1c038983f992b60899bd98490fcfeb6b2926a	1317	review-evidence-or-register	in-scope: inspect before extraction/deletion	False	not-started	
docs/review/evidence/resume-84-buster-status-read/red-2.log	7e12243a9718cb519b66e92b16684a34fa421110	1317	review-evidence-or-register	in-scope: inspect before extraction/deletion	False	not-started	
docs/review/evidence/resume-84-buster-status-read/result.json	e768f6b673e0d308a809252bb826eefd81db1679	646	review-evidence-or-register	in-scope: inspect before extraction/deletion	False	not-started	
docs/review/evidence/resume-84-delivery-review/commands.json	8a80c95ca8e329b7529e926eaecf8b0187e9cd53	1471	review-evidence-or-register	in-scope: inspect before extraction/deletion	False	not-started	
docs/review/evidence/resume-84-delivery-review/contract-types.txt	e69de29bb2d1d6434b8b29ae775ad8c2e48c5391	0	review-evidence-or-register	in-scope: inspect before extraction/deletion	False	not-started	
docs/review/evidence/resume-84-delivery-review/delivery.txt	0865ea0cb353c236abd313e05547ddfad0e7b71c	8700	review-evidence-or-register	in-scope: inspect before extraction/deletion	False	not-started	
docs/review/evidence/resume-84-delivery-review/demo-auth-go.txt	8163542a9c453ebe64ec630ea161966fed17d04e	652	review-evidence-or-register	in-scope: inspect before extraction/deletion	False	not-started	
docs/review/evidence/resume-84-delivery-review/demo-auth-package.txt	e5c1f2b708147416445e66bd320c518c31ff3980	2449	review-evidence-or-register	in-scope: inspect before extraction/deletion	False	not-started	
docs/review/evidence/resume-84-delivery-review/gate-package.txt	0334f6effcbfc74fc90fcd4b621d551b9e9e192d	1218	review-evidence-or-register	in-scope: inspect before extraction/deletion	False	not-started	
docs/review/evidence/resume-84-delivery-review/go-commands.json	31f075b8cd465ec04a05b4c23471aed3d3013f53	711	review-evidence-or-register	in-scope: inspect before extraction/deletion	False	not-started	
docs/review/evidence/resume-84-delivery-review/handoff-go.txt	e568b51f9345787e033950cfcc91061097667c76	692	review-evidence-or-register	in-scope: inspect before extraction/deletion	False	not-started	
docs/review/evidence/resume-84-delivery-review/http-package.txt	64b8db6eb596dcdd7fe96cbc301a0af4a2455b71	274	review-evidence-or-register	in-scope: inspect before extraction/deletion	False	not-started	
docs/review/evidence/resume-84-delivery-review/lint-configured.txt	e69de29bb2d1d6434b8b29ae775ad8c2e48c5391	0	review-evidence-or-register	in-scope: inspect before extraction/deletion	False	not-started	
docs/review/evidence/resume-84-delivery-review/lint.txt	f50507c231207ec216d49b3fa9a1f6a2a450d18e	502	review-evidence-or-register	in-scope: inspect before extraction/deletion	False	not-started	
docs/review/evidence/resume-84-delivery-review/manifest.json	f716040badb42ede36de87ffbdd6c282094c70e4	9345	review-evidence-or-register	in-scope: inspect before extraction/deletion	False	not-started	
docs/review/evidence/resume-84-delivery-review/ownership.txt	a99da15e44f20ca96c9222a5301627c71ef5150b	82	review-evidence-or-register	in-scope: inspect before extraction/deletion	False	not-started	
docs/review/evidence/resume-84-delivery-review/remote-gate-go.txt	c0f655d7bf19979cbee9848d39e71b15cdbad794	513	review-evidence-or-register	in-scope: inspect before extraction/deletion	False	not-started	
docs/review/evidence/resume-84-delivery-review/static-commands.json	1b21b31aef1259418436a6e51d02ef6bb158ed3f	578	review-evidence-or-register	in-scope: inspect before extraction/deletion	False	not-started	
docs/review/evidence/resume-84-delivery-review/summary-package.txt	82e62913368ff591ff7de21ce17225b51b40e0b8	504	review-evidence-or-register	in-scope: inspect before extraction/deletion	False	not-started	
docs/review/evidence/resume-84-delivery-review/summary-types.txt	e69de29bb2d1d6434b8b29ae775ad8c2e48c5391	0	review-evidence-or-register	in-scope: inspect before extraction/deletion	False	not-started	
docs/review/evidence/resume-84-delivery-review/telemetry-package.txt	fccd9fd388a75754ae9cb06122739f8a946880fb	527	review-evidence-or-register	in-scope: inspect before extraction/deletion	False	not-started	
docs/review/evidence/resume-84-delivery-review/typecheck-fix/commands.json	81121d91116b503dd6940cf6a31a4a5f1824fc08	3644	review-evidence-or-register	in-scope: inspect before extraction/deletion	False	not-started	
docs/review/evidence/resume-84-delivery-review/typecheck-fix/compiler-options.json	5bdccb3efe556db46a3d1d0c0fa980d406c1b762	6419	review-evidence-or-register	in-scope: inspect before extraction/deletion	False	not-started	
docs/review/evidence/resume-84-delivery-review/typecheck-fix/demo-auth-smoke-before.txt	23485f8c71ccbb4c2cf1202842bde865712f4b9e	233	review-evidence-or-register	in-scope: inspect before extraction/deletion	False	not-started	
docs/review/evidence/resume-84-delivery-review/typecheck-fix/demo-auth-smoke-membership.txt	d3194b49c4e361493d2f796f6b7adc9e3819ff0d	43725	review-evidence-or-register	in-scope: inspect before extraction/deletion	False	not-started	
docs/review/evidence/resume-84-delivery-review/typecheck-fix/demo-auth-smoke-negative-0.txt	686dd8ef87557a8be9368f202f61620ebbce6c1c	377	review-evidence-or-register	in-scope: inspect before extraction/deletion	False	not-started	
docs/review/evidence/resume-84-delivery-review/typecheck-fix/demo-auth-smoke-restored.txt	23485f8c71ccbb4c2cf1202842bde865712f4b9e	233	review-evidence-or-register	in-scope: inspect before extraction/deletion	False	not-started	
docs/review/evidence/resume-84-delivery-review/typecheck-fix/demo-auth-smoke-root-negative.txt	45fa15c3b0a59a0f215a21465d01a2693397cc8d	475	review-evidence-or-register	in-scope: inspect before extraction/deletion	False	not-started	
docs/review/evidence/resume-84-delivery-review/typecheck-fix/http-before.txt	7619a6975df1fa063b964b67829a34466a5a0ef7	222	review-evidence-or-register	in-scope: inspect before extraction/deletion	False	not-started	
docs/review/evidence/resume-84-delivery-review/typecheck-fix/http-membership.txt	cc3177465cfb08b9a9794e34cc376a2a31652fcd	71336	review-evidence-or-register	in-scope: inspect before extraction/deletion	False	not-started	
docs/review/evidence/resume-84-delivery-review/typecheck-fix/http-negative-0.txt	c51f86ff36816793bdf9e04f0bf9097bc965b28d	364	review-evidence-or-register	in-scope: inspect before extraction/deletion	False	not-started	
docs/review/evidence/resume-84-delivery-review/typecheck-fix/http-restored.txt	7619a6975df1fa063b964b67829a34466a5a0ef7	222	review-evidence-or-register	in-scope: inspect before extraction/deletion	False	not-started	
docs/review/evidence/resume-84-delivery-review/typecheck-fix/http-root-negative.txt	1d0d37e4be57e6978d1c1997e6978920ddf0d9bb	473	review-evidence-or-register	in-scope: inspect before extraction/deletion	False	not-started	
docs/review/evidence/resume-84-delivery-review/typecheck-fix/membership-and-restoration.json	da7d6d840a94d1c70845de231bb6c7414e831c8f	1534	review-evidence-or-register	in-scope: inspect before extraction/deletion	False	not-started	
docs/review/evidence/resume-84-delivery-review/typecheck-fix/ownership.txt	a99da15e44f20ca96c9222a5301627c71ef5150b	82	review-evidence-or-register	in-scope: inspect before extraction/deletion	False	not-started	
docs/review/evidence/resume-84-delivery-review/typecheck-fix/prism-before.txt	f383d902e143603a1ee6126d528186dea1f5f52b	333	review-evidence-or-register	in-scope: inspect before extraction/deletion	False	not-started	
docs/review/evidence/resume-84-delivery-review/typecheck-fix/prism-membership.txt	367412b44f0359ade196092cc35a1dc11dcc6f30	31754	review-evidence-or-register	in-scope: inspect before extraction/deletion	False	not-started	
docs/review/evidence/resume-84-delivery-review/typecheck-fix/prism-negative-0.txt	0fbfb9cc6048d388c0abebcf9b7d554b19259a72	480	review-evidence-or-register	in-scope: inspect before extraction/deletion	False	not-started	
docs/review/evidence/resume-84-delivery-review/typecheck-fix/prism-negative-1.txt	fd4ea62519b49c8bd8f103d58543a21f0a02ed79	477	review-evidence-or-register	in-scope: inspect before extraction/deletion	False	not-started	
docs/review/evidence/resume-84-delivery-review/typecheck-fix/prism-negative-2.txt	c3fe77f5df4a218f17529b0516704eacafe7e613	478	review-evidence-or-register	in-scope: inspect before extraction/deletion	False	not-started	
docs/review/evidence/resume-84-delivery-review/typecheck-fix/prism-negative-3.txt	fbda6708d7ae1b1494c114cdda15174140c79f93	479	review-evidence-or-register	in-scope: inspect before extraction/deletion	False	not-started	
docs/review/evidence/resume-84-delivery-review/typecheck-fix/prism-restored.txt	f383d902e143603a1ee6126d528186dea1f5f52b	333	review-evidence-or-register	in-scope: inspect before extraction/deletion	False	not-started	
docs/review/evidence/resume-84-delivery-review/typecheck-fix/prism-root-negative.txt	77adde6cb544aa4f7b08de6f569842d85bfd8e26	481	review-evidence-or-register	in-scope: inspect before extraction/deletion	False	not-started	
docs/review/evidence/resume-84-delivery-review/typecheck-fix/root-restored.txt	2c286eccdc37a66503f737583cf2cb1bb1dfe615	343	review-evidence-or-register	in-scope: inspect before extraction/deletion	False	not-started	
docs/review/evidence/resume-84-delivery-review/typecheck-fix/source-status.txt	e69de29bb2d1d6434b8b29ae775ad8c2e48c5391	0	review-evidence-or-register	in-scope: inspect before extraction/deletion	False	not-started	
docs/review/evidence/resume-84-delivery-review/typecheck-fix/verify.py	33d9a4bedb3213e0f58dcec4c8ef2d39ee646786	2661	review-evidence-or-register	in-scope: inspect before extraction/deletion	False	not-started	
docs/review/evidence/resume-84-delivery-review/typecheck-membership.json	971a70010398590e45d1b01442f6e554c0d8a4ab	2006	review-evidence-or-register	in-scope: inspect before extraction/deletion	False	not-started	
docs/review/evidence/resume-84-final/scope-check.json	c5097ca10824dfbf77c9b4ac1ec91494be8aec78	1477	review-evidence-or-register	in-scope: inspect before extraction/deletion	False	not-started	
docs/review/evidence/resume-84-final/stop.json	e5bfa6f8eed715cd1f230e171ab94fc4b6463173	382	review-evidence-or-register	in-scope: inspect before extraction/deletion	False	not-started	
docs/review/evidence/resume-84-followup-matrix/existence-verification.json	05f0bd965b47f689e18b58156fa509242d622a8f	295	review-evidence-or-register	in-scope: inspect before extraction/deletion	False	not-started	
docs/review/evidence/resume-84-integration-independent/child-pool.txt	3a826c9ba703c5ac5f994c350ee2d23fe1133df8	1414	review-evidence-or-register	in-scope: inspect before extraction/deletion	False	not-started	
docs/review/evidence/resume-84-integration-independent/integration-types.txt	2c286eccdc37a66503f737583cf2cb1bb1dfe615	343	review-evidence-or-register	in-scope: inspect before extraction/deletion	False	not-started	
docs/review/evidence/resume-84-integration-independent/knip-config.txt	abda2b7d41e7eca374d7823bb6e29102017352c2	75	review-evidence-or-register	in-scope: inspect before extraction/deletion	False	not-started	
docs/review/evidence/resume-84-integration-independent/manifest.json	31fa506d785dbb0241c1d679fa914eaf4de2ae18	1495	review-evidence-or-register	in-scope: inspect before extraction/deletion	False	not-started	
docs/review/evidence/resume-84-integration-independent/ownership.txt	a99da15e44f20ca96c9222a5301627c71ef5150b	82	review-evidence-or-register	in-scope: inspect before extraction/deletion	False	not-started	
docs/review/evidence/resume-84-integration-independent/prism-types.txt	c6fb73cb174c6bf96b47a499be7faa338aeef76d	150	review-evidence-or-register	in-scope: inspect before extraction/deletion	False	not-started	
docs/review/evidence/resume-84-integration-independent/source-comparison.json	0a4b6603123c916a3a51e400b0102738bac10a90	10206	review-evidence-or-register	in-scope: inspect before extraction/deletion	False	not-started	
docs/review/evidence/resume-84-integration-types/commands.json	a443df20f324270b92e3a91bb97846f41b5b0cfb	791	review-evidence-or-register	in-scope: inspect before extraction/deletion	False	not-started	
docs/review/evidence/resume-84-integration-types/demo-auth-package.txt	d0472f648042e95a3e70580446da26e47b91136d	233	review-evidence-or-register	in-scope: inspect before extraction/deletion	False	not-started	
docs/review/evidence/resume-84-integration-types/http-package.txt	0be5669d0c907367d22fa67e16d59ed4991336f3	222	review-evidence-or-register	in-scope: inspect before extraction/deletion	False	not-started	
docs/review/evidence/resume-84-integration-types/integration.txt	683f504770aad564c248c7f2bd4d21417f6a8d72	343	review-evidence-or-register	in-scope: inspect before extraction/deletion	False	not-started	
docs/review/evidence/resume-84-integration-types/ownership.txt	a99da15e44f20ca96c9222a5301627c71ef5150b	82	review-evidence-or-register	in-scope: inspect before extraction/deletion	False	not-started	
docs/review/evidence/resume-84-integration-types/prism-package.txt	04e54d4f33bfe99bfd80354b82b2754d5915e934	333	review-evidence-or-register	in-scope: inspect before extraction/deletion	False	not-started	
docs/review/evidence/resume-84-integration/commands.json	6eab6d14d15a106a8f0b149a78fdc22db20e179c	2263	review-evidence-or-register	in-scope: inspect before extraction/deletion	False	not-started	
docs/review/evidence/resume-84-integration/demo-auth-package.txt	2a2ccceec382c62ad04bb7097d8d2b08c7d665ea	652	review-evidence-or-register	in-scope: inspect before extraction/deletion	False	not-started	
docs/review/evidence/resume-84-integration/demo-auth-types.txt	d0472f648042e95a3e70580446da26e47b91136d	233	review-evidence-or-register	in-scope: inspect before extraction/deletion	False	not-started	
docs/review/evidence/resume-84-integration/direct-command-output.txt	f2199e83418d927b17c53901b3fb5a0799e362f6	316	review-evidence-or-register	in-scope: inspect before extraction/deletion	False	not-started	
docs/review/evidence/resume-84-integration/existing-ci-runs.json	56ad222d97b44d514eef7d6501bbad1015e407ff	263	review-evidence-or-register	in-scope: inspect before extraction/deletion	False	not-started	
docs/review/evidence/resume-84-integration/handoff-package.txt	62e12a88229dc09399355b218df2e03e243ba790	692	review-evidence-or-register	in-scope: inspect before extraction/deletion	False	not-started	
docs/review/evidence/resume-84-integration/http-package.txt	aa14fa48b14cbca87b2db2c497ce8d63abf71221	274	review-evidence-or-register	in-scope: inspect before extraction/deletion	False	not-started	
docs/review/evidence/resume-84-integration/http-types.txt	0be5669d0c907367d22fa67e16d59ed4991336f3	222	review-evidence-or-register	in-scope: inspect before extraction/deletion	False	not-started	
docs/review/evidence/resume-84-integration/integration-scope.json	dce88d3a360f7c31c49add7ce95ad58d204ba4b3	640	review-evidence-or-register	in-scope: inspect before extraction/deletion	False	not-started	
docs/review/evidence/resume-84-integration/integration-types.txt	683f504770aad564c248c7f2bd4d21417f6a8d72	343	review-evidence-or-register	in-scope: inspect before extraction/deletion	False	not-started	
docs/review/evidence/resume-84-integration/knip-config-regenerated.txt	abda2b7d41e7eca374d7823bb6e29102017352c2	75	review-evidence-or-register	in-scope: inspect before extraction/deletion	False	not-started	
docs/review/evidence/resume-84-integration/knip-config.txt	c10ba6f6100f8ed8444b17d1e73f8e33b83e6fc9	78	review-evidence-or-register	in-scope: inspect before extraction/deletion	False	not-started	
docs/review/evidence/resume-84-integration/lint.txt	e69de29bb2d1d6434b8b29ae775ad8c2e48c5391	0	review-evidence-or-register	in-scope: inspect before extraction/deletion	False	not-started	
docs/review/evidence/resume-84-integration/manifest.json	447fbf775389a73aa535521315f826e3fa00e361	4453	review-evidence-or-register	in-scope: inspect before extraction/deletion	False	not-started	
docs/review/evidence/resume-84-integration/ownership-commands.json	9b5e0e651479459c7c564eb07e1c5a9135c6d883	2301	review-evidence-or-register	in-scope: inspect before extraction/deletion	False	not-started	
docs/review/evidence/resume-84-integration/ownership.txt	a99da15e44f20ca96c9222a5301627c71ef5150b	82	review-evidence-or-register	in-scope: inspect before extraction/deletion	False	not-started	
docs/review/evidence/resume-84-integration/pipeline-gate-package.txt	cdecd6c73b303c193dae8fda519b7555c236fa7a	1218	review-evidence-or-register	in-scope: inspect before extraction/deletion	False	not-started	
docs/review/evidence/resume-84-integration/prism-contract-types.txt	04e54d4f33bfe99bfd80354b82b2754d5915e934	333	review-evidence-or-register	in-scope: inspect before extraction/deletion	False	not-started	
docs/review/evidence/resume-84-integration/prism-package.txt	d5aa50b48c5946d0fe07bac86e19c21ab1999d26	12205	review-evidence-or-register	in-scope: inspect before extraction/deletion	False	not-started	
docs/review/evidence/resume-84-integration/prism.txt	e76cc9b029f8a144fed772a43a14eee7bc61067b	5797	review-evidence-or-register	in-scope: inspect before extraction/deletion	False	not-started	
docs/review/evidence/resume-84-integration/remote-gate-package.txt	5b87204479337f738466a752259f5285649afb4f	514	review-evidence-or-register	in-scope: inspect before extraction/deletion	False	not-started	
docs/review/evidence/resume-84-integration/supervisor.txt	aba5c435c934ad758c9b68ad744bc165bb0f8562	6365	review-evidence-or-register	in-scope: inspect before extraction/deletion	False	not-started	
docs/review/evidence/resume-84-integration/telemetry-package.txt	ddc3549ac4ed532d57b3f2437205bbea4af47149	527	review-evidence-or-register	in-scope: inspect before extraction/deletion	False	not-started	
docs/review/evidence/resume-84-integration/types.txt	74f0f37230dbd0ef2db0d456e70ee96acee0f044	150	review-evidence-or-register	in-scope: inspect before extraction/deletion	False	not-started	
docs/review/evidence/resume-84-native-gates-root/commands.json	65885bca9ceae27054ac19bc5c24f66902978bb3	712	review-evidence-or-register	in-scope: inspect before extraction/deletion	False	not-started	
docs/review/evidence/resume-84-native-gates-root/missing-pg.txt	68e77e337a5f5ef3ecbe66f89674078c7f91aab7	990	review-evidence-or-register	in-scope: inspect before extraction/deletion	False	not-started	
docs/review/evidence/resume-84-native-gates-root/pg-routing.txt	2525583a77068f689128397d462fb06213cd6c6d	613	review-evidence-or-register	in-scope: inspect before extraction/deletion	False	not-started	
docs/review/evidence/resume-84-nonprism-triage/manifest.json	b39099d7311068ac7ff75deb93dc4c6bc81b632f	1309	review-evidence-or-register	in-scope: inspect before extraction/deletion	False	not-started	
docs/review/evidence/resume-84-nonprism-triage/supervisor-existing.txt	8b3d2086d156e035aba22b684283f7bce430fc12	5721	review-evidence-or-register	in-scope: inspect before extraction/deletion	False	not-started	
docs/review/evidence/resume-84-nonprism-triage/supervisor-lint.txt	e2d1bb7e348ab8bc1d0efbfb382e27f60a43ec9d	919	review-evidence-or-register	in-scope: inspect before extraction/deletion	False	not-started	
docs/review/evidence/resume-84-nonprism-triage/supervisor-stop-probe-configured.txt	83a41f9d1029e7d0b928ccf1172699172a38d2d0	4074	review-evidence-or-register	in-scope: inspect before extraction/deletion	False	not-started	
docs/review/evidence/resume-84-nonprism-triage/supervisor-stop-probe.mjs	eb5903abab973aeb92efe52cb7e2fcb7b52f9128	3370	review-evidence-or-register	in-scope: inspect before extraction/deletion	False	not-started	
docs/review/evidence/resume-84-nonprism-triage/supervisor-stop-probe.txt	4708b59f699bcce64e58129581bc3636e4698a8f	426	review-evidence-or-register	in-scope: inspect before extraction/deletion	False	not-started	
docs/review/evidence/resume-84-nonprism-triage/terminal-workspace.txt	0b4efafcd649c8ac5b9415aa3644d5b686797e86	66	review-evidence-or-register	in-scope: inspect before extraction/deletion	False	not-started	
docs/review/evidence/resume-84-prism-cpu/concurrent-parent-cpu-final.txt	8d05dbfbac8b6ecec1a060b47190167f4e574080	750	review-evidence-or-register	in-scope: inspect before extraction/deletion	False	not-started	
docs/review/evidence/resume-84-prism-cpu/concurrent-parent-cpu.mjs	cf367c9d952c713be38cb5cac5f3bca943e99bcd	4804	review-evidence-or-register	in-scope: inspect before extraction/deletion	False	not-started	
docs/review/evidence/resume-84-prism-cpu/concurrent-parent-cpu.txt	fc492ae9378c1a9d91f7178ed9d5a933b5d07afc	750	review-evidence-or-register	in-scope: inspect before extraction/deletion	False	not-started	
docs/review/evidence/resume-84-prism-cpu/manifest.json	610ff47c542d9e626227ece352f05a146f712ece	757	review-evidence-or-register	in-scope: inspect before extraction/deletion	False	not-started	
docs/review/evidence/resume-84-prism-final-review/manifest.json	a5ce3eb4412cac1c54795a788f4a4e3d42cdb321	170	review-evidence-or-register	in-scope: inspect before extraction/deletion	False	not-started	
docs/review/evidence/resume-84-prism-final-review/tests.txt	14643b0d4a1e0ba78f8bb8ce47088fded1381935	1415	review-evidence-or-register	in-scope: inspect before extraction/deletion	False	not-started	
docs/review/evidence/resume-84-prism-native-retention/lint-backpressure.txt	e69de29bb2d1d6434b8b29ae775ad8c2e48c5391	0	review-evidence-or-register	in-scope: inspect before extraction/deletion	False	not-started	
docs/review/evidence/resume-84-prism-native-retention/lint-final.txt	e69de29bb2d1d6434b8b29ae775ad8c2e48c5391	0	review-evidence-or-register	in-scope: inspect before extraction/deletion	False	not-started	
docs/review/evidence/resume-84-prism-native-retention/lint.txt	841aade81c395564d8ea9f43adeeec8b48c7b338	276	review-evidence-or-register	in-scope: inspect before extraction/deletion	False	not-started	
docs/review/evidence/resume-84-prism-native-retention/manifest.json	317af10c4fc011eaff56e4897b24ccf1dca95857	1368	review-evidence-or-register	in-scope: inspect before extraction/deletion	False	not-started	
docs/review/evidence/resume-84-prism-native-retention/types-backpressure.txt	c6fb73cb174c6bf96b47a499be7faa338aeef76d	150	review-evidence-or-register	in-scope: inspect before extraction/deletion	False	not-started	
docs/review/evidence/resume-84-prism-native-retention/types-final.txt	c6fb73cb174c6bf96b47a499be7faa338aeef76d	150	review-evidence-or-register	in-scope: inspect before extraction/deletion	False	not-started	
docs/review/evidence/resume-84-prism-native-retention/types.txt	c6fb73cb174c6bf96b47a499be7faa338aeef76d	150	review-evidence-or-register	in-scope: inspect before extraction/deletion	False	not-started	
docs/review/evidence/resume-84-prism-review/configured-lint.txt	e69de29bb2d1d6434b8b29ae775ad8c2e48c5391	0	review-evidence-or-register	in-scope: inspect before extraction/deletion	False	not-started	
docs/review/evidence/resume-84-prism-review/lint.txt	f50507c231207ec216d49b3fa9a1f6a2a450d18e	502	review-evidence-or-register	in-scope: inspect before extraction/deletion	False	not-started	
docs/review/evidence/resume-84-prism-review/manifest.json	36137566493c62f0b1d0fb704b13f6f96978a2b8	2304	review-evidence-or-register	in-scope: inspect before extraction/deletion	False	not-started	
docs/review/evidence/resume-84-prism-review/original-tests.txt	750dce342f65f0a08783761b8f60abc23f723cec	3329	review-evidence-or-register	in-scope: inspect before extraction/deletion	False	not-started	
docs/review/evidence/resume-84-prism-review/parity.txt	3984818f3660b750f76197c8416f2c2bf95163d5	3063	review-evidence-or-register	in-scope: inspect before extraction/deletion	False	not-started	
docs/review/evidence/resume-84-prism-review/static-globals-invocation.txt	dbd3caf256f9e404a81a4a951f16fc76abaf100b	1356	review-evidence-or-register	in-scope: inspect before extraction/deletion	False	not-started	
docs/review/evidence/resume-84-prism-review/static-parity.mjs	c5c2cfc7faff552788ccec8c09558123d61402ac	2316	review-evidence-or-register	in-scope: inspect before extraction/deletion	False	not-started	
docs/review/evidence/resume-84-prism-review/static-parity.txt	43c949319da885624179df2b5d446e9ad5add8c4	661	review-evidence-or-register	in-scope: inspect before extraction/deletion	False	not-started	
docs/review/evidence/resume-84-prism-review/static-printer-invocation.txt	9de8a87ad3b6634d522d67ff4886819080b31be8	15007	review-evidence-or-register	in-scope: inspect before extraction/deletion	False	not-started	
docs/review/evidence/resume-84-prism-review/static-punctuation-invocation.txt	8c709e1de34a60ba38b01a0d49dc961fabc41b50	2910	review-evidence-or-register	in-scope: inspect before extraction/deletion	False	not-started	
docs/review/evidence/resume-84-prism-review/studio-triage-tests.txt	084417dcdbc57b94b3a82e2212831d0f792da0e9	3434	review-evidence-or-register	in-scope: inspect before extraction/deletion	False	not-started	
docs/review/evidence/resume-84-prism-review/types.txt	e69de29bb2d1d6434b8b29ae775ad8c2e48c5391	0	review-evidence-or-register	in-scope: inspect before extraction/deletion	False	not-started	
docs/review/evidence/resume-84-prism-shutdown-review/commands.json	f255efb4c605986c4e1eca299535e900a6baa333	750	review-evidence-or-register	in-scope: inspect before extraction/deletion	False	not-started	
docs/review/evidence/resume-84-prism-shutdown-review/manifest.json	d692f7e1ae4f50018f4881caa8e5402b40a01864	527	review-evidence-or-register	in-scope: inspect before extraction/deletion	False	not-started	
docs/review/evidence/resume-84-prism-shutdown-review/tests.txt	4b4b81d7c49c435e9c1a14895e0a50476df7c0cf	2576	review-evidence-or-register	in-scope: inspect before extraction/deletion	False	not-started	
docs/review/evidence/resume-84-release-evidence/after-final.txt	49ef991fd3467fbea5627be06ea1bcfceba62d7f	607	review-evidence-or-register	in-scope: inspect before extraction/deletion	False	not-started	
docs/review/evidence/resume-84-release-evidence/after.txt	a0e257ce9c09056f77184f6f0b58d2951b66687a	607	review-evidence-or-register	in-scope: inspect before extraction/deletion	False	not-started	
docs/review/evidence/resume-84-release-evidence/before-final.txt	2973526d1880562892a04c9ff4e86735fb3a36aa	5760	review-evidence-or-register	in-scope: inspect before extraction/deletion	False	not-started	
docs/review/evidence/resume-84-release-evidence/before.txt	67d1b6794d5255983f7bdb3e0c088802eeae381f	5760	review-evidence-or-register	in-scope: inspect before extraction/deletion	False	not-started	
docs/review/evidence/resume-84-release-evidence/lint-final.txt	e69de29bb2d1d6434b8b29ae775ad8c2e48c5391	0	review-evidence-or-register	in-scope: inspect before extraction/deletion	False	not-started	
docs/review/evidence/resume-84-release-evidence/lint.txt	e69de29bb2d1d6434b8b29ae775ad8c2e48c5391	0	review-evidence-or-register	in-scope: inspect before extraction/deletion	False	not-started	
docs/review/evidence/resume-84-release-evidence/manifest.json	02db108cecb5d0baff8f4fc853297df9a5e8ccfc	1490	review-evidence-or-register	in-scope: inspect before extraction/deletion	False	not-started	
docs/review/evidence/resume-84-release-evidence/protocol-gap.json	16f0c6d589d0a16739980ec147d60b0dd603d948	844	review-evidence-or-register	in-scope: inspect before extraction/deletion	False	not-started	
docs/review/evidence/resume-84-release-root/contracts-helm-path.txt	2bebdcb12c9a2d3ad92820d2644dc5d0763f6ed3	816	review-evidence-or-register	in-scope: inspect before extraction/deletion	False	not-started	
docs/review/evidence/resume-84-release-root/contracts.txt	16c646ab5fb3dbc55cd9572c30a252f64857a685	2354	review-evidence-or-register	in-scope: inspect before extraction/deletion	False	not-started	
docs/review/evidence/resume-84-release-root/images-entry.txt	8847225eedadd65a29e9713282124413589cbb1d	972	review-evidence-or-register	in-scope: inspect before extraction/deletion	False	not-started	
docs/review/evidence/resume-84-release-root/lint.txt	e69de29bb2d1d6434b8b29ae775ad8c2e48c5391	0	review-evidence-or-register	in-scope: inspect before extraction/deletion	False	not-started	
docs/review/evidence/resume-84-supervisor-independent-review/integration-tests.txt	d1c0b4902fadb4dcc7b34670a004ba15bf848bcf	5974	review-evidence-or-register	in-scope: inspect before extraction/deletion	False	not-started	
docs/review/evidence/resume-84-supervisor-independent-review/manifest.json	65648b5c1b1f5c57de3b700191f7e43d4febfe17	516	review-evidence-or-register	in-scope: inspect before extraction/deletion	False	not-started	
docs/review/evidence/resume-84-supervisor-independent-review/tests.txt	45e3ca7a893f197b7e3ad05bf51e53c0be53461f	571	review-evidence-or-register	in-scope: inspect before extraction/deletion	False	not-started	
docs/review/evidence/resume-84-supervisor-launch-independent/lint.txt	e69de29bb2d1d6434b8b29ae775ad8c2e48c5391	0	review-evidence-or-register	in-scope: inspect before extraction/deletion	False	not-started	
docs/review/evidence/resume-84-supervisor-launch-independent/manifest.json	b2344f7e53125853eee77915e43c0980d4d30440	878	review-evidence-or-register	in-scope: inspect before extraction/deletion	False	not-started	
docs/review/evidence/resume-84-supervisor-launch-independent/tests.txt	2fe18892fba6a579be178b823fcd9cc3342e443b	7387	review-evidence-or-register	in-scope: inspect before extraction/deletion	False	not-started	
docs/review/evidence/resume-84-supervisor-state-independent/lint.txt	e69de29bb2d1d6434b8b29ae775ad8c2e48c5391	0	review-evidence-or-register	in-scope: inspect before extraction/deletion	False	not-started	
docs/review/evidence/resume-84-supervisor-state-independent/manifest.json	0940b0e6d63de1ac57fc15527fece4b95d54709b	590	review-evidence-or-register	in-scope: inspect before extraction/deletion	False	not-started	
docs/review/evidence/resume-84-supervisor-state-independent/tests.txt	1b8969b0683bc9f9ff945a4933e98db31454c846	6841	review-evidence-or-register	in-scope: inspect before extraction/deletion	False	not-started	
docs/review/evidence/resume-84-supervisor-state-root/after.txt	23cf766e707415774c47a525638658498edeb814	6777	review-evidence-or-register	in-scope: inspect before extraction/deletion	False	not-started	
docs/review/evidence/resume-84-supervisor-state-root/before.txt	b559ec05a8ca459bc567bedec37190190cf2efb6	3155	review-evidence-or-register	in-scope: inspect before extraction/deletion	False	not-started	
docs/review/evidence/resume-84-supervisor-state-root/commands.json	b7d44a053ef64360d0f1c17359c39d36f9ee927d	967	review-evidence-or-register	in-scope: inspect before extraction/deletion	False	not-started	
docs/review/evidence/resume-84-supervisor-state-root/launch-after.txt	287d85b65b8fdbcdb73e12207352de4ed035be96	7315	review-evidence-or-register	in-scope: inspect before extraction/deletion	False	not-started	
docs/review/evidence/resume-84-supervisor-state-root/launch-before.txt	f1796c69e89d179796ae9556747f27f331fa74a9	3218	review-evidence-or-register	in-scope: inspect before extraction/deletion	False	not-started	
docs/review/evidence/resume-84-supervisor-state-root/launch-lint-final.txt	e69de29bb2d1d6434b8b29ae775ad8c2e48c5391	0	review-evidence-or-register	in-scope: inspect before extraction/deletion	False	not-started	
docs/review/evidence/resume-84-supervisor-state-root/launch-lint.txt	e69de29bb2d1d6434b8b29ae775ad8c2e48c5391	0	review-evidence-or-register	in-scope: inspect before extraction/deletion	False	not-started	
docs/review/evidence/resume-84-supervisor-state-root/launch-state-final.txt	36a3b7538169be7b765129fed182dc5388e81b2f	550	review-evidence-or-register	in-scope: inspect before extraction/deletion	False	not-started	
docs/review/evidence/resume-84-supervisor-state-root/lint.txt	e69de29bb2d1d6434b8b29ae775ad8c2e48c5391	0	review-evidence-or-register	in-scope: inspect before extraction/deletion	False	not-started	
docs/review/evidence/resume-84-supervisor-stop/after.txt	186700cf093ded5cc5457eca036a30060792bf0d	5932	review-evidence-or-register	in-scope: inspect before extraction/deletion	False	not-started	
docs/review/evidence/resume-84-supervisor-stop/before.txt	35ad6b2506503d4296dd24621187b6dd5af3f1df	3451	review-evidence-or-register	in-scope: inspect before extraction/deletion	False	not-started	
docs/review/evidence/resume-84-supervisor-stop/lint.txt	05db77092a09e7572f00cc04e98a585247692490	918	review-evidence-or-register	in-scope: inspect before extraction/deletion	False	not-started	
docs/review/evidence/resume-84-supervisor-stop/manifest.json	6322df26d63ee3da9567af2e8466c0f462593c11	1078	review-evidence-or-register	in-scope: inspect before extraction/deletion	False	not-started	
docs/review/evidence/resume-84-supervisor-stop/syntax.txt	e69de29bb2d1d6434b8b29ae775ad8c2e48c5391	0	review-evidence-or-register	in-scope: inspect before extraction/deletion	False	not-started	
docs/review/evidence/resume-84-supervisor-stop/test-lint.txt	e69de29bb2d1d6434b8b29ae775ad8c2e48c5391	0	review-evidence-or-register	in-scope: inspect before extraction/deletion	False	not-started	
docs/review/evidence/resume-84-worker-http-independent/before.txt	44d37f32d963814cdbda2031df9f777f6a7a6c78	1396	review-evidence-or-register	in-scope: inspect before extraction/deletion	False	not-started	
docs/review/evidence/resume-84-worker-http-independent/commands.json	41da517936ebac2a2271843809a62721964cd8fe	1938	review-evidence-or-register	in-scope: inspect before extraction/deletion	False	not-started	
docs/review/evidence/resume-84-worker-http-independent/fixed-clean.txt	e69de29bb2d1d6434b8b29ae775ad8c2e48c5391	0	review-evidence-or-register	in-scope: inspect before extraction/deletion	False	not-started	
docs/review/evidence/resume-84-worker-http-independent/fixed-regression.txt	98f8807771a17f51b47b6345e2925f849a6a5221	2252	review-evidence-or-register	in-scope: inspect before extraction/deletion	False	not-started	
docs/review/evidence/resume-84-worker-http-independent/lint.txt	e69de29bb2d1d6434b8b29ae775ad8c2e48c5391	0	review-evidence-or-register	in-scope: inspect before extraction/deletion	False	not-started	
docs/review/evidence/resume-84-worker-http-independent/manifest.json	8f04d4719b29523e21155f3700f33f0ff872bbe3	2002	review-evidence-or-register	in-scope: inspect before extraction/deletion	False	not-started	
docs/review/evidence/resume-84-worker-http-independent/old-clean.txt	e69de29bb2d1d6434b8b29ae775ad8c2e48c5391	0	review-evidence-or-register	in-scope: inspect before extraction/deletion	False	not-started	
docs/review/evidence/resume-84-worker-http-independent/ownership.txt	a99da15e44f20ca96c9222a5301627c71ef5150b	82	review-evidence-or-register	in-scope: inspect before extraction/deletion	False	not-started	
docs/review/evidence/resume-84-worker-http-independent/types.txt	c6fb73cb174c6bf96b47a499be7faa338aeef76d	150	review-evidence-or-register	in-scope: inspect before extraction/deletion	False	not-started	
docs/review/evidence/resume-84-worker-http-independent/verify.py	c481a90ba0d7b4d89b79b83b62dd010705011d26	1798	review-evidence-or-register	in-scope: inspect before extraction/deletion	False	not-started	
docs/review/evidence/resume-84-worker-http/after.txt	d497366a906fd8eb57c5a45fc6cfbf92d50b7c80	394	review-evidence-or-register	in-scope: inspect before extraction/deletion	False	not-started	
docs/review/evidence/resume-84-worker-http/before.txt	df49435a27244606e065dd4562dc93ce56c2ee07	1364	review-evidence-or-register	in-scope: inspect before extraction/deletion	False	not-started	
docs/review/evidence/resume-84-worker-http/commands.json	a508ac4e747b0a388d1b16abc10a73a87cbdae9f	898	review-evidence-or-register	in-scope: inspect before extraction/deletion	False	not-started	
docs/review/evidence/resume-84-worker-http/lint.txt	e69de29bb2d1d6434b8b29ae775ad8c2e48c5391	0	review-evidence-or-register	in-scope: inspect before extraction/deletion	False	not-started	
docs/review/evidence/resume-84-worker-http/regression.txt	ad3d3f2448b72e6af1b0ba1340f64fc3bb2f7729	2255	review-evidence-or-register	in-scope: inspect before extraction/deletion	False	not-started	
docs/review/evidence/resume-84-worker-http/typecheck.txt	74f0f37230dbd0ef2db0d456e70ee96acee0f044	150	review-evidence-or-register	in-scope: inspect before extraction/deletion	False	not-started	
docs/review/evidence/resume-84-worker-pg-native-entry/commands.json	5cf3256cb455a8035039c5b38e23e244f161e3fe	1186	review-evidence-or-register	in-scope: inspect before extraction/deletion	False	not-started	
docs/review/evidence/resume-84-worker-pg-native-entry/lint-final.txt	e69de29bb2d1d6434b8b29ae775ad8c2e48c5391	0	review-evidence-or-register	in-scope: inspect before extraction/deletion	False	not-started	
docs/review/evidence/resume-84-worker-pg-native-entry/lint.txt	320478e496c727586bd668776640630f54b79234	400	review-evidence-or-register	in-scope: inspect before extraction/deletion	False	not-started	
docs/review/evidence/resume-84-worker-pg-native-entry/manifest.json	c6f353ce1c4602b272595f8021af4e2f548b2136	2188	review-evidence-or-register	in-scope: inspect before extraction/deletion	False	not-started	
docs/review/evidence/resume-84-worker-pg-native-entry/missing-prerequisite-final.txt	f7d2c71b9982d71abcea978ed05f70df9a3e6285	1002	review-evidence-or-register	in-scope: inspect before extraction/deletion	False	not-started	
docs/review/evidence/resume-84-worker-pg-native-entry/missing-prerequisite.txt	06c38ba847561974c47132ff5b79f3bd48470bf0	1006	review-evidence-or-register	in-scope: inspect before extraction/deletion	False	not-started	
docs/review/evidence/resume-84-worker-pg-native-entry/routing-negative-final.txt	825a2571713bc9fd649c95b0e57344103cd482e0	617	review-evidence-or-register	in-scope: inspect before extraction/deletion	False	not-started	
docs/review/evidence/resume-84-worker-pg-native-entry/routing-negative.mts	c748420c8a56e322815ae81000b99436eab51e9a	1015	review-evidence-or-register	in-scope: inspect before extraction/deletion	False	not-started	
docs/review/evidence/resume-84-worker-pg-native-entry/routing-negative.txt	825a2571713bc9fd649c95b0e57344103cd482e0	617	review-evidence-or-register	in-scope: inspect before extraction/deletion	False	not-started	
docs/review/evidence/resume-84-worker-pg-native-entry/types-final.txt	74f0f37230dbd0ef2db0d456e70ee96acee0f044	150	review-evidence-or-register	in-scope: inspect before extraction/deletion	False	not-started	
docs/review/evidence/resume-84-worker-pg-native-entry/types.txt	c6fb73cb174c6bf96b47a499be7faa338aeef76d	150	review-evidence-or-register	in-scope: inspect before extraction/deletion	False	not-started	
docs/review/evidence/resume-84-worker-shutdown/combined.txt	87d8909a7249cdd93e3403e90f131004a1ddee23	3854	review-evidence-or-register	in-scope: inspect before extraction/deletion	False	not-started	
docs/review/evidence/resume-84-worker-shutdown/commands.json	b1bcd73046f3ca9bc4eb3957d1d0963d38ee4441	1418	review-evidence-or-register	in-scope: inspect before extraction/deletion	False	not-started	
docs/review/evidence/resume-84-worker-shutdown/knip-config.txt	abda2b7d41e7eca374d7823bb6e29102017352c2	75	review-evidence-or-register	in-scope: inspect before extraction/deletion	False	not-started	
docs/review/evidence/resume-84-worker-shutdown/lint-discipline.txt	f2dbf0f8cc3487f4a586ffcf6d3ee8b2d704b143	46	review-evidence-or-register	in-scope: inspect before extraction/deletion	False	not-started	
docs/review/evidence/resume-84-worker-shutdown/lint.txt	e69de29bb2d1d6434b8b29ae775ad8c2e48c5391	0	review-evidence-or-register	in-scope: inspect before extraction/deletion	False	not-started	
docs/review/evidence/resume-84-worker-shutdown/manifest.json	547618931a849a131dced7b0b78955bd27fea587	2550	review-evidence-or-register	in-scope: inspect before extraction/deletion	False	not-started	
docs/review/evidence/resume-84-worker-shutdown/native-pool-boundaries.txt	69613ba962f34f16b0a894075da0c8415802b84e	850	review-evidence-or-register	in-scope: inspect before extraction/deletion	False	not-started	
docs/review/evidence/resume-84-worker-shutdown/ownership.txt	a99da15e44f20ca96c9222a5301627c71ef5150b	82	review-evidence-or-register	in-scope: inspect before extraction/deletion	False	not-started	
docs/review/evidence/resume-84-worker-shutdown/process-after.txt	551774fb780db147073ee8768e086299a6adba18	2035	review-evidence-or-register	in-scope: inspect before extraction/deletion	False	not-started	
docs/review/evidence/resume-84-worker-shutdown/process-before.txt	f64001be3e7be4c82d492c3f60ee719456a38e15	5570	review-evidence-or-register	in-scope: inspect before extraction/deletion	False	not-started	
docs/review/evidence/resume-84-worker-shutdown/process-corrected-fixture.txt	5f3ba8c42e944dd021629ef2b598d72d7bde39ec	453	review-evidence-or-register	in-scope: inspect before extraction/deletion	False	not-started	
docs/review/evidence/resume-84-worker-shutdown/process-final.txt	49cf801aa4d356d8b5097f1210ee0fc706abc096	679	review-evidence-or-register	in-scope: inspect before extraction/deletion	False	not-started	
docs/review/evidence/resume-84-worker-shutdown/typecheck.txt	74f0f37230dbd0ef2db0d456e70ee96acee0f044	150	review-evidence-or-register	in-scope: inspect before extraction/deletion	False	not-started	
docs/review/evidence/review-all-original-tests.txt	df3aaab70500ef123983b9d20049e2c515c4fb6c	6917	review-evidence-or-register	in-scope: inspect before extraction/deletion	False	not-started	
docs/review/evidence/review-audit-compiler-original.txt	83ab9b57c137c8ad7d568535c08474a6d50f2364	651	review-evidence-or-register	in-scope: inspect before extraction/deletion	False	not-started	
docs/review/evidence/review-audit-malformed-probe.txt	3ff12c9d192f2409da075d19443a52ec14bdf511	242	review-evidence-or-register	in-scope: inspect before extraction/deletion	False	not-started	
docs/review/evidence/review-audit-original-tests.txt	0573a7be579c36f541092a7d40eeaa11ff2dc978	730	review-evidence-or-register	in-scope: inspect before extraction/deletion	False	not-started	
docs/review/evidence/review-audit-revalidation-probe.txt	76ceecffcbbc46027280dd8f38984dfb184530d2	354	review-evidence-or-register	in-scope: inspect before extraction/deletion	False	not-started	
docs/review/evidence/review-audit-scope-probe.txt	0804965e9c70f268f8b0de40d52c166ec0bb2ad7	271	review-evidence-or-register	in-scope: inspect before extraction/deletion	False	not-started	
docs/review/evidence/review-audit-subreview.md	b309a9709cdeb8594f75a5671d0aa0261b52a231	19984	review-text	in-scope: inspect before extraction/deletion	False	not-started	
docs/review/evidence/review-gate-original-tests.txt	aeef51ee682976689c766759e31d7f3848adf610	1697	review-evidence-or-register	in-scope: inspect before extraction/deletion	False	not-started	
docs/review/evidence/review-inventory-updates.json	58355ce5a5c698752cadb50ae2b40d5399ec4883	603	review-evidence-or-register	in-scope: inspect before extraction/deletion	False	not-started	
docs/review/evidence/review-policy-boundaries.txt	297f647b854835046745bd0bf173c9433919173e	663	review-evidence-or-register	in-scope: inspect before extraction/deletion	False	not-started	
docs/review/evidence/review-policy-subreview.md	0a11fe2fee2195db2316e3f35d644ebc7f574a0b	20999	review-text	in-scope: inspect before extraction/deletion	False	not-started	
docs/review/evidence/review-policy-tests.txt	5184389dc6269e142f0b3c9934efa0b98e468bc7	2870	review-evidence-or-register	in-scope: inspect before extraction/deletion	False	not-started	
docs/review/evidence/review-source-coverage.json	9906e77b8d19a80b6eaf2bacd78f943bee8407a5	12266	review-evidence-or-register	in-scope: inspect before extraction/deletion	False	not-started	
docs/review/evidence/review-tests-assessment.md	bb8058fb5d712ea839e9020fe44ce741c98b342a	9281	review-text	in-scope: inspect before extraction/deletion	False	not-started	
docs/review/evidence/run10-prism-baseline-author-raw.json	18b27cf603ba0ffd59a6408eef2fed9cc96d24df	39769	review-evidence-or-register	in-scope: inspect before extraction/deletion	False	not-started	
docs/review/evidence/run10-prism-baseline-original-tests.json	b0d2e038e33e8cf0a324bc244ef8975d7e8a130c	2290	review-evidence-or-register	in-scope: inspect before extraction/deletion	False	not-started	
docs/review/evidence/run10-root-bundle-czech-counterexample.txt	8f4243d0066ccc199df0e7a8a05e7fa3400ab49d	1540	review-evidence-or-register	in-scope: inspect before extraction/deletion	False	not-started	
docs/review/evidence/run10-root-report-checks.txt	7622edfb91d1b35fbfd4b7fcbba16efe6f915df4	1717	review-evidence-or-register	in-scope: inspect before extraction/deletion	False	not-started	
docs/review/evidence/run10-root-report-full.txt	d0eaf7bb3f364d69737818464abef46b7b0d5a38	38241	review-evidence-or-register	in-scope: inspect before extraction/deletion	False	not-started	
docs/review/evidence/run10-root-report-native-and-diagnostic.txt	cb296ae9ae7e853cb01cd1216fb7f5c56fda52fa	16466	review-evidence-or-register	in-scope: inspect before extraction/deletion	False	not-started	
docs/review/evidence/run10-root-runtime-admission-fresh.txt	63d45d7b01ddd58e0049971f764296b269e1df18	2505	review-evidence-or-register	in-scope: inspect before extraction/deletion	False	not-started	
docs/review/evidence/run11-prism-baseline-independent-control-lint.json	adb40ba5863f9f6c464ff086d2a9e72b27f015eb	9890	review-evidence-or-register	in-scope: inspect before extraction/deletion	False	not-started	
docs/review/evidence/run11-prism-baseline-independent-extra.txt	c9059ef9a6f15a58663db2e71c2a25fc786d0fd5	593	review-evidence-or-register	in-scope: inspect before extraction/deletion	False	not-started	
docs/review/evidence/run11-prism-baseline-independent-gates.txt	47205e816105dee5becf098d9233da93f68b8b2c	1624	review-evidence-or-register	in-scope: inspect before extraction/deletion	False	not-started	
docs/review/evidence/run11-prism-baseline-independent-historical-audit.mjs.txt	a15f58287eb708733efe902f2e21a510c111a9e6	3896	review-evidence-or-register	in-scope: inspect before extraction/deletion	False	not-started	
docs/review/evidence/run11-prism-baseline-independent-matrix.txt	d67870f07bdb0b27cf1d04999b8923828470c609	11751	review-evidence-or-register	in-scope: inspect before extraction/deletion	False	not-started	
docs/review/evidence/run11-prism-baseline-independent-original.txt	97bec1091902a746f740b5cdaf755df2054753d2	2224	review-evidence-or-register	in-scope: inspect before extraction/deletion	False	not-started	
docs/review/evidence/run11-prism-baseline-independent.mjs	608375db373ef70cb8d4af2ec01a6230ac3554cb	2662	review-evidence-or-register	in-scope: inspect before extraction/deletion	False	not-started	
docs/review/evidence/run11-root-report-fresh.txt	aed09e6f41451fc57dea54ba73a168422bcc907f	3125	review-evidence-or-register	in-scope: inspect before extraction/deletion	False	not-started	
docs/review/evidence/run12-prism-reader-first-matrix.txt	97555b40dcb4fd445994e0d12ecf7748bf5c7a56	148798	review-evidence-or-register	in-scope: inspect before extraction/deletion	False	not-started	
docs/review/evidence/run12-prism-reader-first.txt	94573010a2e2b349621db239224d38cad0db32d6	8766	review-evidence-or-register	in-scope: inspect before extraction/deletion	False	not-started	
docs/review/evidence/run12-prism-reader-frozen-gates.txt	4652bdfad0b4056f2b49e6b335b76b5319897181	2979	review-evidence-or-register	in-scope: inspect before extraction/deletion	False	not-started	
docs/review/evidence/run12-prism-reader-frozen-matrix.txt	c1134451ae6825b0574747aad4f317ad8dfdf2c5	159536	review-evidence-or-register	in-scope: inspect before extraction/deletion	False	not-started	
docs/review/evidence/run13-prism-reader-extra-final.json	629de61dd81ff0bef474f4a61159d2bc27ee1b52	669	review-evidence-or-register	in-scope: inspect before extraction/deletion	False	not-started	
docs/review/evidence/run13-prism-reader-independent-gates.json	6fb0bc68b189dfdd9e9e0d5712011d97e44068d8	187877	review-evidence-or-register	in-scope: inspect before extraction/deletion	False	not-started	
docs/review/evidence/run13-prism-reader-independent-identity.mjs	bde316857c69ec61e7a01884eeb484c54127b609	2740	review-evidence-or-register	in-scope: inspect before extraction/deletion	False	not-started	
docs/review/evidence/run13-prism-reader-independent-matrix.txt	873031b21ee9f9c2967d6ae2cbf7de13f3eada32	159392	review-evidence-or-register	in-scope: inspect before extraction/deletion	False	not-started	
docs/review/evidence/run13-report-before-reconcile.txt	e5a8a3151a9277899c0f1f381954f0b3f73594f6	38165	review-evidence-or-register	in-scope: inspect before extraction/deletion	False	not-started	
docs/review/evidence/run13-report-initial.txt	aaac1e8ef06047dd787f7a60bb595e0783d8c367	32823	review-evidence-or-register	in-scope: inspect before extraction/deletion	False	not-started	
docs/review/evidence/run14-report-npm-partial-capture.txt	49bd036f0b87c82fe5341e634f8d1fdf96fb1306	30210	review-evidence-or-register	in-scope: inspect before extraction/deletion	False	not-started	
docs/review/evidence/run15-report-reconciled-checks.txt	0e5a3ad0300f6908588bfd92a1dd0e97efa13503	3997	review-evidence-or-register	in-scope: inspect before extraction/deletion	False	not-started	
docs/review/evidence/run2-root-checkpoints-final.txt	9025f9f88daa5fdbe183db8b1d36fa975b39bc7b	904	review-evidence-or-register	in-scope: inspect before extraction/deletion	False	not-started	
docs/review/evidence/run2-root-prism-config.txt	627037eca2fd168bf9bb790d83e2ec3264abd68c	439	review-evidence-or-register	in-scope: inspect before extraction/deletion	False	not-started	
docs/review/evidence/run2-root-prism-final.txt	14ffb79d85fb206f634f202c41b3f3dfa17e15c7	670	review-evidence-or-register	in-scope: inspect before extraction/deletion	False	not-started	
docs/review/evidence/run2-sdk-baseline.txt	81799f3ba570806c7cd6f43fa0803e2fdbd1bbd6	189	review-evidence-or-register	in-scope: inspect before extraction/deletion	False	not-started	
docs/review/evidence/run2-sdk-checkpoint-review/lint-final.txt	e69de29bb2d1d6434b8b29ae775ad8c2e48c5391	0	review-evidence-or-register	in-scope: inspect before extraction/deletion	False	not-started	
docs/review/evidence/run2-sdk-checkpoint-review/lint.txt	f50507c231207ec216d49b3fa9a1f6a2a450d18e	502	review-evidence-or-register	in-scope: inspect before extraction/deletion	False	not-started	
docs/review/evidence/run2-sdk-checkpoint-review/original-cli-recovery.txt	2e720605627e9579220f50685dd30ef7484b5dff	62	review-evidence-or-register	in-scope: inspect before extraction/deletion	False	not-started	
docs/review/evidence/run2-sdk-checkpoint-review/original-consumers.txt	4fcf184f2217c29dd0188ce3491e6ef76bdeed29	1444	review-evidence-or-register	in-scope: inspect before extraction/deletion	False	not-started	
docs/review/evidence/run2-sdk-checkpoints/after.txt	1d344ee3aedc5566b8b88186b34d4300c8eabb64	525	review-evidence-or-register	in-scope: inspect before extraction/deletion	False	not-started	
docs/review/evidence/run2-sdk-checkpoints/artifact-store.txt	13df361a236424d189203fd49893b6aa895168a7	71	review-evidence-or-register	in-scope: inspect before extraction/deletion	False	not-started	
docs/review/evidence/run2-sdk-checkpoints/before.txt	f02566cd32e882b021c98c71516b5d690de1ab48	3767	review-evidence-or-register	in-scope: inspect before extraction/deletion	False	not-started	
docs/review/evidence/run2-sdk-checkpoints/effects.txt	4f4bfc300af8d8720e5c993ff0adde5a3e74fe6c	1638	review-evidence-or-register	in-scope: inspect before extraction/deletion	False	not-started	
docs/review/evidence/run2-sdk-checkpoints/lint-final.txt	e69de29bb2d1d6434b8b29ae775ad8c2e48c5391	0	review-evidence-or-register	in-scope: inspect before extraction/deletion	False	not-started	
docs/review/evidence/run2-sdk-checkpoints/lint.txt	85a97c28e8051798f05a8a1bfde233a337c55d85	228	review-evidence-or-register	in-scope: inspect before extraction/deletion	False	not-started	
docs/review/evidence/run2-sdk-checkpoints/original-recovery.txt	2e720605627e9579220f50685dd30ef7484b5dff	62	review-evidence-or-register	in-scope: inspect before extraction/deletion	False	not-started	
docs/review/evidence/run2-sdk-checkpoints/sdk-values.txt	957bf86943f295824f670418400ef5a7017525da	239	review-evidence-or-register	in-scope: inspect before extraction/deletion	False	not-started	
docs/review/evidence/run2-sdk-checkpoints/typecheck.txt	e69de29bb2d1d6434b8b29ae775ad8c2e48c5391	0	review-evidence-or-register	in-scope: inspect before extraction/deletion	False	not-started	
docs/review/evidence/run2-sdk-remaining/repair-authorization-locale.mjs	2bc551fe76df971400e6c23d8ab28e65a46b1a63	5644	review-evidence-or-register	in-scope: inspect before extraction/deletion	False	not-started	
docs/review/evidence/run2-sdk-remaining/repair-authorization-locale.txt	97677982fd96ad7246ec3c4aff1a4c055029433d	1064	review-evidence-or-register	in-scope: inspect before extraction/deletion	False	not-started	
docs/review/evidence/run3-adapter-dependency-locale.mjs	cf14089ebc006437f1009e3ebcaaa727d73c7443	7475	review-evidence-or-register	in-scope: inspect before extraction/deletion	False	not-started	
docs/review/evidence/run3-adapter-dependency-locale.txt	408dfbefd8f7e30af4011f0cd36319eda1be60f6	1378	review-evidence-or-register	in-scope: inspect before extraction/deletion	False	not-started	
docs/review/evidence/run3-adapter-identity/adaptercheck-types.txt	5fcd44292bd748bdc436da7579ca3efb4e0fd578	13	review-evidence-or-register	in-scope: inspect before extraction/deletion	False	not-started	
docs/review/evidence/run3-adapter-identity/adapterfinal-lint.txt	5fcd44292bd748bdc436da7579ca3efb4e0fd578	13	review-evidence-or-register	in-scope: inspect before extraction/deletion	False	not-started	
docs/review/evidence/run3-adapter-identity/adapterlocaletests.txt	7a09d1bf730f7b9fc69c9409a228ba111f58f6b3	1452	review-evidence-or-register	in-scope: inspect before extraction/deletion	False	not-started	
docs/review/evidence/run3-adapter-identity/before.txt	a478966fc6b6cd238be2b3e5df03f511489ef3d7	1378	review-evidence-or-register	in-scope: inspect before extraction/deletion	False	not-started	
docs/review/evidence/run3-adapter-identity/regressions-after.txt	a0d633b809bd0ce2822af53b6c74908af5a5a91e	663	review-evidence-or-register	in-scope: inspect before extraction/deletion	False	not-started	
docs/review/evidence/run3-adapter-identity/regressions-initial.txt	d25420760ff7d5c57a7020c4e199d90bfe63e364	5603	review-evidence-or-register	in-scope: inspect before extraction/deletion	False	not-started	
docs/review/evidence/run3-adapter-identity/typecheck-initial.txt	7d91350f808c1a8c011539b1833d0c1d68a844f9	725	review-evidence-or-register	in-scope: inspect before extraction/deletion	False	not-started	
docs/review/evidence/run3-adapter-independent-archive.json	5585031a8e2960aa629444bea48e3228485417ab	588	review-evidence-or-register	in-scope: inspect before extraction/deletion	False	not-started	
docs/review/evidence/run3-adapter-independent-wip.txt	58ff1d0b93af30989e83d9f7ca40b822a2bfc373	1497	review-evidence-or-register	in-scope: inspect before extraction/deletion	False	not-started	
docs/review/evidence/run3-attempt-author-tests.txt	11678014b6433ca52132601166e21ffdd90d8d8f	4385	review-evidence-or-register	in-scope: inspect before extraction/deletion	False	not-started	
docs/review/evidence/run3-attempt-existing-lint.txt	70af724083f7a10744570345a8cef9c29f5cfb13	2817	review-evidence-or-register	in-scope: inspect before extraction/deletion	False	not-started	
docs/review/evidence/run3-attempt-independent-static.txt	c1d4ae194b1c18ad7f08a45e97c0836b2af3f7d1	807	review-evidence-or-register	in-scope: inspect before extraction/deletion	False	not-started	
docs/review/evidence/run3-attempt-independent-tests.txt	dc66a3e79be377ef34d2eb67da962d1e8cc44b2a	3422	review-evidence-or-register	in-scope: inspect before extraction/deletion	False	not-started	
docs/review/evidence/run3-attempt-mutex-before.mjs	31b1b4d5803aa2ea76ec18279fdbbfa202af92a1	1782	review-evidence-or-register	in-scope: inspect before extraction/deletion	False	not-started	
docs/review/evidence/run3-attempt-mutex-before.txt	3232bac4fc0f056e9bd875a9f427d4b413036c3e	2233	review-evidence-or-register	in-scope: inspect before extraction/deletion	False	not-started	
docs/review/evidence/run3-attempt-original-consumers.txt	2dd6a954e4e93f4730826a60ea7ec2359446f797	872	review-evidence-or-register	in-scope: inspect before extraction/deletion	False	not-started	
docs/review/evidence/run3-attempt-review-initial.txt	afbd75e18342a95d1097fca408cb7c679aa1ef74	4379	review-evidence-or-register	in-scope: inspect before extraction/deletion	False	not-started	
docs/review/evidence/run3-attempt-static-checks.txt	01ddc5e5c1b745e3a1a8c84b63586ab760656e23	893	review-evidence-or-register	in-scope: inspect before extraction/deletion	False	not-started	
docs/review/evidence/run3-product-independent-restoration.json	3bfbe860175b043944b9a14f96004c76c818c49d	5147	review-evidence-or-register	in-scope: inspect before extraction/deletion	False	not-started	
docs/review/evidence/run3-product-independent-static.json	f9fcfb2e096459912c5fb5124c521d58c05f0055	131679	review-evidence-or-register	in-scope: inspect before extraction/deletion	False	not-started	
docs/review/evidence/run3-product-independent-tests.txt	6b7d419a1bc1efcf800b668ae6e0c9f17078ad11	2845	review-evidence-or-register	in-scope: inspect before extraction/deletion	False	not-started	
docs/review/evidence/run3-product-port/lint-final.txt	8b137891791fe96927ad78e64b0aad7bded08bdc	1	review-evidence-or-register	in-scope: inspect before extraction/deletion	False	not-started	
docs/review/evidence/run3-product-port/manifest.json	1f40cd79001eb36e0a6e6233ea0fc6e87c383d45	2792	review-evidence-or-register	in-scope: inspect before extraction/deletion	False	not-started	
docs/review/evidence/run3-product-port/restored-remote-blobs.json	54360a776e87df3160a3fab9b88bddb963911b80	4001	review-evidence-or-register	in-scope: inspect before extraction/deletion	False	not-started	
docs/review/evidence/run3-product-port/server-lint-baseline.txt	0b6869d0281bb89a253f4d377fd2c5884297852d	2684	review-evidence-or-register	in-scope: inspect before extraction/deletion	False	not-started	
docs/review/evidence/run3-product-port/server-lint-final.txt	be9a4b8e3351f28dc5073e312ea2130b4897e139	2684	review-evidence-or-register	in-scope: inspect before extraction/deletion	False	not-started	
docs/review/evidence/run3-product-port/server-lint-import-error.txt	7946b248568234ac8557c978415a88eec5238951	2888	review-evidence-or-register	in-scope: inspect before extraction/deletion	False	not-started	
docs/review/evidence/run3-product-port/tests-final.txt	d5976bddff64f6330728ed572c7d05ba99dd702e	2142	review-evidence-or-register	in-scope: inspect before extraction/deletion	False	not-started	
docs/review/evidence/run3-product-port/tests-initial.txt	b7e5aa128fac34ac4f7f0b5e8d399cecebf15973	1940	review-evidence-or-register	in-scope: inspect before extraction/deletion	False	not-started	
docs/review/evidence/run3-product-port/typecheck-final.txt	c6fb73cb174c6bf96b47a499be7faa338aeef76d	150	review-evidence-or-register	in-scope: inspect before extraction/deletion	False	not-started	
docs/review/evidence/run3-review-encoding-independent/compiler-before.txt	9630e06104693699be6258c70164427d35c56654	1521	review-evidence-or-register	in-scope: inspect before extraction/deletion	False	not-started	
docs/review/evidence/run3-review-encoding-independent/final-five-cases.txt	d12c477f9e129caba9428b65544f15cc2dddae16	2220	review-evidence-or-register	in-scope: inspect before extraction/deletion	False	not-started	
docs/review/evidence/run3-review-encoding-independent/npm-final.txt	a75864bf75130094c3931fb9743cabd085a4381c	9147	review-evidence-or-register	in-scope: inspect before extraction/deletion	False	not-started	
docs/review/evidence/run3-review-encoding-independent/recovery-types-lint-final.txt	088b514aa9b3a4d866b7a48ea28d3abf7d8e0e97	2780	review-evidence-or-register	in-scope: inspect before extraction/deletion	False	not-started	
docs/review/evidence/run3-review-encoding-independent/schema-before.txt	8e81e40f238eaa6056a06e7603e11312a10d48c3	473	review-evidence-or-register	in-scope: inspect before extraction/deletion	False	not-started	
docs/review/evidence/run3-review-encoding/author-moving-checkout.txt	0ab4c0af6736273e356121e5e02eab826b4dc7ca	7252	review-evidence-or-register	in-scope: inspect before extraction/deletion	False	not-started	
docs/review/evidence/run3-review-encoding/final-regression-matrix.txt	e948a45bf7c10bebd4517cbfffec08b12f752655	2120	review-evidence-or-register	in-scope: inspect before extraction/deletion	False	not-started	
docs/review/evidence/run3-review-encoding/frozen-default-suite.txt	3573bbda6855c2882f57b8b8235cfca88e333846	8849	review-evidence-or-register	in-scope: inspect before extraction/deletion	False	not-started	
docs/review/evidence/run3-review-encoding/live-sv.txt	6c0b36993f42bb2a8b95528591989af227e988cb	291	review-evidence-or-register	in-scope: inspect before extraction/deletion	False	not-started	
docs/review/evidence/run3-review-encoding/review-checks.txt	933ee437403b0e5260ad0af9260323a7b2b9f3da	1047	review-evidence-or-register	in-scope: inspect before extraction/deletion	False	not-started	
docs/review/evidence/run3-review-encoding/review-final.txt	a13d22be22e8e5263cf89db32e65c9ee402750e6	7224	review-evidence-or-register	in-scope: inspect before extraction/deletion	False	not-started	
docs/review/evidence/run3-review-encoding/strict-roundtrip.txt	44590dddf47698fc7e53d39bf3aab65c6c4fd91f	939	review-evidence-or-register	in-scope: inspect before extraction/deletion	False	not-started	
docs/review/evidence/run3-root-adapter-before.txt	a065f31d5ebfcf7e0d3aaf546ac8ad6fc6ae4a74	1623	review-evidence-or-register	in-scope: inspect before extraction/deletion	False	not-started	
docs/review/evidence/run3-root-attempt-final.txt	fde96d84752e727802cf6afedc16942f1708d7b8	5882	review-evidence-or-register	in-scope: inspect before extraction/deletion	False	not-started	
docs/review/evidence/run3-root-baseline.txt	362b7c91abafd2e3b9aaa69d925dd9f8cbbf7f6d	2381	review-evidence-or-register	in-scope: inspect before extraction/deletion	False	not-started	
docs/review/evidence/run3-root-integrated-types.txt	13931eaffe6f2af2fe38b4611e3fcbeb7c949c43	334	review-evidence-or-register	in-scope: inspect before extraction/deletion	False	not-started	
docs/review/evidence/run3-root-legacy-archive.json	bb3073eccc3e9affed3138d4ed7c1e5e302950c7	1994	review-evidence-or-register	in-scope: inspect before extraction/deletion	False	not-started	
docs/review/evidence/run3-root-sdk-final.txt	73cb4ec063ca1c57dc2043404ba752f00391562e	9959	review-evidence-or-register	in-scope: inspect before extraction/deletion	False	not-started	
docs/review/evidence/run3-sdk-author/audit.txt	1fa64f615ae60473a39d56be1e3fb877e954a075	1138	review-evidence-or-register	in-scope: inspect before extraction/deletion	False	not-started	
docs/review/evidence/run3-sdk-author/checks.txt	2beb2f4b8531341d4ae7e8baec1cf455efa0abe8	930	review-evidence-or-register	in-scope: inspect before extraction/deletion	False	not-started	
docs/review/evidence/run3-sdk-author/final.txt	6ec7d80d404038529e9e01e9c1b6d554ee98f3a7	6105	review-evidence-or-register	in-scope: inspect before extraction/deletion	False	not-started	
docs/review/evidence/run3-sdk-remaining-consumer-probe.mjs	017a220ac12a51952aba5959d2ac7bc052304c19	3742	review-evidence-or-register	in-scope: inspect before extraction/deletion	False	not-started	
docs/review/evidence/run3-sdk-remaining-consumer-probe.txt	9393d24baa3ced9abb68d65640d072929776bf44	950	review-evidence-or-register	in-scope: inspect before extraction/deletion	False	not-started	
docs/review/evidence/run3-sdk-review/admin-before.txt	d650d1d2e75541921734b602fa4d564ea13d045e	5652	review-evidence-or-register	in-scope: inspect before extraction/deletion	False	not-started	
docs/review/evidence/run3-sdk-review/corrected-review-tests.txt	c029ec02d2ad7d85d2252b7ab37c30810b68d72c	4691	review-evidence-or-register	in-scope: inspect before extraction/deletion	False	not-started	
docs/review/evidence/run3-sdk-review/final-tests.txt	f1f8ad83f97490599c130b7696bd82647a0b88cb	6221	review-evidence-or-register	in-scope: inspect before extraction/deletion	False	not-started	
docs/review/evidence/run3-sdk-review/original-producer.txt	0cf6106e648a7eb036df7c327fbe2f5cc9334b3f	1251	review-evidence-or-register	in-scope: inspect before extraction/deletion	False	not-started	
docs/review/evidence/run3-sdk-review/projections-before.txt	abac610a38801e0c89f257d8d262ec7a5ce1611a	6368	review-evidence-or-register	in-scope: inspect before extraction/deletion	False	not-started	
docs/review/evidence/run3-sdk-review/types-lint-final.txt	c178cc4fc1f9918128e6368e506cc844c55817c0	1508	review-evidence-or-register	in-scope: inspect before extraction/deletion	False	not-started	
docs/review/evidence/run4-root-review-archive.json	f3cda5bac7b2c1b2592ba448193b84ea863f36fe	828	review-evidence-or-register	in-scope: inspect before extraction/deletion	False	not-started	
docs/review/evidence/run4-root-review-checks.txt	3595066fb9a63e7c4a25021a8ad11bf5377e1865	1144	review-evidence-or-register	in-scope: inspect before extraction/deletion	False	not-started	
docs/review/evidence/run4-root-review-npm.txt	c3ac8990d636f41b147a194ca7b2471661f33c4a	9240	review-evidence-or-register	in-scope: inspect before extraction/deletion	False	not-started	
docs/review/evidence/run4-root-review-recovery.txt	a7fa89bda08fa54385c2a7d1d97eba9337e36108	1365	review-evidence-or-register	in-scope: inspect before extraction/deletion	False	not-started	
docs/review/evidence/run5-adapter-archive.json	c0103e6d39a0af786aa011ff2a12035a168d8a88	431	review-evidence-or-register	in-scope: inspect before extraction/deletion	False	not-started	
docs/review/evidence/run5-adapter-author-regressions.txt	ef15892470adac9a7b2653fcb9b04004d5086a78	3573	review-evidence-or-register	in-scope: inspect before extraction/deletion	False	not-started	
docs/review/evidence/run5-adapter-boundary-after.txt	c65ca00d6a887422e44150839828b00f945ab00c	1463	review-evidence-or-register	in-scope: inspect before extraction/deletion	False	not-started	
docs/review/evidence/run5-adapter-boundary-default.txt	dee0e9dfcc1714285a339d08c95e35117cd60e93	1703	review-evidence-or-register	in-scope: inspect before extraction/deletion	False	not-started	
docs/review/evidence/run5-adapter-checkpoint-readback.json	4c15a8216ba4af417c7ae7986515734f95f98c0a	6380	review-evidence-or-register	in-scope: inspect before extraction/deletion	False	not-started	
docs/review/evidence/run5-adapter-cli-after.txt	79250096e02f9a230dd8811e154925945d487e6f	1197	review-evidence-or-register	in-scope: inspect before extraction/deletion	False	not-started	
docs/review/evidence/run5-adapter-cli-before.txt	bbedd18abba4371649c82fb5b21352fd91d8c79a	1007	review-evidence-or-register	in-scope: inspect before extraction/deletion	False	not-started	
docs/review/evidence/run5-adapter-final-28.txt	d4e000c9f0f29fc1f502807129962a3b8f73104f	5644	review-evidence-or-register	in-scope: inspect before extraction/deletion	False	not-started	
docs/review/evidence/run5-adapter-independent-archive.json	7a022b7d2d877fb1c39fb42bce7b59e827d429c2	826	review-evidence-or-register	in-scope: inspect before extraction/deletion	False	not-started	
docs/review/evidence/run5-adapter-independent-boundaries.txt	04bb8db43aeb4b9ff17baa78cbdcc063029af436	1442	review-evidence-or-register	in-scope: inspect before extraction/deletion	False	not-started	
docs/review/evidence/run5-adapter-independent-boundary-registered.txt	618c0ed06782124bfaaf2d07f2b00afa840729ec	1776	review-evidence-or-register	in-scope: inspect before extraction/deletion	False	not-started	
docs/review/evidence/run5-adapter-independent-causal-before.txt	b1347ca63a1d9334eb50ae6325a43e87a55056bc	3926	review-evidence-or-register	in-scope: inspect before extraction/deletion	False	not-started	
docs/review/evidence/run5-adapter-independent-cli-complete.txt	03551cd8b2d6fc6cb65f0c84ea53aca2dc6f68b5	987	review-evidence-or-register	in-scope: inspect before extraction/deletion	False	not-started	
docs/review/evidence/run5-adapter-independent-cli-final.txt	4dc5c4b106b31964f0056d19afb7fe3136903f69	973	review-evidence-or-register	in-scope: inspect before extraction/deletion	False	not-started	
docs/review/evidence/run5-adapter-independent-complete.txt	731572c3615447aa443f87e34ee068de30bc1437	8557	review-evidence-or-register	in-scope: inspect before extraction/deletion	False	not-started	
docs/review/evidence/run5-adapter-independent-final.txt	c87db919352293bcf486db1345c56dd3324aeabd	5884	review-evidence-or-register	in-scope: inspect before extraction/deletion	False	not-started	
docs/review/evidence/run5-adapter-independent-future-key.txt	16327eebc2a8ff519e00de5c931d820e7ac8e785	2241	review-evidence-or-register	in-scope: inspect before extraction/deletion	False	not-started	
docs/review/evidence/run5-adapter-independent-types-lint.txt	c84373e80709aa89320de196bcdddc6b01525c81	772	review-evidence-or-register	in-scope: inspect before extraction/deletion	False	not-started	
docs/review/evidence/run5-adapter-legacy-cli-diagnostic.mjs	9d3a7cec70f6070d2e34172188491447e81f80cc	6006	review-evidence-or-register	in-scope: inspect before extraction/deletion	False	not-started	
docs/review/evidence/run5-adapter-lint.txt	657d4ce20df9702580f4730269b83a3457f9b4d5	434	review-evidence-or-register	in-scope: inspect before extraction/deletion	False	not-started	
docs/review/evidence/run5-adapter-original-contracts.txt	64ae72cc45590f249adbc4d9e45f485f6926fbb7	680	review-evidence-or-register	in-scope: inspect before extraction/deletion	False	not-started	
docs/review/evidence/run5-adapter-result-initial.txt	92761a01e94dea2b321fbafaa30471689d4e8ba1	5078	review-evidence-or-register	in-scope: inspect before extraction/deletion	False	not-started	
docs/review/evidence/run5-adapter-types.txt	1533968da9cbcf705d83eb7e59f222ed202a00c7	415	review-evidence-or-register	in-scope: inspect before extraction/deletion	False	not-started	
docs/review/evidence/run5-adapter-write-boundary-final.txt	619e2aa5d21bf9755f756930b68bf36fc46b0af5	3134	review-evidence-or-register	in-scope: inspect before extraction/deletion	False	not-started	
docs/review/evidence/run5-blob-reader-author.txt	2dec68ce84674c11817820d1cc1b0b4259733352	1303	review-evidence-or-register	in-scope: inspect before extraction/deletion	False	not-started	
docs/review/evidence/run5-blob-reader-corrected.txt	b3d9fc63cd28b81fb54c24373e65123eb39ab5e0	1001	review-evidence-or-register	in-scope: inspect before extraction/deletion	False	not-started	
docs/review/evidence/run5-blob-reader-frozen.txt	b50f8200bf7f39f5f021f55709b77af084d29443	1051	review-evidence-or-register	in-scope: inspect before extraction/deletion	False	not-started	
docs/review/evidence/run5-blob-reader-independent-final.txt	f1b2718461a12773186193de61a82f992af1bca3	8455	review-evidence-or-register	in-scope: inspect before extraction/deletion	False	not-started	
docs/review/evidence/run5-blob-reader-independent-initial.txt	9e9a1af83bacf78c18c214f9ef24db7eda89f829	8910	review-evidence-or-register	in-scope: inspect before extraction/deletion	False	not-started	
docs/review/evidence/run5-coupled-chart.txt	26aa94ab21557d8dab47990ee7fd4b8bab3e84c5	1611	review-evidence-or-register	in-scope: inspect before extraction/deletion	False	not-started	
docs/review/evidence/run5-coupled-controller.txt	42b520bc076227316056b2e5cd1dade777ee344c	17308	review-evidence-or-register	in-scope: inspect before extraction/deletion	False	not-started	
docs/review/evidence/run5-coupled-native.txt	c12d2202dd10a7192b581ca621fba5ee35a80faf	552	review-evidence-or-register	in-scope: inspect before extraction/deletion	False	not-started	
docs/review/evidence/run5-coupled-native/cleanup.json	f345fdca0e0abb8f77cca56896a0c7b52d5d3abe	135	review-evidence-or-register	in-scope: inspect before extraction/deletion	False	not-started	
docs/review/evidence/run5-coupled-native/crd-install.json	0a39b9010050b25d214ab1a85b6a1f930589b190	17568	review-evidence-or-register	in-scope: inspect before extraction/deletion	False	not-started	
docs/review/evidence/run5-coupled-native/established.txt	b644b788436e0b3165c6524c63eb9fdda50e192f	105	review-evidence-or-register	in-scope: inspect before extraction/deletion	False	not-started	
docs/review/evidence/run5-coupled-native/etcd.log	4bde0b607214e3ce80a96679985ca5d19a4ec14b	16145	review-evidence-or-register	in-scope: inspect before extraction/deletion	False	not-started	
docs/review/evidence/run5-coupled-native/kube-apiserver.log	43d3d8a9beea930bae57912eb433f2536015c87a	44931	review-evidence-or-register	in-scope: inspect before extraction/deletion	False	not-started	
docs/review/evidence/run5-coupled-native/native-alternate-a-original-controller.yaml	ba9ebdac608e06d0362cbebf699523ea353417a7	8484	review-evidence-or-register	in-scope: inspect before extraction/deletion	False	not-started	
docs/review/evidence/run5-coupled-native/native-alternate-a-original-fence.yaml	6bc198149d6d041ee336822f07e29f6577b430da	1654	review-evidence-or-register	in-scope: inspect before extraction/deletion	False	not-started	
docs/review/evidence/run5-coupled-native/native-alternate-b-original-controller.yaml	5aad39fac35b2da76c662129c5aa4db3051aa74a	8484	review-evidence-or-register	in-scope: inspect before extraction/deletion	False	not-started	
docs/review/evidence/run5-coupled-native/native-alternate-b-original-fence.yaml	56cab25c4bc9e486bcb152af1f64d6e16c228c14	1654	review-evidence-or-register	in-scope: inspect before extraction/deletion	False	not-started	
docs/review/evidence/run5-coupled-native/native-controller.txt	26d4f795febfc2be8db1559aedac5273f65ac002	2327	review-evidence-or-register	in-scope: inspect before extraction/deletion	False	not-started	
docs/review/evidence/run5-coupled-native/native-fence-matrix.json	d6af19e495e8e85a5749979511a5ea16afda60eb	41936	review-evidence-or-register	in-scope: inspect before extraction/deletion	False	not-started	
docs/review/evidence/run5-coupled-native/native-status-matrix.json	60c2af437f72f035b947b4293a9019140707debd	418695	review-evidence-or-register	in-scope: inspect before extraction/deletion	False	not-started	
docs/review/evidence/run5-coupled-native/original-rendered-crd.yaml	16fff27da73a793702188f76b7f9df6bcb81a0bf	24773	review-evidence-or-register	in-scope: inspect before extraction/deletion	False	not-started	
docs/review/evidence/run5-coupled-native/readiness.json	a7ad33bc883f6ad5269cac33216545abe4d76360	36	review-evidence-or-register	in-scope: inspect before extraction/deletion	False	not-started	
docs/review/evidence/run5-coupled-native/source.json	091410904b367be0c455d361d5fc48f057cc8274	207	review-evidence-or-register	in-scope: inspect before extraction/deletion	False	not-started	
docs/review/evidence/run5-coupled-native/versions.txt	b7ff08f0049fb405fe72a06f72eeb79149b6e9fd	103	review-evidence-or-register	in-scope: inspect before extraction/deletion	False	not-started	
docs/review/evidence/run5-coupled-product.txt	08acea31b254075dfd752db983a01940acabe5ab	3342	review-evidence-or-register	in-scope: inspect before extraction/deletion	False	not-started	
docs/review/evidence/run5-coupled-source-manifest.json	1ca28c806d0ec38e320066cb6968719b2ccb0208	27321	review-evidence-or-register	in-scope: inspect before extraction/deletion	False	not-started	
docs/review/evidence/run5-coupled-static.json	eb500c31e5052df1dfd0f18fbe1127bc264ae105	1227	review-evidence-or-register	in-scope: inspect before extraction/deletion	False	not-started	
docs/review/evidence/run5-coupled-types.txt	83b4509b4ba2ae0c7a0b92bfcd876cb859035364	258	review-evidence-or-register	in-scope: inspect before extraction/deletion	False	not-started	
docs/review/evidence/run5-dispatch-independent-fences.txt	1eb335d5000e70991595059470b02824076f3d4b	2076	review-evidence-or-register	in-scope: inspect before extraction/deletion	False	not-started	
docs/review/evidence/run5-dispatch-independent-ownership-before.txt	f670faceee76333abf772af0e56442df445a0cfa	3155	review-evidence-or-register	in-scope: inspect before extraction/deletion	False	not-started	
docs/review/evidence/run5-native-bounds/cleanup.json	43259dc57acd531dc90324259738374ac66bb1db	135	review-evidence-or-register	in-scope: inspect before extraction/deletion	False	not-started	
docs/review/evidence/run5-native-bounds/crd-install.json	8a7067bcdcdacf534f41e2a3384cad6ba7c96100	17568	review-evidence-or-register	in-scope: inspect before extraction/deletion	False	not-started	
docs/review/evidence/run5-native-bounds/established.txt	b644b788436e0b3165c6524c63eb9fdda50e192f	105	review-evidence-or-register	in-scope: inspect before extraction/deletion	False	not-started	
docs/review/evidence/run5-native-bounds/etcd.log	d83ee2df75329854b89a45403fa8324028259283	16145	review-evidence-or-register	in-scope: inspect before extraction/deletion	False	not-started	
docs/review/evidence/run5-native-bounds/kube-apiserver.log	3d7194de02a2cba428134bab0149cd772ae9ef9b	44958	review-evidence-or-register	in-scope: inspect before extraction/deletion	False	not-started	
docs/review/evidence/run5-native-bounds/native-alternate-a-original-controller.yaml	ba9ebdac608e06d0362cbebf699523ea353417a7	8484	review-evidence-or-register	in-scope: inspect before extraction/deletion	False	not-started	
docs/review/evidence/run5-native-bounds/native-alternate-a-original-fence.yaml	6bc198149d6d041ee336822f07e29f6577b430da	1654	review-evidence-or-register	in-scope: inspect before extraction/deletion	False	not-started	
docs/review/evidence/run5-native-bounds/native-alternate-b-original-controller.yaml	5aad39fac35b2da76c662129c5aa4db3051aa74a	8484	review-evidence-or-register	in-scope: inspect before extraction/deletion	False	not-started	
docs/review/evidence/run5-native-bounds/native-alternate-b-original-fence.yaml	56cab25c4bc9e486bcb152af1f64d6e16c228c14	1654	review-evidence-or-register	in-scope: inspect before extraction/deletion	False	not-started	
docs/review/evidence/run5-native-bounds/native-fence-matrix.json	b9fc99b1265f1e539c4f5969a7dba26c425b9015	41936	review-evidence-or-register	in-scope: inspect before extraction/deletion	False	not-started	
docs/review/evidence/run5-native-bounds/native-status-matrix.json	90bde5bc4e46a348e4781a5d1b0fa92fed9728c5	418695	review-evidence-or-register	in-scope: inspect before extraction/deletion	False	not-started	
docs/review/evidence/run5-native-bounds/original-rendered-crd.yaml	16fff27da73a793702188f76b7f9df6bcb81a0bf	24773	review-evidence-or-register	in-scope: inspect before extraction/deletion	False	not-started	
docs/review/evidence/run5-native-bounds/readiness.json	a7ad33bc883f6ad5269cac33216545abe4d76360	36	review-evidence-or-register	in-scope: inspect before extraction/deletion	False	not-started	
docs/review/evidence/run5-native-bounds/source.json	eaebd12a318b7002ff8e71f1a4b260ed10cf522d	206	review-evidence-or-register	in-scope: inspect before extraction/deletion	False	not-started	
docs/review/evidence/run5-native-bounds/versions.txt	b7ff08f0049fb405fe72a06f72eeb79149b6e9fd	103	review-evidence-or-register	in-scope: inspect before extraction/deletion	False	not-started	
docs/review/evidence/run5-native-controller-2/cleanup.json	78c45ab1c83086c888575c6816e808a9a29ab75f	135	review-evidence-or-register	in-scope: inspect before extraction/deletion	False	not-started	
docs/review/evidence/run5-native-controller-2/crd-install.json	d805b1981f07654fb2505d9164b275ecb290143f	17568	review-evidence-or-register	in-scope: inspect before extraction/deletion	False	not-started	
docs/review/evidence/run5-native-controller-2/established.txt	b644b788436e0b3165c6524c63eb9fdda50e192f	105	review-evidence-or-register	in-scope: inspect before extraction/deletion	False	not-started	
docs/review/evidence/run5-native-controller-2/etcd.log	539b321e885663d6c2aeb0bcb9f6ff2bfc2a79eb	16145	review-evidence-or-register	in-scope: inspect before extraction/deletion	False	not-started	
docs/review/evidence/run5-native-controller-2/kube-apiserver.log	970e34677dae2b9e8552ce48e4778b67ab36c4be	44529	review-evidence-or-register	in-scope: inspect before extraction/deletion	False	not-started	
docs/review/evidence/run5-native-controller-2/native-alternate-a-original-controller.yaml	ba9ebdac608e06d0362cbebf699523ea353417a7	8484	review-evidence-or-register	in-scope: inspect before extraction/deletion	False	not-started	
docs/review/evidence/run5-native-controller-2/native-alternate-a-original-fence.yaml	6bc198149d6d041ee336822f07e29f6577b430da	1654	review-evidence-or-register	in-scope: inspect before extraction/deletion	False	not-started	
docs/review/evidence/run5-native-controller-2/native-alternate-b-original-controller.yaml	5aad39fac35b2da76c662129c5aa4db3051aa74a	8484	review-evidence-or-register	in-scope: inspect before extraction/deletion	False	not-started	
docs/review/evidence/run5-native-controller-2/native-alternate-b-original-fence.yaml	56cab25c4bc9e486bcb152af1f64d6e16c228c14	1654	review-evidence-or-register	in-scope: inspect before extraction/deletion	False	not-started	
docs/review/evidence/run5-native-controller-2/native-controller.txt	d0681d29a3fda01e91963005ec886a384d4890b1	1933	review-evidence-or-register	in-scope: inspect before extraction/deletion	False	not-started	
docs/review/evidence/run5-native-controller-2/native-fence-matrix.json	2236259efec1b264b508c42f479663df4b25ef14	41936	review-evidence-or-register	in-scope: inspect before extraction/deletion	False	not-started	
docs/review/evidence/run5-native-controller-2/native-status-matrix.json	9d41c6541d459ae947e557f8078453f3a79b5bf4	418695	review-evidence-or-register	in-scope: inspect before extraction/deletion	False	not-started	
docs/review/evidence/run5-native-controller-2/original-rendered-crd.yaml	16fff27da73a793702188f76b7f9df6bcb81a0bf	24773	review-evidence-or-register	in-scope: inspect before extraction/deletion	False	not-started	
docs/review/evidence/run5-native-controller-2/readiness.json	a7ad33bc883f6ad5269cac33216545abe4d76360	36	review-evidence-or-register	in-scope: inspect before extraction/deletion	False	not-started	
docs/review/evidence/run5-native-controller-2/source.json	eaebd12a318b7002ff8e71f1a4b260ed10cf522d	206	review-evidence-or-register	in-scope: inspect before extraction/deletion	False	not-started	
docs/review/evidence/run5-native-controller-2/versions.txt	b7ff08f0049fb405fe72a06f72eeb79149b6e9fd	103	review-evidence-or-register	in-scope: inspect before extraction/deletion	False	not-started	
docs/review/evidence/run5-native-controller-final/cleanup.json	746c0db2f7c8be10982f61a0d7bc1387a74ce008	135	review-evidence-or-register	in-scope: inspect before extraction/deletion	False	not-started	
docs/review/evidence/run5-native-controller-final/crd-install.json	8c273ef29f5420a2e4a7341c2c1e47079c330b75	17568	review-evidence-or-register	in-scope: inspect before extraction/deletion	False	not-started	
docs/review/evidence/run5-native-controller-final/established.txt	b644b788436e0b3165c6524c63eb9fdda50e192f	105	review-evidence-or-register	in-scope: inspect before extraction/deletion	False	not-started	
docs/review/evidence/run5-native-controller-final/etcd.log	9bc1d86802a18221469474fabe627f8407023df2	16145	review-evidence-or-register	in-scope: inspect before extraction/deletion	False	not-started	
docs/review/evidence/run5-native-controller-final/kube-apiserver.log	569124ff168d784f3f6f906ffe2f4a6839a1da2e	45033	review-evidence-or-register	in-scope: inspect before extraction/deletion	False	not-started	
docs/review/evidence/run5-native-controller-final/native-alternate-a-original-controller.yaml	ba9ebdac608e06d0362cbebf699523ea353417a7	8484	review-evidence-or-register	in-scope: inspect before extraction/deletion	False	not-started	
docs/review/evidence/run5-native-controller-final/native-alternate-a-original-fence.yaml	6bc198149d6d041ee336822f07e29f6577b430da	1654	review-evidence-or-register	in-scope: inspect before extraction/deletion	False	not-started	
docs/review/evidence/run5-native-controller-final/native-alternate-b-original-controller.yaml	5aad39fac35b2da76c662129c5aa4db3051aa74a	8484	review-evidence-or-register	in-scope: inspect before extraction/deletion	False	not-started	
docs/review/evidence/run5-native-controller-final/native-alternate-b-original-fence.yaml	56cab25c4bc9e486bcb152af1f64d6e16c228c14	1654	review-evidence-or-register	in-scope: inspect before extraction/deletion	False	not-started	
docs/review/evidence/run5-native-controller-final/native-controller.txt	48f34ef68232ce5efee18df1e0f9d278e55f999d	2124	review-evidence-or-register	in-scope: inspect before extraction/deletion	False	not-started	
docs/review/evidence/run5-native-controller-final/native-fence-matrix.json	9e8248a5aa26179a96bccb61b0d6fa0097169aaf	41936	review-evidence-or-register	in-scope: inspect before extraction/deletion	False	not-started	
docs/review/evidence/run5-native-controller-final/native-status-matrix.json	346ac3ddb436c382bff4707f3187392986d26997	418695	review-evidence-or-register	in-scope: inspect before extraction/deletion	False	not-started	
docs/review/evidence/run5-native-controller-final/original-rendered-crd.yaml	16fff27da73a793702188f76b7f9df6bcb81a0bf	24773	review-evidence-or-register	in-scope: inspect before extraction/deletion	False	not-started	
docs/review/evidence/run5-native-controller-final/readiness.json	a7ad33bc883f6ad5269cac33216545abe4d76360	36	review-evidence-or-register	in-scope: inspect before extraction/deletion	False	not-started	
docs/review/evidence/run5-native-controller-final/source.json	eaebd12a318b7002ff8e71f1a4b260ed10cf522d	206	review-evidence-or-register	in-scope: inspect before extraction/deletion	False	not-started	
docs/review/evidence/run5-native-controller-final/versions.txt	b7ff08f0049fb405fe72a06f72eeb79149b6e9fd	103	review-evidence-or-register	in-scope: inspect before extraction/deletion	False	not-started	
docs/review/evidence/run5-native-controller/cleanup.json	2d3dfe38fccf910f07049c26a6c563349ead10b9	135	review-evidence-or-register	in-scope: inspect before extraction/deletion	False	not-started	
docs/review/evidence/run5-native-controller/crd-install.json	8f503c80060c49f4bc5f45f34f76a89b68d25ffb	17568	review-evidence-or-register	in-scope: inspect before extraction/deletion	False	not-started	
docs/review/evidence/run5-native-controller/established.txt	b644b788436e0b3165c6524c63eb9fdda50e192f	105	review-evidence-or-register	in-scope: inspect before extraction/deletion	False	not-started	
docs/review/evidence/run5-native-controller/etcd.log	0a4feb43c4446e1131b6118470c6edb226eeac7c	16143	review-evidence-or-register	in-scope: inspect before extraction/deletion	False	not-started	
docs/review/evidence/run5-native-controller/kube-apiserver.log	580f6a687fe4e94c7943001d3f57530e99d0537c	44765	review-evidence-or-register	in-scope: inspect before extraction/deletion	False	not-started	
docs/review/evidence/run5-native-controller/native-alternate-a-original-controller.yaml	ba9ebdac608e06d0362cbebf699523ea353417a7	8484	review-evidence-or-register	in-scope: inspect before extraction/deletion	False	not-started	
docs/review/evidence/run5-native-controller/native-alternate-a-original-fence.yaml	6bc198149d6d041ee336822f07e29f6577b430da	1654	review-evidence-or-register	in-scope: inspect before extraction/deletion	False	not-started	
docs/review/evidence/run5-native-controller/native-alternate-b-original-controller.yaml	5aad39fac35b2da76c662129c5aa4db3051aa74a	8484	review-evidence-or-register	in-scope: inspect before extraction/deletion	False	not-started	
docs/review/evidence/run5-native-controller/native-alternate-b-original-fence.yaml	56cab25c4bc9e486bcb152af1f64d6e16c228c14	1654	review-evidence-or-register	in-scope: inspect before extraction/deletion	False	not-started	
docs/review/evidence/run5-native-controller/native-controller.txt	f32592572cabdb4b2280e271c01561e5141ae9e2	1786	review-evidence-or-register	in-scope: inspect before extraction/deletion	False	not-started	
docs/review/evidence/run5-native-controller/native-fence-matrix.json	f29e953ad31d9673c3463d09d35b2baaefc53ce6	41936	review-evidence-or-register	in-scope: inspect before extraction/deletion	False	not-started	
docs/review/evidence/run5-native-controller/native-status-matrix.json	482eabd76ea130c5c367c0e133bbfb50cf6d2176	418695	review-evidence-or-register	in-scope: inspect before extraction/deletion	False	not-started	
docs/review/evidence/run5-native-controller/original-rendered-crd.yaml	16fff27da73a793702188f76b7f9df6bcb81a0bf	24773	review-evidence-or-register	in-scope: inspect before extraction/deletion	False	not-started	
docs/review/evidence/run5-native-controller/readiness.json	a7ad33bc883f6ad5269cac33216545abe4d76360	36	review-evidence-or-register	in-scope: inspect before extraction/deletion	False	not-started	
docs/review/evidence/run5-native-controller/source.json	eaebd12a318b7002ff8e71f1a4b260ed10cf522d	206	review-evidence-or-register	in-scope: inspect before extraction/deletion	False	not-started	
docs/review/evidence/run5-native-controller/versions.txt	b7ff08f0049fb405fe72a06f72eeb79149b6e9fd	103	review-evidence-or-register	in-scope: inspect before extraction/deletion	False	not-started	
docs/review/evidence/run5-native-expiry-before/cleanup.json	78c45ab1c83086c888575c6816e808a9a29ab75f	135	review-evidence-or-register	in-scope: inspect before extraction/deletion	False	not-started	
docs/review/evidence/run5-native-expiry-before/crd-install.json	6a888573063eb6c8e3c54a6951871f10e935ef0a	17568	review-evidence-or-register	in-scope: inspect before extraction/deletion	False	not-started	
docs/review/evidence/run5-native-expiry-before/established.txt	b644b788436e0b3165c6524c63eb9fdda50e192f	105	review-evidence-or-register	in-scope: inspect before extraction/deletion	False	not-started	
docs/review/evidence/run5-native-expiry-before/etcd.log	d8c8b226118a053dbfc062bb7ab56765fd95f1ba	16145	review-evidence-or-register	in-scope: inspect before extraction/deletion	False	not-started	
docs/review/evidence/run5-native-expiry-before/kube-apiserver.log	7d470ff1d00fbbaf928648ad1c2c7ffab9c0caab	45471	review-evidence-or-register	in-scope: inspect before extraction/deletion	False	not-started	
docs/review/evidence/run5-native-expiry-before/native-alternate-a-original-controller.yaml	ba9ebdac608e06d0362cbebf699523ea353417a7	8484	review-evidence-or-register	in-scope: inspect before extraction/deletion	False	not-started	
docs/review/evidence/run5-native-expiry-before/native-alternate-a-original-fence.yaml	6bc198149d6d041ee336822f07e29f6577b430da	1654	review-evidence-or-register	in-scope: inspect before extraction/deletion	False	not-started	
docs/review/evidence/run5-native-expiry-before/native-alternate-b-original-controller.yaml	5aad39fac35b2da76c662129c5aa4db3051aa74a	8484	review-evidence-or-register	in-scope: inspect before extraction/deletion	False	not-started	
docs/review/evidence/run5-native-expiry-before/native-alternate-b-original-fence.yaml	56cab25c4bc9e486bcb152af1f64d6e16c228c14	1654	review-evidence-or-register	in-scope: inspect before extraction/deletion	False	not-started	
docs/review/evidence/run5-native-expiry-before/native-controller.txt	446da2a78366b33f93a990f2e9a557cbcd0030f6	2373	review-evidence-or-register	in-scope: inspect before extraction/deletion	False	not-started	
docs/review/evidence/run5-native-expiry-before/native-fence-matrix.json	505d4226436b2b3bdce7410f84a1d37430e99fcb	41936	review-evidence-or-register	in-scope: inspect before extraction/deletion	False	not-started	
docs/review/evidence/run5-native-expiry-before/native-status-matrix.json	859eb9e0d9d31d2a1e1c990d183baa8b09774c53	418695	review-evidence-or-register	in-scope: inspect before extraction/deletion	False	not-started	
docs/review/evidence/run5-native-expiry-before/original-rendered-crd.yaml	16fff27da73a793702188f76b7f9df6bcb81a0bf	24773	review-evidence-or-register	in-scope: inspect before extraction/deletion	False	not-started	
docs/review/evidence/run5-native-expiry-before/readiness.json	a7ad33bc883f6ad5269cac33216545abe4d76360	36	review-evidence-or-register	in-scope: inspect before extraction/deletion	False	not-started	
docs/review/evidence/run5-native-expiry-before/source.json	eaebd12a318b7002ff8e71f1a4b260ed10cf522d	206	review-evidence-or-register	in-scope: inspect before extraction/deletion	False	not-started	
docs/review/evidence/run5-native-expiry-before/versions.txt	b7ff08f0049fb405fe72a06f72eeb79149b6e9fd	103	review-evidence-or-register	in-scope: inspect before extraction/deletion	False	not-started	
docs/review/evidence/run5-native-matrix-2/cleanup.json	09e8446ae7bbda00a9cd6d6096f25d709ced8fbe	135	review-evidence-or-register	in-scope: inspect before extraction/deletion	False	not-started	
docs/review/evidence/run5-native-matrix-2/crd-install.json	577c7d401033fa359d0918ec4c4a4353c3f47669	17568	review-evidence-or-register	in-scope: inspect before extraction/deletion	False	not-started	
docs/review/evidence/run5-native-matrix-2/established.txt	b644b788436e0b3165c6524c63eb9fdda50e192f	105	review-evidence-or-register	in-scope: inspect before extraction/deletion	False	not-started	
docs/review/evidence/run5-native-matrix-2/etcd.log	3f43d1281caf3f458d285e255a4a8cd8abe28545	16145	review-evidence-or-register	in-scope: inspect before extraction/deletion	False	not-started	
docs/review/evidence/run5-native-matrix-2/kube-apiserver.log	91bf6bf70128176f358bd1576f30e1e080e30732	43671	review-evidence-or-register	in-scope: inspect before extraction/deletion	False	not-started	
docs/review/evidence/run5-native-matrix-2/native-alternate-a-original-controller.yaml	ba9ebdac608e06d0362cbebf699523ea353417a7	8484	review-evidence-or-register	in-scope: inspect before extraction/deletion	False	not-started	
docs/review/evidence/run5-native-matrix-2/native-alternate-a-original-fence.yaml	6bc198149d6d041ee336822f07e29f6577b430da	1654	review-evidence-or-register	in-scope: inspect before extraction/deletion	False	not-started	
docs/review/evidence/run5-native-matrix-2/native-fence-matrix.json	d3f065534fd2eab8cfc1f4b5952afaf6004e8bea	15820	review-evidence-or-register	in-scope: inspect before extraction/deletion	False	not-started	
docs/review/evidence/run5-native-matrix-2/original-rendered-crd.yaml	16fff27da73a793702188f76b7f9df6bcb81a0bf	24773	review-evidence-or-register	in-scope: inspect before extraction/deletion	False	not-started	
docs/review/evidence/run5-native-matrix-2/readiness.json	a7ad33bc883f6ad5269cac33216545abe4d76360	36	review-evidence-or-register	in-scope: inspect before extraction/deletion	False	not-started	
docs/review/evidence/run5-native-matrix-2/source.json	eaebd12a318b7002ff8e71f1a4b260ed10cf522d	206	review-evidence-or-register	in-scope: inspect before extraction/deletion	False	not-started	
docs/review/evidence/run5-native-matrix-2/versions.txt	b7ff08f0049fb405fe72a06f72eeb79149b6e9fd	103	review-evidence-or-register	in-scope: inspect before extraction/deletion	False	not-started	
docs/review/evidence/run5-native-matrix-3/cleanup.json	22015341eadebe12895b556869b2fea1c141c033	135	review-evidence-or-register	in-scope: inspect before extraction/deletion	False	not-started	
docs/review/evidence/run5-native-matrix-3/crd-install.json	21582ff47eb912e534ef8f58c754bd0a9a043ce8	17568	review-evidence-or-register	in-scope: inspect before extraction/deletion	False	not-started	
docs/review/evidence/run5-native-matrix-3/established.txt	b644b788436e0b3165c6524c63eb9fdda50e192f	105	review-evidence-or-register	in-scope: inspect before extraction/deletion	False	not-started	
docs/review/evidence/run5-native-matrix-3/etcd.log	d7545ccebf0d445125e629fa7f04e686284d896e	16145	review-evidence-or-register	in-scope: inspect before extraction/deletion	False	not-started	
docs/review/evidence/run5-native-matrix-3/kube-apiserver.log	3f42d6a6e9fdd508b2132b234a472e04c00c6fcc	44408	review-evidence-or-register	in-scope: inspect before extraction/deletion	False	not-started	
docs/review/evidence/run5-native-matrix-3/native-alternate-a-original-controller.yaml	ba9ebdac608e06d0362cbebf699523ea353417a7	8484	review-evidence-or-register	in-scope: inspect before extraction/deletion	False	not-started	
docs/review/evidence/run5-native-matrix-3/native-alternate-a-original-fence.yaml	6bc198149d6d041ee336822f07e29f6577b430da	1654	review-evidence-or-register	in-scope: inspect before extraction/deletion	False	not-started	
docs/review/evidence/run5-native-matrix-3/native-fence-matrix.json	68cf0e7773e166fdf032702c68cc5c42661df73a	20105	review-evidence-or-register	in-scope: inspect before extraction/deletion	False	not-started	
docs/review/evidence/run5-native-matrix-3/original-rendered-crd.yaml	16fff27da73a793702188f76b7f9df6bcb81a0bf	24773	review-evidence-or-register	in-scope: inspect before extraction/deletion	False	not-started	
docs/review/evidence/run5-native-matrix-3/readiness.json	a7ad33bc883f6ad5269cac33216545abe4d76360	36	review-evidence-or-register	in-scope: inspect before extraction/deletion	False	not-started	
docs/review/evidence/run5-native-matrix-3/source.json	eaebd12a318b7002ff8e71f1a4b260ed10cf522d	206	review-evidence-or-register	in-scope: inspect before extraction/deletion	False	not-started	
docs/review/evidence/run5-native-matrix-3/versions.txt	b7ff08f0049fb405fe72a06f72eeb79149b6e9fd	103	review-evidence-or-register	in-scope: inspect before extraction/deletion	False	not-started	
docs/review/evidence/run5-native-matrix-4/cleanup.json	22015341eadebe12895b556869b2fea1c141c033	135	review-evidence-or-register	in-scope: inspect before extraction/deletion	False	not-started	
docs/review/evidence/run5-native-matrix-4/crd-install.json	192149928196eeba1e05d565a482d0d9f7814ecf	17568	review-evidence-or-register	in-scope: inspect before extraction/deletion	False	not-started	
docs/review/evidence/run5-native-matrix-4/established.txt	b644b788436e0b3165c6524c63eb9fdda50e192f	105	review-evidence-or-register	in-scope: inspect before extraction/deletion	False	not-started	
docs/review/evidence/run5-native-matrix-4/etcd.log	fc9fdecbe7f9bb4dd4ff6680ebb2ec7099a8fea6	16145	review-evidence-or-register	in-scope: inspect before extraction/deletion	False	not-started	
docs/review/evidence/run5-native-matrix-4/kube-apiserver.log	f1688c0d7eb3b2e0e3f6e1bf32a1f89defaa3a41	44602	review-evidence-or-register	in-scope: inspect before extraction/deletion	False	not-started	
docs/review/evidence/run5-native-matrix-4/native-alternate-a-original-controller.yaml	ba9ebdac608e06d0362cbebf699523ea353417a7	8484	review-evidence-or-register	in-scope: inspect before extraction/deletion	False	not-started	
docs/review/evidence/run5-native-matrix-4/native-alternate-a-original-fence.yaml	6bc198149d6d041ee336822f07e29f6577b430da	1654	review-evidence-or-register	in-scope: inspect before extraction/deletion	False	not-started	
docs/review/evidence/run5-native-matrix-4/native-alternate-b-original-controller.yaml	5aad39fac35b2da76c662129c5aa4db3051aa74a	8484	review-evidence-or-register	in-scope: inspect before extraction/deletion	False	not-started	
docs/review/evidence/run5-native-matrix-4/native-alternate-b-original-fence.yaml	56cab25c4bc9e486bcb152af1f64d6e16c228c14	1654	review-evidence-or-register	in-scope: inspect before extraction/deletion	False	not-started	
docs/review/evidence/run5-native-matrix-4/native-fence-matrix.json	42e3632d794d9297dfe6972506196bd84a539ee4	41936	review-evidence-or-register	in-scope: inspect before extraction/deletion	False	not-started	
docs/review/evidence/run5-native-matrix-4/native-status-matrix.json	5ed9a2b8a83b7450eeaf0de70066eec1bae84825	35123	review-evidence-or-register	in-scope: inspect before extraction/deletion	False	not-started	
docs/review/evidence/run5-native-matrix-4/original-rendered-crd.yaml	16fff27da73a793702188f76b7f9df6bcb81a0bf	24773	review-evidence-or-register	in-scope: inspect before extraction/deletion	False	not-started	
docs/review/evidence/run5-native-matrix-4/readiness.json	a7ad33bc883f6ad5269cac33216545abe4d76360	36	review-evidence-or-register	in-scope: inspect before extraction/deletion	False	not-started	
docs/review/evidence/run5-native-matrix-4/source.json	eaebd12a318b7002ff8e71f1a4b260ed10cf522d	206	review-evidence-or-register	in-scope: inspect before extraction/deletion	False	not-started	
docs/review/evidence/run5-native-matrix-4/versions.txt	b7ff08f0049fb405fe72a06f72eeb79149b6e9fd	103	review-evidence-or-register	in-scope: inspect before extraction/deletion	False	not-started	
docs/review/evidence/run5-native-matrix/cleanup.json	22015341eadebe12895b556869b2fea1c141c033	135	review-evidence-or-register	in-scope: inspect before extraction/deletion	False	not-started	
docs/review/evidence/run5-native-matrix/crd-install.json	432ac313c6dc7f8be8f806f49b970b0fb8680e8a	17568	review-evidence-or-register	in-scope: inspect before extraction/deletion	False	not-started	
docs/review/evidence/run5-native-matrix/established.txt	b644b788436e0b3165c6524c63eb9fdda50e192f	105	review-evidence-or-register	in-scope: inspect before extraction/deletion	False	not-started	
docs/review/evidence/run5-native-matrix/etcd.log	b2df7099e62505469a60541f385a87030dad8887	16143	review-evidence-or-register	in-scope: inspect before extraction/deletion	False	not-started	
docs/review/evidence/run5-native-matrix/kube-apiserver.log	fda52315ee9ee563687dedbed697d954601cfcda	43373	review-evidence-or-register	in-scope: inspect before extraction/deletion	False	not-started	
docs/review/evidence/run5-native-matrix/native-alternate-a-original-controller.yaml	ba9ebdac608e06d0362cbebf699523ea353417a7	8484	review-evidence-or-register	in-scope: inspect before extraction/deletion	False	not-started	
docs/review/evidence/run5-native-matrix/native-alternate-a-original-fence.yaml	6bc198149d6d041ee336822f07e29f6577b430da	1654	review-evidence-or-register	in-scope: inspect before extraction/deletion	False	not-started	
docs/review/evidence/run5-native-matrix/native-fence-matrix.json	1ddc35632d7e6c54e770a51c6169faf928dcfa4a	759	review-evidence-or-register	in-scope: inspect before extraction/deletion	False	not-started	
docs/review/evidence/run5-native-matrix/original-rendered-crd.yaml	16fff27da73a793702188f76b7f9df6bcb81a0bf	24773	review-evidence-or-register	in-scope: inspect before extraction/deletion	False	not-started	
docs/review/evidence/run5-native-matrix/readiness.json	a7ad33bc883f6ad5269cac33216545abe4d76360	36	review-evidence-or-register	in-scope: inspect before extraction/deletion	False	not-started	
docs/review/evidence/run5-native-matrix/source.json	eaebd12a318b7002ff8e71f1a4b260ed10cf522d	206	review-evidence-or-register	in-scope: inspect before extraction/deletion	False	not-started	
docs/review/evidence/run5-native-matrix/versions.txt	b7ff08f0049fb405fe72a06f72eeb79149b6e9fd	103	review-evidence-or-register	in-scope: inspect before extraction/deletion	False	not-started	
docs/review/evidence/run5-native-reviewed-final/cleanup.json	40e2307fcc7befda5bbd41a17f8eb4ff3e9674f4	135	review-evidence-or-register	in-scope: inspect before extraction/deletion	False	not-started	
docs/review/evidence/run5-native-reviewed-final/crd-install.json	5bb892a3b8da24c25a10957a53f28ed39dec4e45	17568	review-evidence-or-register	in-scope: inspect before extraction/deletion	False	not-started	
docs/review/evidence/run5-native-reviewed-final/established.txt	b644b788436e0b3165c6524c63eb9fdda50e192f	105	review-evidence-or-register	in-scope: inspect before extraction/deletion	False	not-started	
docs/review/evidence/run5-native-reviewed-final/etcd.log	51e63c15247806676ebc80f5ee77bef3201924bb	16143	review-evidence-or-register	in-scope: inspect before extraction/deletion	False	not-started	
docs/review/evidence/run5-native-reviewed-final/kube-apiserver.log	b49ba55774ceb53910d27434bff910ba76222b90	45168	review-evidence-or-register	in-scope: inspect before extraction/deletion	False	not-started	
docs/review/evidence/run5-native-reviewed-final/native-alternate-a-original-controller.yaml	ba9ebdac608e06d0362cbebf699523ea353417a7	8484	review-evidence-or-register	in-scope: inspect before extraction/deletion	False	not-started	
docs/review/evidence/run5-native-reviewed-final/native-alternate-a-original-fence.yaml	6bc198149d6d041ee336822f07e29f6577b430da	1654	review-evidence-or-register	in-scope: inspect before extraction/deletion	False	not-started	
docs/review/evidence/run5-native-reviewed-final/native-alternate-b-original-controller.yaml	5aad39fac35b2da76c662129c5aa4db3051aa74a	8484	review-evidence-or-register	in-scope: inspect before extraction/deletion	False	not-started	
docs/review/evidence/run5-native-reviewed-final/native-alternate-b-original-fence.yaml	56cab25c4bc9e486bcb152af1f64d6e16c228c14	1654	review-evidence-or-register	in-scope: inspect before extraction/deletion	False	not-started	
docs/review/evidence/run5-native-reviewed-final/native-controller.txt	4d5884447b8dea12ebe07315f2374b47b48568b3	2327	review-evidence-or-register	in-scope: inspect before extraction/deletion	False	not-started	
docs/review/evidence/run5-native-reviewed-final/native-fence-matrix.json	99f94a0c50489b74f49ffc2b5396d0723505da41	41936	review-evidence-or-register	in-scope: inspect before extraction/deletion	False	not-started	
docs/review/evidence/run5-native-reviewed-final/native-status-matrix.json	7c78056c94dbe9583613a5580286580c89303a19	418695	review-evidence-or-register	in-scope: inspect before extraction/deletion	False	not-started	
docs/review/evidence/run5-native-reviewed-final/original-rendered-crd.yaml	16fff27da73a793702188f76b7f9df6bcb81a0bf	24773	review-evidence-or-register	in-scope: inspect before extraction/deletion	False	not-started	
docs/review/evidence/run5-native-reviewed-final/readiness.json	a7ad33bc883f6ad5269cac33216545abe4d76360	36	review-evidence-or-register	in-scope: inspect before extraction/deletion	False	not-started	
docs/review/evidence/run5-native-reviewed-final/source.json	eaebd12a318b7002ff8e71f1a4b260ed10cf522d	206	review-evidence-or-register	in-scope: inspect before extraction/deletion	False	not-started	
docs/review/evidence/run5-native-reviewed-final/versions.txt	b7ff08f0049fb405fe72a06f72eeb79149b6e9fd	103	review-evidence-or-register	in-scope: inspect before extraction/deletion	False	not-started	
docs/review/evidence/run5-nova-dispatch-initial.txt	4678da59f32ceba48ab1c6e86186f2b2ca9d4d1f	1216	review-evidence-or-register	in-scope: inspect before extraction/deletion	False	not-started	
docs/review/evidence/run5-publisher-review-rerun.txt	82bd3c47177775e4880782ee8ce57960b171f1a7	4273	review-evidence-or-register	in-scope: inspect before extraction/deletion	False	not-started	
docs/review/evidence/run5-root-blob-limit-before.txt	e968d9255289cb4b99bc8a79f5c34edcc1f23cd8	612	review-evidence-or-register	in-scope: inspect before extraction/deletion	False	not-started	
docs/review/evidence/run5-root-blob-reader-final.txt	1889a5deec3d682f9b6d166e145c665b76b7c07e	8382	review-evidence-or-register	in-scope: inspect before extraction/deletion	False	not-started	
docs/review/evidence/run5-root-historical-cli.txt	9211c1f1f0707edebb5fd3addb25907bb8acf229	1256	review-evidence-or-register	in-scope: inspect before extraction/deletion	False	not-started	
docs/review/evidence/run6-coupled-independent-chart.txt	fcd7145d22ae561287d7d01b347e0bf4250d4790	1723	review-evidence-or-register	in-scope: inspect before extraction/deletion	False	not-started	
docs/review/evidence/run6-coupled-independent-dependencies.json	19f2d5e27d82fc10c91fdfda6340990788aa6607	1093	review-evidence-or-register	in-scope: inspect before extraction/deletion	False	not-started	
docs/review/evidence/run6-coupled-independent-go.txt	66b0d93a5318a8560f810e8886ac19bcdc92abe0	17426	review-evidence-or-register	in-scope: inspect before extraction/deletion	False	not-started	
docs/review/evidence/run6-coupled-independent-install-enospc.txt	87a1c0b2f369e2e599b9996f9057bc10cc227b6a	619	review-evidence-or-register	in-scope: inspect before extraction/deletion	False	not-started	
docs/review/evidence/run6-coupled-independent-install-initial.txt	839b51bb776b54f27342a8554ac56552b2b42a78	437	review-evidence-or-register	in-scope: inspect before extraction/deletion	False	not-started	
docs/review/evidence/run6-coupled-independent-native.txt	696d703e5a8211f7aca61ab6e991b965fa2b0ba1	730	review-evidence-or-register	in-scope: inspect before extraction/deletion	False	not-started	
docs/review/evidence/run6-coupled-independent-native/cleanup.json	68c3e51e8cd6a43b50093b7f25a70b6fbace996a	135	review-evidence-or-register	in-scope: inspect before extraction/deletion	False	not-started	
docs/review/evidence/run6-coupled-independent-native/crd-install.json	f56464ffc8f0cc562f682e2ae22899f511dee11d	17568	review-evidence-or-register	in-scope: inspect before extraction/deletion	False	not-started	
docs/review/evidence/run6-coupled-independent-native/established.txt	b644b788436e0b3165c6524c63eb9fdda50e192f	105	review-evidence-or-register	in-scope: inspect before extraction/deletion	False	not-started	
docs/review/evidence/run6-coupled-independent-native/etcd.log	13d060d696e44614da2577c6790cd4f32779ef0b	16757	review-evidence-or-register	in-scope: inspect before extraction/deletion	False	not-started	
docs/review/evidence/run6-coupled-independent-native/kube-apiserver.log	41c262708b015514df07e42cace194f5bcab0a97	45374	review-evidence-or-register	in-scope: inspect before extraction/deletion	False	not-started	
docs/review/evidence/run6-coupled-independent-native/native-alternate-a-original-controller.yaml	ba9ebdac608e06d0362cbebf699523ea353417a7	8484	review-evidence-or-register	in-scope: inspect before extraction/deletion	False	not-started	
docs/review/evidence/run6-coupled-independent-native/native-alternate-a-original-fence.yaml	6bc198149d6d041ee336822f07e29f6577b430da	1654	review-evidence-or-register	in-scope: inspect before extraction/deletion	False	not-started	
docs/review/evidence/run6-coupled-independent-native/native-alternate-b-original-controller.yaml	5aad39fac35b2da76c662129c5aa4db3051aa74a	8484	review-evidence-or-register	in-scope: inspect before extraction/deletion	False	not-started	
docs/review/evidence/run6-coupled-independent-native/native-alternate-b-original-fence.yaml	56cab25c4bc9e486bcb152af1f64d6e16c228c14	1654	review-evidence-or-register	in-scope: inspect before extraction/deletion	False	not-started	
docs/review/evidence/run6-coupled-independent-native/native-controller.txt	43756a6fa4c5960e36535f8e2915dbf778aca3a7	2327	review-evidence-or-register	in-scope: inspect before extraction/deletion	False	not-started	
docs/review/evidence/run6-coupled-independent-native/native-fence-matrix.json	bc74fe8d486e23ed25220214df67acc66b49d533	41936	review-evidence-or-register	in-scope: inspect before extraction/deletion	False	not-started	
docs/review/evidence/run6-coupled-independent-native/native-status-matrix.json	1e4717c994011caa6c55e55407792a93748a8536	418695	review-evidence-or-register	in-scope: inspect before extraction/deletion	False	not-started	
docs/review/evidence/run6-coupled-independent-native/original-rendered-crd.yaml	16fff27da73a793702188f76b7f9df6bcb81a0bf	24773	review-evidence-or-register	in-scope: inspect before extraction/deletion	False	not-started	
docs/review/evidence/run6-coupled-independent-native/readiness.json	a7ad33bc883f6ad5269cac33216545abe4d76360	36	review-evidence-or-register	in-scope: inspect before extraction/deletion	False	not-started	
docs/review/evidence/run6-coupled-independent-native/source.json	825092bf51bff9f3656c7ea2a9261894d09c514d	214	review-evidence-or-register	in-scope: inspect before extraction/deletion	False	not-started	
docs/review/evidence/run6-coupled-independent-native/versions.txt	b7ff08f0049fb405fe72a06f72eeb79149b6e9fd	103	review-evidence-or-register	in-scope: inspect before extraction/deletion	False	not-started	
docs/review/evidence/run6-coupled-independent-product.txt	17827aa37dd5969af4d3de44d50de9571322df5c	3315	review-evidence-or-register	in-scope: inspect before extraction/deletion	False	not-started	
docs/review/evidence/run6-coupled-independent-provenance.json	af4b6e3d162b9f409a15acd14dacd0d391e68b20	1660	review-evidence-or-register	in-scope: inspect before extraction/deletion	False	not-started	
docs/review/evidence/run6-coupled-independent-reader.txt	dfb7a2f48b73830ae71d80d07c216a8b7568b963	1226	review-evidence-or-register	in-scope: inspect before extraction/deletion	False	not-started	
docs/review/evidence/run6-coupled-independent-types.txt	4fd1c3d381eb82a2f813e240391a197eb822dee4	314	review-evidence-or-register	in-scope: inspect before extraction/deletion	False	not-started	
docs/review/evidence/run6-coupled-native/cleanup.json	09e8446ae7bbda00a9cd6d6096f25d709ced8fbe	135	review-evidence-or-register	in-scope: inspect before extraction/deletion	False	not-started	
docs/review/evidence/run6-coupled-native/crd-install.json	dbe4b9bcb2e4821f8934828acc67e72e626ea8c0	17568	review-evidence-or-register	in-scope: inspect before extraction/deletion	False	not-started	
docs/review/evidence/run6-coupled-native/established.txt	b644b788436e0b3165c6524c63eb9fdda50e192f	105	review-evidence-or-register	in-scope: inspect before extraction/deletion	False	not-started	
docs/review/evidence/run6-coupled-native/etcd.log	de6f24c6eae2649c1ca9ebbc8d5dae33c1859ff2	16142	review-evidence-or-register	in-scope: inspect before extraction/deletion	False	not-started	
docs/review/evidence/run6-coupled-native/kube-apiserver.log	c61a74d9d691d564ad2648a5a332f8729270aec2	40960	review-evidence-or-register	in-scope: inspect before extraction/deletion	False	not-started	
docs/review/evidence/run6-coupled-native/native-alternate-a-original-controller.yaml	ba9ebdac608e06d0362cbebf699523ea353417a7	8484	review-evidence-or-register	in-scope: inspect before extraction/deletion	False	not-started	
docs/review/evidence/run6-coupled-native/native-alternate-a-original-fence.yaml	6bc198149d6d041ee336822f07e29f6577b430da	1654	review-evidence-or-register	in-scope: inspect before extraction/deletion	False	not-started	
docs/review/evidence/run6-coupled-native/native-alternate-b-original-controller.yaml	5aad39fac35b2da76c662129c5aa4db3051aa74a	8484	review-evidence-or-register	in-scope: inspect before extraction/deletion	False	not-started	
docs/review/evidence/run6-coupled-native/native-alternate-b-original-fence.yaml	56cab25c4bc9e486bcb152af1f64d6e16c228c14	1654	review-evidence-or-register	in-scope: inspect before extraction/deletion	False	not-started	
docs/review/evidence/run6-coupled-native/native-fence-matrix.json	4eabdc1d95723b1cd91e99ee48162bd3b1dd4b3b	36864	review-evidence-or-register	in-scope: inspect before extraction/deletion	False	not-started	
docs/review/evidence/run6-coupled-native/original-rendered-crd.yaml	16fff27da73a793702188f76b7f9df6bcb81a0bf	24773	review-evidence-or-register	in-scope: inspect before extraction/deletion	False	not-started	
docs/review/evidence/run6-coupled-native/readiness.json	a7ad33bc883f6ad5269cac33216545abe4d76360	36	review-evidence-or-register	in-scope: inspect before extraction/deletion	False	not-started	
docs/review/evidence/run6-coupled-native/source.json	c359e240ffab7465b37242908a658b096343d6ca	207	review-evidence-or-register	in-scope: inspect before extraction/deletion	False	not-started	
docs/review/evidence/run6-coupled-native/versions.txt	b7ff08f0049fb405fe72a06f72eeb79149b6e9fd	103	review-evidence-or-register	in-scope: inspect before extraction/deletion	False	not-started	
docs/review/evidence/run6-coupled-reconciliation.json	847a781d963215f5a8e85f8f02754453311a4494	16067	review-evidence-or-register	in-scope: inspect before extraction/deletion	False	not-started	
docs/review/evidence/run6-dispatch-independent-authority-tamper.txt	e9e88cd9248f5cdc7af9d4f09ab638fed523a694	1059	review-evidence-or-register	in-scope: inspect before extraction/deletion	False	not-started	
docs/review/evidence/run6-dispatch-independent-canonical-after.txt	af71fece3f0fdc6038980222478307d33f66c10e	3024	review-evidence-or-register	in-scope: inspect before extraction/deletion	False	not-started	
docs/review/evidence/run6-dispatch-independent-canonical-before.txt	a5271ac92193d07832c4385188677df81e93979a	3752	review-evidence-or-register	in-scope: inspect before extraction/deletion	False	not-started	
docs/review/evidence/run6-dispatch-independent-factored.txt	c70fc16460ae9afeb354fd1364a3c1a7fc05d9eb	5220	review-evidence-or-register	in-scope: inspect before extraction/deletion	False	not-started	
docs/review/evidence/run6-envoy-independent-checks.json	6d141f25c8a06d77b8d7d054c4be9939481e693c	1977	review-evidence-or-register	in-scope: inspect before extraction/deletion	False	not-started	
docs/review/evidence/run6-envoy-independent-initial.txt	c1a99a62111923779207f44763ef6b84f5ac5c47	42817	review-evidence-or-register	in-scope: inspect before extraction/deletion	False	not-started	
docs/review/evidence/run6-envoy-independent-provenance.json	f2ae34aa4ca8a22b2b1c7b28e9df1cc16fa67b89	2557	review-evidence-or-register	in-scope: inspect before extraction/deletion	False	not-started	
docs/review/evidence/run6-envoy-independent-sa-mismatch.json	eeaaceb7b6004709f1181b7b199ac610d09a17aa	472	review-evidence-or-register	in-scope: inspect before extraction/deletion	False	not-started	
docs/review/evidence/run6-envoy-native-final.txt	02d06191546b36e81b1d503c98c0aba5ba5d4a36	37964	review-evidence-or-register	in-scope: inspect before extraction/deletion	False	not-started	
docs/review/evidence/run6-envoy-native-installed-final.txt	d99a10593897af9ee853845c7e9dcee440b75243	43417	review-evidence-or-register	in-scope: inspect before extraction/deletion	False	not-started	
docs/review/evidence/run6-envoy-prerequisite-initial.txt	1f5f34116561163b64affd6580ba0ea147d89187	1295	review-evidence-or-register	in-scope: inspect before extraction/deletion	False	not-started	
docs/review/evidence/run6-envoy-release-provenance.json	fe912c6355d5bcf69ab88a83894b22facc64b5ba	2434	review-evidence-or-register	in-scope: inspect before extraction/deletion	False	not-started	
docs/review/evidence/run6-envoy-render-checks.txt	ea57b41763c57aa546d62a6faa2236351c08330f	951	review-evidence-or-register	in-scope: inspect before extraction/deletion	False	not-started	
docs/review/evidence/run6-final-native.txt	9d214d34be1117ea28ef280bbcd94c2d76471286	485	review-evidence-or-register	in-scope: inspect before extraction/deletion	False	not-started	
docs/review/evidence/run6-final-product.txt	1b2b8553357e5d4958c8a898c149e71323a7e321	3479	review-evidence-or-register	in-scope: inspect before extraction/deletion	False	not-started	
docs/review/evidence/run6-final-reader.txt	f85e46cd8f160342bed75b7ca9a6a950e05b472d	1189	review-evidence-or-register	in-scope: inspect before extraction/deletion	False	not-started	
docs/review/evidence/run6-initial-chart.txt	680997d6e1f1d5d9140eb67eafa631812c54c8cb	1611	review-evidence-or-register	in-scope: inspect before extraction/deletion	False	not-started	
docs/review/evidence/run6-initial-controller.txt	f0349c0ccbd778444f10a07501777e6aa8a7bfd9	17308	review-evidence-or-register	in-scope: inspect before extraction/deletion	False	not-started	
docs/review/evidence/run6-initial-lint.txt	6c5f12bdc177b1e123bffe822f8b8cdb6e1d7aad	789	review-evidence-or-register	in-scope: inspect before extraction/deletion	False	not-started	
docs/review/evidence/run6-initial-native.txt	e689c8619049023a75c1ac02d8fc844fb8bb139b	1279	review-evidence-or-register	in-scope: inspect before extraction/deletion	False	not-started	
docs/review/evidence/run6-initial-product.txt	cc6c441e1dfc48f5e491a6be2afcf370f378eef2	10636	review-evidence-or-register	in-scope: inspect before extraction/deletion	False	not-started	
docs/review/evidence/run6-initial-reader.txt	73b22fee883566842790dbb82e9642521fc1c82c	1366	review-evidence-or-register	in-scope: inspect before extraction/deletion	False	not-started	
docs/review/evidence/run6-initial-types.txt	0cf9fa61e05f8daac3e8605a11738f80bf38820e	258	review-evidence-or-register	in-scope: inspect before extraction/deletion	False	not-started	
docs/review/evidence/run6-initial-vet.txt	130094fd12019177c12606606c585818a9fa010f	163	review-evidence-or-register	in-scope: inspect before extraction/deletion	False	not-started	
docs/review/evidence/run6-native-final/cleanup.json	22015341eadebe12895b556869b2fea1c141c033	135	review-evidence-or-register	in-scope: inspect before extraction/deletion	False	not-started	
docs/review/evidence/run6-native-final/crd-install.json	1ba61b9a6b4fd21236f9f8e51a8e746ff1bee600	17568	review-evidence-or-register	in-scope: inspect before extraction/deletion	False	not-started	
docs/review/evidence/run6-native-final/established.txt	b644b788436e0b3165c6524c63eb9fdda50e192f	105	review-evidence-or-register	in-scope: inspect before extraction/deletion	False	not-started	
docs/review/evidence/run6-native-final/etcd.log	4ef8f4cfd03ebc8f2b385910e838a5710dcfcfd7	16673	review-evidence-or-register	in-scope: inspect before extraction/deletion	False	not-started	
docs/review/evidence/run6-native-final/kube-apiserver.log	cc8c90c1ddb350db1861ded7d678f0ee82a9fb17	45193	review-evidence-or-register	in-scope: inspect before extraction/deletion	False	not-started	
docs/review/evidence/run6-native-final/native-alternate-a-original-controller.yaml	ba9ebdac608e06d0362cbebf699523ea353417a7	8484	review-evidence-or-register	in-scope: inspect before extraction/deletion	False	not-started	
docs/review/evidence/run6-native-final/native-alternate-a-original-fence.yaml	6bc198149d6d041ee336822f07e29f6577b430da	1654	review-evidence-or-register	in-scope: inspect before extraction/deletion	False	not-started	
docs/review/evidence/run6-native-final/native-alternate-b-original-controller.yaml	5aad39fac35b2da76c662129c5aa4db3051aa74a	8484	review-evidence-or-register	in-scope: inspect before extraction/deletion	False	not-started	
docs/review/evidence/run6-native-final/native-alternate-b-original-fence.yaml	56cab25c4bc9e486bcb152af1f64d6e16c228c14	1654	review-evidence-or-register	in-scope: inspect before extraction/deletion	False	not-started	
docs/review/evidence/run6-native-final/native-controller.txt	26d4f795febfc2be8db1559aedac5273f65ac002	2327	review-evidence-or-register	in-scope: inspect before extraction/deletion	False	not-started	
docs/review/evidence/run6-native-final/native-fence-matrix.json	4947aa13a43006f18a0d06bffa68532f012eaf4e	41936	review-evidence-or-register	in-scope: inspect before extraction/deletion	False	not-started	
docs/review/evidence/run6-native-final/native-status-matrix.json	11251841097898a7efe07d2febe074c6a698de60	418695	review-evidence-or-register	in-scope: inspect before extraction/deletion	False	not-started	
docs/review/evidence/run6-native-final/original-rendered-crd.yaml	16fff27da73a793702188f76b7f9df6bcb81a0bf	24773	review-evidence-or-register	in-scope: inspect before extraction/deletion	False	not-started	
docs/review/evidence/run6-native-final/readiness.json	a7ad33bc883f6ad5269cac33216545abe4d76360	36	review-evidence-or-register	in-scope: inspect before extraction/deletion	False	not-started	
docs/review/evidence/run6-native-final/source.json	c359e240ffab7465b37242908a658b096343d6ca	207	review-evidence-or-register	in-scope: inspect before extraction/deletion	False	not-started	
docs/review/evidence/run6-native-final/versions.txt	b7ff08f0049fb405fe72a06f72eeb79149b6e9fd	103	review-evidence-or-register	in-scope: inspect before extraction/deletion	False	not-started	
docs/review/evidence/run6-nova-dispatch-causal-author.txt	db94f51b34183c2f725cfe67b0a39587798ef8bc	1585	review-evidence-or-register	in-scope: inspect before extraction/deletion	False	not-started	
docs/review/evidence/run6-root-adapter-historical-cli.txt	408c15958317e2a0b2a045564c70a0ff7507c026	1102	review-evidence-or-register	in-scope: inspect before extraction/deletion	False	not-started	
docs/review/evidence/run6-root-adapter-integrated.txt	78bbc9ad4333b9f3513502b751c5aafd4182eb4b	18652	review-evidence-or-register	in-scope: inspect before extraction/deletion	False	not-started	
docs/review/evidence/run6-root-blob-reader-recheck.txt	30b4efbb010904c644a1474f6c96067c7e2b4292	2071	review-evidence-or-register	in-scope: inspect before extraction/deletion	False	not-started	
docs/review/evidence/run6-root-coupled-chart.txt	17f8f974b4f6813e44bce65f54943cca7c40a537	1600	review-evidence-or-register	in-scope: inspect before extraction/deletion	False	not-started	
docs/review/evidence/run6-root-coupled-native.txt	ee8c98b55fe134ea973c6e1eef4c3d3082ce0ad4	723	review-evidence-or-register	in-scope: inspect before extraction/deletion	False	not-started	
docs/review/evidence/run6-root-coupled-native/cleanup.json	f25a306ed44bfcc6a6945efbf36162b6ae2ee4a1	135	review-evidence-or-register	in-scope: inspect before extraction/deletion	False	not-started	
docs/review/evidence/run6-root-coupled-native/crd-install.json	a73d43d4800f01a087847b95a107c70cf5c2729c	17568	review-evidence-or-register	in-scope: inspect before extraction/deletion	False	not-started	
docs/review/evidence/run6-root-coupled-native/established.txt	b644b788436e0b3165c6524c63eb9fdda50e192f	105	review-evidence-or-register	in-scope: inspect before extraction/deletion	False	not-started	
docs/review/evidence/run6-root-coupled-native/etcd.log	32f39b552e77f37ec8dd6a2686ba7eafbb8189db	16143	review-evidence-or-register	in-scope: inspect before extraction/deletion	False	not-started	
docs/review/evidence/run6-root-coupled-native/kube-apiserver.log	b47772502bd303f628750b86e78311815e74bafa	45258	review-evidence-or-register	in-scope: inspect before extraction/deletion	False	not-started	
docs/review/evidence/run6-root-coupled-native/native-alternate-a-original-controller.yaml	ba9ebdac608e06d0362cbebf699523ea353417a7	8484	review-evidence-or-register	in-scope: inspect before extraction/deletion	False	not-started	
docs/review/evidence/run6-root-coupled-native/native-alternate-a-original-fence.yaml	6bc198149d6d041ee336822f07e29f6577b430da	1654	review-evidence-or-register	in-scope: inspect before extraction/deletion	False	not-started	
docs/review/evidence/run6-root-coupled-native/native-alternate-b-original-controller.yaml	5aad39fac35b2da76c662129c5aa4db3051aa74a	8484	review-evidence-or-register	in-scope: inspect before extraction/deletion	False	not-started	
docs/review/evidence/run6-root-coupled-native/native-alternate-b-original-fence.yaml	56cab25c4bc9e486bcb152af1f64d6e16c228c14	1654	review-evidence-or-register	in-scope: inspect before extraction/deletion	False	not-started	
docs/review/evidence/run6-root-coupled-native/native-controller.txt	f71493eb57acec75203bd9939693b3583a1ebebd	2327	review-evidence-or-register	in-scope: inspect before extraction/deletion	False	not-started	
docs/review/evidence/run6-root-coupled-native/native-fence-matrix.json	5a1578cb4afb242bdcc22a49211bf3d418d84d9e	41936	review-evidence-or-register	in-scope: inspect before extraction/deletion	False	not-started	
docs/review/evidence/run6-root-coupled-native/native-status-matrix.json	cf640297a5b5d97b31c103f3e5e3de4f7a351f4f	418695	review-evidence-or-register	in-scope: inspect before extraction/deletion	False	not-started	
docs/review/evidence/run6-root-coupled-native/original-rendered-crd.yaml	16fff27da73a793702188f76b7f9df6bcb81a0bf	24773	review-evidence-or-register	in-scope: inspect before extraction/deletion	False	not-started	
docs/review/evidence/run6-root-coupled-native/readiness.json	a7ad33bc883f6ad5269cac33216545abe4d76360	36	review-evidence-or-register	in-scope: inspect before extraction/deletion	False	not-started	
docs/review/evidence/run6-root-coupled-native/source.json	aee583aa74df7dc34a971d4946f6788232ec1344	204	review-evidence-or-register	in-scope: inspect before extraction/deletion	False	not-started	
docs/review/evidence/run6-root-coupled-native/versions.txt	b7ff08f0049fb405fe72a06f72eeb79149b6e9fd	103	review-evidence-or-register	in-scope: inspect before extraction/deletion	False	not-started	
docs/review/evidence/run6-root-coupled-product.txt	3433ce695609c2a748223230605a3b9c301fc64a	3358	review-evidence-or-register	in-scope: inspect before extraction/deletion	False	not-started	
docs/review/evidence/run6-root-coupled-types.txt	3d2970b341518f1687e684afebda36e6fd37bff8	129	review-evidence-or-register	in-scope: inspect before extraction/deletion	False	not-started	
docs/review/evidence/run6-sdk-profile-cli-independent.txt	9954d88daca3d4c515b088ae5ed8b1ecaf16f72b	2427	review-evidence-or-register	in-scope: inspect before extraction/deletion	False	not-started	
docs/review/evidence/run6-sdk-profile-collision-independent.mjs	aa2c05cda72ab3cec5274a34b19325deea9908c1	3336	review-evidence-or-register	in-scope: inspect before extraction/deletion	False	not-started	
docs/review/evidence/run6-sdk-profile-collision-independent.txt	d785f55c856000745630f6867eceaac59d19a456	892	review-evidence-or-register	in-scope: inspect before extraction/deletion	False	not-started	
docs/review/evidence/run6-sdk-profile-envelope-independent-before.txt	1c69b10d9669b91370625f438ea0d9fb08047ddc	2291	review-evidence-or-register	in-scope: inspect before extraction/deletion	False	not-started	
docs/review/evidence/run6-sdk-profile-hmac-independent-after.txt	03cffb322015a7127c9efc43bf58a30530644f12	752	review-evidence-or-register	in-scope: inspect before extraction/deletion	False	not-started	
docs/review/evidence/run6-sdk-profile-hmac-independent-before.txt	25939a0de9cc69bb6d37178cc981986f8b819b49	1395	review-evidence-or-register	in-scope: inspect before extraction/deletion	False	not-started	
docs/review/evidence/run6-sdk-profile-original-regressions.txt	44993eaa599dec46707e14ce4ecd81511f7f0c44	8432	review-evidence-or-register	in-scope: inspect before extraction/deletion	False	not-started	
docs/review/evidence/run6-sdk-profile-retirement-before.txt	44674fbd0c807455cc311f2a7675b030acc490f6	2713	review-evidence-or-register	in-scope: inspect before extraction/deletion	False	not-started	
docs/review/evidence/run6-sdk-profile-types-independent.txt	12875b699a206de6b2103f1d47bb70f1fe0825b4	495	review-evidence-or-register	in-scope: inspect before extraction/deletion	False	not-started	
docs/review/evidence/run6-sdk-transport-envelope-checkpoint.txt	0160db13735594a7d80ca0d8132c15958d26f528	1794	review-evidence-or-register	in-scope: inspect before extraction/deletion	False	not-started	
docs/review/evidence/run6-sdk-transport-initial.txt	0a01cc787a7a120ab0eefb4299b9c866c36ec11d	986	review-evidence-or-register	in-scope: inspect before extraction/deletion	False	not-started	
docs/review/evidence/run7-dispatch-independent-final.txt	747d08d8cb34fd7c66a2e40784d721680807bd80	10266	review-evidence-or-register	in-scope: inspect before extraction/deletion	False	not-started	
docs/review/evidence/run7-envoy-chart-final.txt	9810bfd399dd3fd1aff2acaf8afc78eb145c322c	1111	review-evidence-or-register	in-scope: inspect before extraction/deletion	False	not-started	
docs/review/evidence/run7-envoy-independent-checks.json	a2df5c264be51ca8ad02f10b4bbf3c57e427f591	2645	review-evidence-or-register	in-scope: inspect before extraction/deletion	False	not-started	
docs/review/evidence/run7-envoy-independent-native.txt	5faabe069136bf9a005f1433a29cf1156f871b6e	43236	review-evidence-or-register	in-scope: inspect before extraction/deletion	False	not-started	
docs/review/evidence/run7-envoy-independent-rollout.json	9ad21df34cb16b4097b114c1b638a1fa76d47cea	2924	review-evidence-or-register	in-scope: inspect before extraction/deletion	False	not-started	
docs/review/evidence/run7-envoy-native-expiry-final.txt	2c023192fc20abd3dda851bab6872bf202337a6c	43446	review-evidence-or-register	in-scope: inspect before extraction/deletion	False	not-started	
docs/review/evidence/run7-envoy-product-chart-regression.txt	e5d25a2c5af33bb4acf1b82288682bee7a0e6131	707	review-evidence-or-register	in-scope: inspect before extraction/deletion	False	not-started	
docs/review/evidence/run7-envoy-rollout-after.txt	94bb8e122be017e7f13ce3397617ab265aea0489	584	review-evidence-or-register	in-scope: inspect before extraction/deletion	False	not-started	
docs/review/evidence/run7-envoy-rollout-before.txt	fb260688081c91a87ee531949d6b87aa49691112	1855	review-evidence-or-register	in-scope: inspect before extraction/deletion	False	not-started	
docs/review/evidence/run7-nova-dispatch-author-matrix.txt	68d3d9ce513556b49434b447c9b8f4529b486cd4	4420	review-evidence-or-register	in-scope: inspect before extraction/deletion	False	not-started	
docs/review/evidence/run7-nova-dispatch-author-regression.txt	cfaf93f1063c55ea6512a516502cdcc67ed918d0	2285	review-evidence-or-register	in-scope: inspect before extraction/deletion	False	not-started	
docs/review/evidence/run7-nova-dispatch-sibling-regression.txt	70df6765ceccd02c744c91f01826670e1afc3360	7183	review-evidence-or-register	in-scope: inspect before extraction/deletion	False	not-started	
docs/review/evidence/run7-operator-independent-prerequisite.txt	cb3cf1efeb33b6f17c07c6906be741c5e55cdc99	1947	review-evidence-or-register	in-scope: inspect before extraction/deletion	False	not-started	
docs/review/evidence/run7-root-dispatch-integrated.txt	fbae49bcc35e1cf84c181f094c02065cb5fca661	12178	review-evidence-or-register	in-scope: inspect before extraction/deletion	False	not-started	
docs/review/evidence/run7-root-dispatch-original-gates.txt	08523220ccb363d170682af4be28d8a09cfebcf3	2825	review-evidence-or-register	in-scope: inspect before extraction/deletion	False	not-started	
docs/review/evidence/run7-root-envoy-native.txt	8b37c754aaef96953a216ac1e71fd8b30022a759	42978	review-evidence-or-register	in-scope: inspect before extraction/deletion	False	not-started	
docs/review/evidence/run7-root-envoy-original-gates.txt	b205d348b9618102af0269abc3af47d18c1feaba	1976	review-evidence-or-register	in-scope: inspect before extraction/deletion	False	not-started	
docs/review/evidence/run7-sdk-a43-final.txt	affd483cf6c0d05bb8bcc2f981a7be01fb13f098	9189	review-evidence-or-register	in-scope: inspect before extraction/deletion	False	not-started	
docs/review/evidence/run7-sdk-cache-context-case-probe.mjs	ba02b01dad1661c82bbcbed5cdd3a509befd30b4	6726	review-evidence-or-register	in-scope: inspect before extraction/deletion	False	not-started	
docs/review/evidence/run7-sdk-cache-context-case-probe.txt	ec78173c4fbd5f87686ee302a1d92761264a61ff	1035	review-evidence-or-register	in-scope: inspect before extraction/deletion	False	not-started	
docs/review/evidence/run7-sdk-cache-context-schema-diagnostic.txt	7c66d3caeb3fbae55fc9930c2e95c268930293e0	6021	review-evidence-or-register	in-scope: inspect before extraction/deletion	False	not-started	
docs/review/evidence/run7-sdk-helper-native.txt	5c29945acf322780e988ae1e7b607de328dd0e97	786	review-evidence-or-register	in-scope: inspect before extraction/deletion	False	not-started	
docs/review/evidence/run7-sdk-legacy-independent-final.txt	5aad43b5f26ccd28404531b73c63a973adb7a24e	3005	review-evidence-or-register	in-scope: inspect before extraction/deletion	False	not-started	
docs/review/evidence/run7-sdk-lint-baseline.txt	52b30b1c8c58d33ae01bf1e18424fc3407e61561	2598	review-evidence-or-register	in-scope: inspect before extraction/deletion	False	not-started	
docs/review/evidence/run7-sdk-native-final.txt	9c91ea113142d95277bb8b3efc5c2a910f1c3dc0	3170	review-evidence-or-register	in-scope: inspect before extraction/deletion	False	not-started	
docs/review/evidence/run7-sdk-native-profile.txt	e97eff20ed27c02373a19dc1ae33c3065366a51b	3002	review-evidence-or-register	in-scope: inspect before extraction/deletion	False	not-started	
docs/review/evidence/run7-sdk-original-json.txt	1332addc8b4d5fca6aa304fe032b41ea7da72a22	1538	review-evidence-or-register	in-scope: inspect before extraction/deletion	False	not-started	
docs/review/evidence/run7-sdk-plugin-before.txt	09864180b3b89b4b8fc01db63f05971c11b70485	9555	review-evidence-or-register	in-scope: inspect before extraction/deletion	False	not-started	
docs/review/evidence/run7-sdk-projection-types.txt	4aec52884682690d2f8442ff26495ffc2d2028ea	4046	review-evidence-or-register	in-scope: inspect before extraction/deletion	False	not-started	
docs/review/evidence/run7-sdk-reconciled-native.txt	866ddef522ffe5cbbc98fb546d0541dcfe42ceed	4787	review-evidence-or-register	in-scope: inspect before extraction/deletion	False	not-started	
docs/review/evidence/run7-sdk-review-helpers-independent.txt	bc8f543dc8e7f7e80022181e84f73e8acceeb20a	483	review-evidence-or-register	in-scope: inspect before extraction/deletion	False	not-started	
docs/review/evidence/run7-sdk-review-package.txt	37e3bc8fe9741b7284f7539e50838658e413b46a	9126	review-evidence-or-register	in-scope: inspect before extraction/deletion	False	not-started	
docs/review/evidence/run7-sdk-transport-independent-final.txt	6dbc3b5adc4932678cb689e2c5f87f0d8e71463e	9975	review-evidence-or-register	in-scope: inspect before extraction/deletion	False	not-started	
docs/review/evidence/run7-sdk-transport-independent-prerebase.txt	17ab744262bdf8ee065095c5a233d7bf841d2454	3215	review-evidence-or-register	in-scope: inspect before extraction/deletion	False	not-started	
docs/review/evidence/run7-sdk-type-command-diagnostic.txt	5f8c8b32fadc14a32428b66b3950c20ac23a884c	877	review-evidence-or-register	in-scope: inspect before extraction/deletion	False	not-started	
docs/review/evidence/run7-sdk-types-independent-final.txt	006a1a4bee1b9fa9d6c79e70a7c3d77962e1af91	463	review-evidence-or-register	in-scope: inspect before extraction/deletion	False	not-started	
docs/review/evidence/run8-envoy-chart-gates.txt	3fa93f32d01680f821051f3fbdbd18364546f98b	1215	review-evidence-or-register	in-scope: inspect before extraction/deletion	False	not-started	
docs/review/evidence/run8-envoy-independent-checks.json	f1a4919703837df180f4fbf1d1762f63977439ce	3121	review-evidence-or-register	in-scope: inspect before extraction/deletion	False	not-started	
docs/review/evidence/run8-envoy-independent-native.txt	a09cfe208a285828891d6c85d2706ff9f94f6004	42942	review-evidence-or-register	in-scope: inspect before extraction/deletion	False	not-started	
docs/review/evidence/run8-envoy-native-final.txt	8ac3f37a4ea445f11d4dc4bee7dcbf4d1de7f0bd	42887	review-evidence-or-register	in-scope: inspect before extraction/deletion	False	not-started	
docs/review/evidence/run8-envoy-native-initial.txt	e142b41cdcfae412222b35bd4f6a7bc5d01dda55	42195	review-evidence-or-register	in-scope: inspect before extraction/deletion	False	not-started	
docs/review/evidence/run8-operator-independent-final.txt	78297c6d72ad37b003f6a679bd81416eaa97f3c1	13335	review-evidence-or-register	in-scope: inspect before extraction/deletion	False	not-started	
docs/review/evidence/run8-operator-independent-signal-after.txt	e80d1a921fb8bd80a05a4edbbf85a39b86aaf9b7	1396	review-evidence-or-register	in-scope: inspect before extraction/deletion	False	not-started	
docs/review/evidence/run8-operator-independent-signal-before.txt	2500019d79b58e209739ecfcf446a7f7c714f565	3351	review-evidence-or-register	in-scope: inspect before extraction/deletion	False	not-started	
docs/review/evidence/run8-operator-independent-state-view.txt	790062daf1088304b21c44309cbf49593cc153dc	918	review-evidence-or-register	in-scope: inspect before extraction/deletion	False	not-started	
docs/review/evidence/run8-root-sdk-integrated.txt	6ba66ec9641402c40dde56091581883443ae21c2	16783	review-evidence-or-register	in-scope: inspect before extraction/deletion	False	not-started	
docs/review/evidence/run8-root-sdk-original-gates.txt	8c3cf8877de6288a0580a48272d9cbee207407e4	10501	review-evidence-or-register	in-scope: inspect before extraction/deletion	False	not-started	
docs/review/evidence/run8-root-supervisor-start.txt	893c0ce50ac24909c90debf7297d07cd4190ca64	6323	review-evidence-or-register	in-scope: inspect before extraction/deletion	False	not-started	
docs/review/evidence/run8-sdk-cache-archive-independent.json	d6e0630e4da60b74fed322c4f00269fa961a67cc	979	review-evidence-or-register	in-scope: inspect before extraction/deletion	False	not-started	
docs/review/evidence/run8-sdk-cache-cli-types-independent.txt	b7df4fee505d1ccb46eff70792658c26884bed6a	1405	review-evidence-or-register	in-scope: inspect before extraction/deletion	False	not-started	
docs/review/evidence/run8-sdk-cache-context-full-review-independent.txt	deb2f587d9855405387b06acb0279380d4812cde	9345	review-evidence-or-register	in-scope: inspect before extraction/deletion	False	not-started	
docs/review/evidence/run8-sdk-cache-context-independent-before.txt	93e05f98f4fd6fd235c960aca83e2d527b1ad83a	1804	review-evidence-or-register	in-scope: inspect before extraction/deletion	False	not-started	
docs/review/evidence/run8-sdk-cache-context-native-independent.txt	ea144afcb58b4f2c1e5a5219dd8a15ebe1f37826	5017	review-evidence-or-register	in-scope: inspect before extraction/deletion	False	not-started	
docs/review/evidence/run8-sdk-cache-context-types-independent.txt	3d48c87103dab5d6f30a89e5bbec8a098442f6a3	463	review-evidence-or-register	in-scope: inspect before extraction/deletion	False	not-started	
docs/review/evidence/run8-sdk-cache-followup-cli.txt	65ae4c03247e4f25372e477b820f43018b50122d	1811	review-evidence-or-register	in-scope: inspect before extraction/deletion	False	not-started	
docs/review/evidence/run8-sdk-cache-full-review-before-final.txt	aa8622bf6776081e69da4da075945c04ad8be54b	9277	review-evidence-or-register	in-scope: inspect before extraction/deletion	False	not-started	
docs/review/evidence/run8-sdk-cache-full-review-frozen.txt	f5e61f42aab32dc2b3329ae9227c84d7a84be46e	9109	review-evidence-or-register	in-scope: inspect before extraction/deletion	False	not-started	
docs/review/evidence/run8-sdk-cache-full-review-independent.txt	8b83e9a842421de3fe240fb8c40e4081894a1c97	9254	review-evidence-or-register	in-scope: inspect before extraction/deletion	False	not-started	
docs/review/evidence/run8-sdk-cache-independent-before.txt	c57a5b2563dad9f01b55f9fe9a890075a397fd54	1499	review-evidence-or-register	in-scope: inspect before extraction/deletion	False	not-started	
docs/review/evidence/run8-sdk-cache-independent-preliminary.txt	6ee27873ca4e2ca1b92b01c02da4b84fd77c2fb9	769	review-evidence-or-register	in-scope: inspect before extraction/deletion	False	not-started	
docs/review/evidence/run8-sdk-cache-initial.txt	86ed0253adddc9785f8b5d533ee61f6d0a3d3ca5	1081	review-evidence-or-register	in-scope: inspect before extraction/deletion	False	not-started	
docs/review/evidence/run8-sdk-cache-native-e1a276a.txt	ae0f8a60b770d30277ff691dc9b9436daad14b60	3670	review-evidence-or-register	in-scope: inspect before extraction/deletion	False	not-started	
docs/review/evidence/run8-sdk-cache-native-independent-corrected.txt	4bd0b245ad805dab148215f14ef550f0e56f328e	5106	review-evidence-or-register	in-scope: inspect before extraction/deletion	False	not-started	
docs/review/evidence/run8-sdk-cache-native-independent-prior.txt	e539dd1028a7f6cc482882e959609448c77166d9	5915	review-evidence-or-register	in-scope: inspect before extraction/deletion	False	not-started	
docs/review/evidence/run8-sdk-cache-original-e1a276a.txt	825bf7de43ee0a9f3a86ad10a8327b11018260ac	360	review-evidence-or-register	in-scope: inspect before extraction/deletion	False	not-started	
docs/review/evidence/run8-sdk-cache-reconciled-59.txt	674d3716172302a7adc2f904ac5cb259c8c1d326	9494	review-evidence-or-register	in-scope: inspect before extraction/deletion	False	not-started	
docs/review/evidence/run8-sdk-cache-reconciled-independent.txt	d34a97463cb8a9fede554aae303039d8422a2ced	4008	review-evidence-or-register	in-scope: inspect before extraction/deletion	False	not-started	
docs/review/evidence/run8-sdk-cache-sdk-projection-checkpoints.txt	1745f0f7da2460935369215a43bdac24adcdab70	4755	review-evidence-or-register	in-scope: inspect before extraction/deletion	False	not-started	
docs/review/evidence/run8-sdk-cache-source-independent-before.txt	69dd6587c7b6cc519425b0bead3150b8e797e3b6	3820	review-evidence-or-register	in-scope: inspect before extraction/deletion	False	not-started	
docs/review/evidence/run8-sdk-cache-source-writer-before.txt	49555c16726c560ad8750cc807bf9152c7673a71	1581	review-evidence-or-register	in-scope: inspect before extraction/deletion	False	not-started	
docs/review/evidence/run8-sdk-cache-transport-projection-independent.txt	c961c4da613b328c4fc9d3226acd889a32e8caba	10686	review-evidence-or-register	in-scope: inspect before extraction/deletion	False	not-started	
docs/review/evidence/run8-sdk-cache-writer-independent-before.txt	89be51412d0dceb6ed0de27f76c0036743be2abf	1448	review-evidence-or-register	in-scope: inspect before extraction/deletion	False	not-started	
docs/review/evidence/run9-operator-independent-sdk-final.txt	ae37100ebdbd247c901bba9e2f8e87b703e0e193	5122	review-evidence-or-register	in-scope: inspect before extraction/deletion	False	not-started	
docs/review/evidence/run9-prism-retag-portability.txt	c21c9c361a2fd3b0ae0ba1a45b63db9b633b05b5	1884	review-evidence-or-register	in-scope: inspect before extraction/deletion	False	not-started	
docs/review/evidence/run9-root-cache-reader-lint.txt	ccc62056b8de56b1525344ea328fc71845f68311	760	review-evidence-or-register	in-scope: inspect before extraction/deletion	False	not-started	
docs/review/evidence/run9-root-cache-reader-native.txt	ed3a11444ef47419daf24c834b2bf93902bf69f7	13396	review-evidence-or-register	in-scope: inspect before extraction/deletion	False	not-started	
docs/review/evidence/run9-root-cache-reader-original.txt	35b4018d228afb6043e4eb12d112507ba58a4c7c	10160	review-evidence-or-register	in-scope: inspect before extraction/deletion	False	not-started	
docs/review/evidence/run9-root-cache-reader-prism.txt	e7df3c14720104cfc2fb5318f7ac6ec6d54808b9	161151	review-evidence-or-register	in-scope: inspect before extraction/deletion	False	not-started	
docs/review/evidence/run9-root-cache-selector-followup.txt	b893aa79fb8e14c19699388cdbb5432217afc154	1154	review-evidence-or-register	in-scope: inspect before extraction/deletion	False	not-started	
docs/review/evidence/run9-root-operator-gates.txt	e0da270bad9f28872ea0357b5448204798a44502	1288	review-evidence-or-register	in-scope: inspect before extraction/deletion	False	not-started	
docs/review/evidence/run9-root-operator-native.txt	d3bc429a97b7952f48c9994fa5309233a3084a57	7578	review-evidence-or-register	in-scope: inspect before extraction/deletion	False	not-started	
docs/review/evidence/run9-root-prism-gates.txt	b697c717436595a86e23b25bacf4b57e47f20521	631	review-evidence-or-register	in-scope: inspect before extraction/deletion	False	not-started	
docs/review/evidence/run9-root-prism-git-free.txt	b048720b8dd7c896f12cc8d2751e2ca6c45599bc	1471	review-evidence-or-register	in-scope: inspect before extraction/deletion	False	not-started	
docs/review/evidence/run9-root-prism-native.txt	fc7e9890d783cd2c689bb89510e14c3c46400c29	15379	review-evidence-or-register	in-scope: inspect before extraction/deletion	False	not-started	
docs/review/evidence/run9-root-runtime-admission-native.txt	76c3cdd5a0cb176e0bd2465b407587c08330396d	19203	review-evidence-or-register	in-scope: inspect before extraction/deletion	False	not-started	
docs/review/evidence/run9-root-runtime-admission-prism.txt	b44e5620a4d5bd13ce040880e9ad2efd1638d499	160156	review-evidence-or-register	in-scope: inspect before extraction/deletion	False	not-started	
docs/review/evidence/run9-root-sdk-fresh.txt	d6f9d8356838700e2c3b37d7e220f798877a7327	6863	review-evidence-or-register	in-scope: inspect before extraction/deletion	False	not-started	
docs/review/evidence/run9-runtime-profile-independent-42.txt	9c53459eba80c7f370fee0f8a2dc62fbfa37e14d	11109	review-evidence-or-register	in-scope: inspect before extraction/deletion	False	not-started	
docs/review/evidence/run9-runtime-profile-independent-final-101-first.txt	16145494ceb24af6e969097fdcae4b55f9bd6bec	21040	review-evidence-or-register	in-scope: inspect before extraction/deletion	False	not-started	
docs/review/evidence/run9-runtime-profile-independent-final-24-quiet.txt	36ec6802d8a0ddadca7cf1ba95dc956244909fda	3079	review-evidence-or-register	in-scope: inspect before extraction/deletion	False	not-started	
docs/review/evidence/run9-runtime-profile-independent-final-original.txt	1787b7ed434a8d50aea48071282de48dfc98f672	170793	review-evidence-or-register	in-scope: inspect before extraction/deletion	False	not-started	
docs/review/evidence/run9-runtime-profile-independent-final-types.txt	0fa22ea26c0c2d6ee85429a3bdc9b7fe1ad12e58	511	review-evidence-or-register	in-scope: inspect before extraction/deletion	False	not-started	
docs/review/evidence/run9-runtime-profile-independent-native-16.txt	2bcf141928c163bad18c9150c48434716ca64b4c	3177	review-evidence-or-register	in-scope: inspect before extraction/deletion	False	not-started	
docs/review/evidence/run9-runtime-profile-independent-review-full.txt	b4b415ea9654b6ed9dc97d48d249536f2c77e8d0	9232	review-evidence-or-register	in-scope: inspect before extraction/deletion	False	not-started	
docs/review/evidence/run9-runtime-profile-independent-sdk-cli.txt	115b86b7b8056f416bfa8dcca2fc6bfa43d5be06	1127	review-evidence-or-register	in-scope: inspect before extraction/deletion	False	not-started	
docs/review/evidence/run9-sdk-cache-operator-cli-independent.txt	a6fbc6ee6444aba8dc84aa70e4c541d2d584412b	1331	review-evidence-or-register	in-scope: inspect before extraction/deletion	False	not-started	
docs/review/evidence/run9-sdk-cache-operator-interactions-independent.txt	0a485c1d7a4eb5313c89c354ceeabe184d7d7309	12383	review-evidence-or-register	in-scope: inspect before extraction/deletion	False	not-started	
docs/review/evidence/run9-sdk-cache-operator-native-independent.txt	3cb7674ee3955e2d772cdc80bc46c27399861b2b	5722	review-evidence-or-register	in-scope: inspect before extraction/deletion	False	not-started	
docs/review/evidence/run9-sdk-cache-operator-reconciled-34.txt	424ebee6a12f5d7273a22b26329819faae388e0a	5811	review-evidence-or-register	in-scope: inspect before extraction/deletion	False	not-started	
docs/review/evidence/run9-sdk-cache-profile-proxy-after-30.txt	4b360137166ed0720285c985ed0bafae1d564ad5	4041	review-evidence-or-register	in-scope: inspect before extraction/deletion	False	not-started	
docs/review/evidence/run9-sdk-cache-profile-proxy-before.txt	f204424d63e7e792b7ab3e5f1a0b3e50338e3ba7	820	review-evidence-or-register	in-scope: inspect before extraction/deletion	False	not-started	
docs/review/evidence/run9-sdk-cache-profile-proxy-full-review.txt	52fcd336251949dee3983627171212802c7bfb16	9241	review-evidence-or-register	in-scope: inspect before extraction/deletion	False	not-started	
docs/review/evidence/run9-sdk-transport-proxy-audit.mjs	54d1d4802f9632855a326adbceabf29130d96e96	5957	review-evidence-or-register	in-scope: inspect before extraction/deletion	False	not-started	
docs/review/evidence/run9-supervisor-initial-status-adoption.txt	20bd84a3fd7d20eced1188708d16c11a6f24cbb1	1609	review-evidence-or-register	in-scope: inspect before extraction/deletion	False	not-started	
docs/review/evidence/run9-supervisor-native-start-final.txt	58855d4763998d367a215d252a5b614698897ae9	5328	review-evidence-or-register	in-scope: inspect before extraction/deletion	False	not-started	
docs/review/evidence/run9-supervisor-native-start-initial.txt	6a4bcf6e00492ad4bd5cdf828ddcb6cb72647d21	4919	review-evidence-or-register	in-scope: inspect before extraction/deletion	False	not-started	
docs/review/evidence/run9-supervisor-native-start-lint.txt	01811ecf14410d7d79d45164e940c8960d53db34	176	review-evidence-or-register	in-scope: inspect before extraction/deletion	False	not-started	
docs/review/evidence/runtime-session-cleanup.txt	2c390287814e454cac7e46c176c0c1c0a07c46f5	11389	review-evidence-or-register	in-scope: inspect before extraction/deletion	False	not-started	
docs/review/evidence/scaffold-publication-lint.txt	95eaf7734f14311c7850d2a469f632f8a962adf0	601	review-evidence-or-register	in-scope: inspect before extraction/deletion	False	not-started	
docs/review/evidence/scaffold-publication-tests.txt	dcb8e45eff7d82b962dcb9371024c0d459895d75	2847	review-evidence-or-register	in-scope: inspect before extraction/deletion	False	not-started	
docs/review/evidence/scaffold-publication-types.txt	83b5f9d4df0d01aa0059b4e2ce67617225986b34	99	review-evidence-or-register	in-scope: inspect before extraction/deletion	False	not-started	
docs/review/evidence/sdk-artifact-original.txt	826ed349ad17e9acbe9bbbddea3c4c65f7719cb4	328	review-evidence-or-register	in-scope: inspect before extraction/deletion	False	not-started	
docs/review/evidence/sdk-canonical-consumers.tsv	1e2b72bbcb1f3e8c1583b5bf4e2846bed54d313a	8598	review-evidence-or-register	in-scope: inspect before extraction/deletion	False	not-started	
docs/review/evidence/sdk-json-audit-lint.txt	83b5f9d4df0d01aa0059b4e2ce67617225986b34	99	review-evidence-or-register	in-scope: inspect before extraction/deletion	False	not-started	
docs/review/evidence/sdk-json-compatibility-audit.mts	b29d98261814bc4fc9ef21abdcb87af3b8db668a	4791	review-evidence-or-register	in-scope: inspect before extraction/deletion	False	not-started	
docs/review/evidence/sdk-json-compatibility.txt	0b6b7cfd0a763c7866023fc38da396de6e31bc6b	1323	review-evidence-or-register	in-scope: inspect before extraction/deletion	False	not-started	
docs/review/evidence/sdk-json-consumers-sv.txt	93458d66972a2e420150da69f29b982177956583	72	review-evidence-or-register	in-scope: inspect before extraction/deletion	False	not-started	
docs/review/evidence/sdk-json-consumers.txt	93458d66972a2e420150da69f29b982177956583	72	review-evidence-or-register	in-scope: inspect before extraction/deletion	False	not-started	
docs/review/evidence/sdk-json-package.txt	81799f3ba570806c7cd6f43fa0803e2fdbd1bbd6	189	review-evidence-or-register	in-scope: inspect before extraction/deletion	False	not-started	
docs/review/evidence/studio-types-lint.txt	05ecd681dafa1cbcf46da7390a8abc75ee9c0c53	329	review-evidence-or-register	in-scope: inspect before extraction/deletion	False	not-started	
docs/review/evidence/studio-types-tests.txt	fc58f75e4f6ea5361fee784716594cd511364666	5792	review-evidence-or-register	in-scope: inspect before extraction/deletion	False	not-started	
docs/review/evidence/telemetry-contract-tests.txt	57d8de8f477f2e52e86c13b04d97a2187c9302fc	3300	review-evidence-or-register	in-scope: inspect before extraction/deletion	False	not-started	
docs/review/evidence/test-gate-contract-tests.txt	e048ce55fc1891c1d3c18da1d1191a0ec5ba7b66	3910	review-evidence-or-register	in-scope: inspect before extraction/deletion	False	not-started	
docs/review/evidence/trivy-freshness-image.txt	a38f193a2084205ee9eb32b0aa2ade7082c6b4f0	1044	review-evidence-or-register	in-scope: inspect before extraction/deletion	False	not-started	
docs/review/evidence/trivy-freshness-lint.txt	8ddc115897c30ddd7af94b97da95b00e88b032c6	84105	review-evidence-or-register	in-scope: inspect before extraction/deletion	False	not-started	
docs/review/evidence/trivy-freshness-native.txt	9d7b54a4ae7e9d7fb846ed391289fad0aed9b5c7	2127	review-evidence-or-register	in-scope: inspect before extraction/deletion	False	not-started	
docs/review/evidence/trivy-freshness-regression.txt	57d60f6eb8b9ef8ea74439b68c04a59da7cc4158	551	review-evidence-or-register	in-scope: inspect before extraction/deletion	False	not-started	
docs/review/evidence/trivy-freshness-remote.txt	25572d5abd9c926a7b277b36b18c7b5e38ee7e2a	510	review-evidence-or-register	in-scope: inspect before extraction/deletion	False	not-started	
docs/review/evidence/trivy-freshness-snapshot.json	fc8a3dbb4f897a9a4df2ab71cd3d682d6d59719c	1030	review-evidence-or-register	in-scope: inspect before extraction/deletion	False	not-started	
docs/review/evidence/trivy-freshness-typecheck.txt	7e37a37ee83e508d18835f5e8799dfa06e0ffd49	1527	review-evidence-or-register	in-scope: inspect before extraction/deletion	False	not-started	
docs/review/evidence/version-generator-integration.txt	ab6e384500516e47e14f9a2d444023da70957b1b	1110	review-evidence-or-register	in-scope: inspect before extraction/deletion	False	not-started	
docs/review/evidence/visual-browser-identity.txt	6adacf82d8cd6162506708149b6f87bfad98a5d0	970	review-evidence-or-register	in-scope: inspect before extraction/deletion	False	not-started	
docs/review/evidence/wave47-admission-attempt-consumer.txt	3a2b810ea6cb0926d0adc9c0e326cd8ca8f11b01	100	review-evidence-or-register	in-scope: inspect before extraction/deletion	False	not-started	
docs/review/evidence/wave47-admission-baseline-lint.txt	dd0f4fb5190e9ba83ab659a611dbb41de50f15fc	2067	review-evidence-or-register	in-scope: inspect before extraction/deletion	False	not-started	
docs/review/evidence/wave47-admission-existing-file-lint.txt	5cc270097437362d6110a6af16a08ad3c6ae2aa8	1978	review-evidence-or-register	in-scope: inspect before extraction/deletion	False	not-started	
docs/review/evidence/wave47-admission-independent-attempt.txt	3a2b810ea6cb0926d0adc9c0e326cd8ca8f11b01	100	review-evidence-or-register	in-scope: inspect before extraction/deletion	False	not-started	
docs/review/evidence/wave47-admission-independent-reconciliation.txt	e10741335b08c73a59e0627fa042161f0131a43e	112	review-evidence-or-register	in-scope: inspect before extraction/deletion	False	not-started	
docs/review/evidence/wave47-admission-independent-tests.txt	995e76d0a6c49818a7dbc782c5c9ac577999e1e1	2663	review-evidence-or-register	in-scope: inspect before extraction/deletion	False	not-started	
docs/review/evidence/wave47-admission-independent-types.txt	e69de29bb2d1d6434b8b29ae775ad8c2e48c5391	0	review-evidence-or-register	in-scope: inspect before extraction/deletion	False	not-started	
docs/review/evidence/wave47-admission-lint.txt	e69de29bb2d1d6434b8b29ae775ad8c2e48c5391	0	review-evidence-or-register	in-scope: inspect before extraction/deletion	False	not-started	
docs/review/evidence/wave47-admission-reconciliation-consumer.txt	e10741335b08c73a59e0627fa042161f0131a43e	112	review-evidence-or-register	in-scope: inspect before extraction/deletion	False	not-started	
docs/review/evidence/wave47-admission-retirement-tests.txt	622fc37dc68254afc37b262607306a707ba30018	2665	review-evidence-or-register	in-scope: inspect before extraction/deletion	False	not-started	
docs/review/evidence/wave47-admission-types.txt	e69de29bb2d1d6434b8b29ae775ad8c2e48c5391	0	review-evidence-or-register	in-scope: inspect before extraction/deletion	False	not-started	
docs/review/evidence/wave47-infra/contracts.txt	f7eafe835a92110c140e705806beff5835a760fc	13701	review-evidence-or-register	in-scope: inspect before extraction/deletion	False	not-started	
docs/review/evidence/wave47-infra/controller.txt	35e7ba253454945a00aaba7361deed7ad896f50b	71	review-evidence-or-register	in-scope: inspect before extraction/deletion	False	not-started	
docs/review/evidence/wave47-infra/fence-after.txt	3559310b3ca608b989788827b1c7c4928491babb	57	review-evidence-or-register	in-scope: inspect before extraction/deletion	False	not-started	
docs/review/evidence/wave47-infra/fence.txt	13cb5ec223506aab62ecd0b58544044f50b2868d	1870	review-evidence-or-register	in-scope: inspect before extraction/deletion	False	not-started	
docs/review/evidence/wave47-infra/postgres-native-version.txt	f1b0acb4e7a8ff623f48bb1e83b43a07ed9f6e5a	25	review-evidence-or-register	in-scope: inspect before extraction/deletion	False	not-started	
docs/review/evidence/wave47-infra/postgres-unprivileged-prerequisite.txt	585a2e11dbe1b88b150c393bbc10603583bc52ca	44	review-evidence-or-register	in-scope: inspect before extraction/deletion	False	not-started	
docs/review/evidence/wave47-infra/release-after.txt	80a82e28bcdc80bbb704d03b0607ff687d2b8b06	1185	review-evidence-or-register	in-scope: inspect before extraction/deletion	False	not-started	
docs/review/evidence/wave47-infra/release-lint.txt	e69de29bb2d1d6434b8b29ae775ad8c2e48c5391	0	review-evidence-or-register	in-scope: inspect before extraction/deletion	False	not-started	
docs/review/evidence/wave47-infra/release-private-before.txt	e60484b2ab3fb9c1280bc0205dba257c4a6daad7	3409	review-evidence-or-register	in-scope: inspect before extraction/deletion	False	not-started	
docs/review/evidence/wave47-infra/release-production-lint.txt	e69de29bb2d1d6434b8b29ae775ad8c2e48c5391	0	review-evidence-or-register	in-scope: inspect before extraction/deletion	False	not-started	
docs/review/evidence/wave47-infra/rollout-after.txt	e0d7f80f69d8a3154a96b33cd020cd26b5d6aa98	120	review-evidence-or-register	in-scope: inspect before extraction/deletion	False	not-started	
docs/review/evidence/wave47-infra/rollout.txt	d14f31b903976c667bad7d6ff853359d77690cbb	1884	review-evidence-or-register	in-scope: inspect before extraction/deletion	False	not-started	
docs/review/evidence/wave47-infra/trivy.txt	930c6a0592d0b855d5e800bf22977b27e0b12a25	675	review-evidence-or-register	in-scope: inspect before extraction/deletion	False	not-started	
docs/review/evidence/wave47-legacy-independent-probe.mjs	9885c09be4bd1ef30e589a22949a80df450857ec	7634	review-evidence-or-register	in-scope: inspect before extraction/deletion	False	not-started	
docs/review/evidence/wave47-legacy-independent-review-initial.txt	36a7405174f40abe629d8e260012a71316aa6934	1007	review-evidence-or-register	in-scope: inspect before extraction/deletion	False	not-started	
docs/review/evidence/wave47-legacy-independent-review.txt	81fe2aeed49704f0f08feca642c856116e7994f1	2399	review-evidence-or-register	in-scope: inspect before extraction/deletion	False	not-started	
docs/review/evidence/wave47-prism/browser-install.txt	63ae93179c57a85b6a1d19b28965635a4677f157	4880	review-evidence-or-register	in-scope: inspect before extraction/deletion	False	not-started	
docs/review/evidence/wave47-prism/commands.txt	a55a131ae0ee979aff87015a877ce33fb8e03751	3188	review-evidence-or-register	in-scope: inspect before extraction/deletion	False	not-started	
docs/review/evidence/wave47-prism/focused-lint.txt	e69de29bb2d1d6434b8b29ae775ad8c2e48c5391	0	review-evidence-or-register	in-scope: inspect before extraction/deletion	False	not-started	
docs/review/evidence/wave47-prism/initdb.txt	9dc2052048edff1275c0c1aaad012792e3565fd1	146	review-evidence-or-register	in-scope: inspect before extraction/deletion	False	not-started	
docs/review/evidence/wave47-prism/local-db-probe.txt	adb40fca279356b09e0d3a1f4e246a6a99067f86	128	review-evidence-or-register	in-scope: inspect before extraction/deletion	False	not-started	
docs/review/evidence/wave47-prism/native-cache.txt	b76173e29a24635b0aca5128687909d7a829d753	1828	review-evidence-or-register	in-scope: inspect before extraction/deletion	False	not-started	
docs/review/evidence/wave47-prism/native-corpus.txt	8a0ff929855f23dd5bf30b924115a6d5999de861	424	review-evidence-or-register	in-scope: inspect before extraction/deletion	False	not-started	
docs/review/evidence/wave47-prism/native-studio.txt	c339a7d35fc43b43c29a6788e2b74a38f9c7c6a4	2025	review-evidence-or-register	in-scope: inspect before extraction/deletion	False	not-started	
docs/review/evidence/wave47-prism/native-transactions.txt	d762bd92f612459945d52006bc42ca9ce2c407d6	620	review-evidence-or-register	in-scope: inspect before extraction/deletion	False	not-started	
docs/review/evidence/wave47-prism/native-visual.txt	06fa05837f3c9689d134f638a48e13a9738c7fce	504	review-evidence-or-register	in-scope: inspect before extraction/deletion	False	not-started	
docs/review/evidence/wave47-prism/original-tests.txt	e63fd1278121fc42ddf5fe8b2cc3ba38913b15d6	9638	review-evidence-or-register	in-scope: inspect before extraction/deletion	False	not-started	
docs/review/evidence/wave47-prism/postgres-version.txt	59db3449dddcfbbe86353fa886d4f3a05b39fc9f	27	review-evidence-or-register	in-scope: inspect before extraction/deletion	False	not-started	
docs/review/evidence/wave47-prism/prism-types.txt	e69de29bb2d1d6434b8b29ae775ad8c2e48c5391	0	review-evidence-or-register	in-scope: inspect before extraction/deletion	False	not-started	
docs/review/evidence/wave47-prism/studio-build.txt	a13f1e35b0ea6df7ee4d1d054eea4faa469d16aa	1781	review-evidence-or-register	in-scope: inspect before extraction/deletion	False	not-started	
docs/review/evidence/wave47-prism/studio-types.txt	e69de29bb2d1d6434b8b29ae775ad8c2e48c5391	0	review-evidence-or-register	in-scope: inspect before extraction/deletion	False	not-started	
docs/review/evidence/wave47-prism/uid-map.txt	64ba23e22de9cc44e4d577aabb2fb516237e128a	33	review-evidence-or-register	in-scope: inspect before extraction/deletion	False	not-started	
docs/review/evidence/wave47-prism/visual-identity.txt	9506760f9bde931910956d3f3366044fd42f7f0a	454	review-evidence-or-register	in-scope: inspect before extraction/deletion	False	not-started	
docs/review/evidence/wave47-product-chart/product-chart-final.log	dd213ed7877a35f9ef63f9a6522f83081445869e	435	review-evidence-or-register	in-scope: inspect before extraction/deletion	False	not-started	
docs/review/evidence/wave47-product-chart/product-chart-lint.log	e69de29bb2d1d6434b8b29ae775ad8c2e48c5391	0	review-evidence-or-register	in-scope: inspect before extraction/deletion	False	not-started	
docs/review/evidence/wave47-product-chart/product-chart.log	f70d442ae1e8266b4081ee37b040f51e8c1cf8e0	1445	review-evidence-or-register	in-scope: inspect before extraction/deletion	False	not-started	
docs/review/evidence/wave47-product/build-deadline.log	bafaa4cdbdea59ad4b9c519961c224ba166c2178	110	review-evidence-or-register	in-scope: inspect before extraction/deletion	False	not-started	
docs/review/evidence/wave47-product/build-native.log	ddd09e8ee0b4310a427b1271afc175b8f44d13e4	623	review-evidence-or-register	in-scope: inspect before extraction/deletion	False	not-started	
docs/review/evidence/wave47-product/bundle-build-final.log	c35e3e14308eec158a5a3f62fecc088e503d1635	133	review-evidence-or-register	in-scope: inspect before extraction/deletion	False	not-started	
docs/review/evidence/wave47-product/bundle-build.log	e2d6ed4c4bd505d14ccddcc702cc8e6e26237980	1498	review-evidence-or-register	in-scope: inspect before extraction/deletion	False	not-started	
docs/review/evidence/wave47-product/bundled-demo-imports.log	f0f733ceb73b1e052a1b73f7655fd66eda69b114	469	review-evidence-or-register	in-scope: inspect before extraction/deletion	False	not-started	
docs/review/evidence/wave47-product/buster-bundle.log	8fb194e47f60fb8d420b5c0825a11c4d67092f18	136	review-evidence-or-register	in-scope: inspect before extraction/deletion	False	not-started	
docs/review/evidence/wave47-product/coverage.log	285ecc35490ea445ec1750adfabb7628b4486308	2335	review-evidence-or-register	in-scope: inspect before extraction/deletion	False	not-started	
docs/review/evidence/wave47-product/direct-native-built.log	a46f9855c1c76ebebc550770ee177a140105b506	2431	review-evidence-or-register	in-scope: inspect before extraction/deletion	False	not-started	
docs/review/evidence/wave47-product/direct-native.log	6a95740b0c04f110ac35431969b5853fa23bcd1c	1860	review-evidence-or-register	in-scope: inspect before extraction/deletion	False	not-started	
docs/review/evidence/wave47-product/gates.json	2092069fcbf33d3e0e81de67ba5e59fe6840d48f	185	review-evidence-or-register	in-scope: inspect before extraction/deletion	False	not-started	
docs/review/evidence/wave47-product/import-bundle.log	b5b6b8c087c409c24f933cffcef812d3af99ed33	173	review-evidence-or-register	in-scope: inspect before extraction/deletion	False	not-started	
docs/review/evidence/wave47-product/import-compiler-final.log	2e1513298275bc8f0da08c8bea6f0ea239971ae1	159	review-evidence-or-register	in-scope: inspect before extraction/deletion	False	not-started	
docs/review/evidence/wave47-product/import-compiler.log	2e1513298275bc8f0da08c8bea6f0ea239971ae1	159	review-evidence-or-register	in-scope: inspect before extraction/deletion	False	not-started	
docs/review/evidence/wave47-product/junit-local.log	73b320969317db7e3e1a603fe5cd7eddddbe9ce5	131	review-evidence-or-register	in-scope: inspect before extraction/deletion	False	not-started	
docs/review/evidence/wave47-product/junit-native-built.log	07967ca298cd5e430dd27e40210f44aed578b1d3	1417	review-evidence-or-register	in-scope: inspect before extraction/deletion	False	not-started	
docs/review/evidence/wave47-product/junit-native.log	1a738052cc283caa7d455c73955cf6010690bfe2	1036	review-evidence-or-register	in-scope: inspect before extraction/deletion	False	not-started	
docs/review/evidence/wave47-product/lint-existing-final.log	5021a08f952e2cf854b851cc9835d5f28bb9c112	712	review-evidence-or-register	in-scope: inspect before extraction/deletion	False	not-started	
docs/review/evidence/wave47-product/lint-existing.log	681d32cd3a277617a3174a9cc213dff38eca434e	834	review-evidence-or-register	in-scope: inspect before extraction/deletion	False	not-started	
docs/review/evidence/wave47-product/lint-final.log	e69de29bb2d1d6434b8b29ae775ad8c2e48c5391	0	review-evidence-or-register	in-scope: inspect before extraction/deletion	False	not-started	
docs/review/evidence/wave47-product/lint.log	2eb97016df625eb50f4974c187aa2a7e62f2dbda	227	review-evidence-or-register	in-scope: inspect before extraction/deletion	False	not-started	
docs/review/evidence/wave47-product/output-contract.log	0b79222da9e09cd4c6609f970d59e68de77c7838	111	review-evidence-or-register	in-scope: inspect before extraction/deletion	False	not-started	
docs/review/evidence/wave47-product/report-operator.log	b42e6ec7df1ad37bb8267bcfc0a68d68fc177567	1686	review-evidence-or-register	in-scope: inspect before extraction/deletion	False	not-started	
docs/review/evidence/wave47-product/role-manifests.log	3867dbb03047e6059fb8511273d23c8f10ea6d7a	51	review-evidence-or-register	in-scope: inspect before extraction/deletion	False	not-started	
docs/review/evidence/wave47-product/runtime-session.log	99a35db2c6250043f29346899d128ba2aa1bd39d	1710	review-evidence-or-register	in-scope: inspect before extraction/deletion	False	not-started	
docs/review/evidence/wave47-product/sandbox-build.log	1f98c3d0b976e8270be104c0c21f56e6ac3f7f18	171	review-evidence-or-register	in-scope: inspect before extraction/deletion	False	not-started	
docs/review/evidence/wave47-product/supervisor-adoption.log	c42518af73d500beb5d05e18792139efb1c31773	1044	review-evidence-or-register	in-scope: inspect before extraction/deletion	False	not-started	
docs/review/evidence/wave47-product/supervisor-local.log	a31e9ae5e46665a7382ab67c6a70290fe3981fdf	595	review-evidence-or-register	in-scope: inspect before extraction/deletion	False	not-started	
docs/review/evidence/wave47-product/types-final.log	e69de29bb2d1d6434b8b29ae775ad8c2e48c5391	0	review-evidence-or-register	in-scope: inspect before extraction/deletion	False	not-started	
docs/review/evidence/wave47-product/types.log	e69de29bb2d1d6434b8b29ae775ad8c2e48c5391	0	review-evidence-or-register	in-scope: inspect before extraction/deletion	False	not-started	
docs/review/evidence/wave47-project-cli-execution-independent.txt	c2da5806312923ffdfe362ddbbb1e7b1fe4ea2a2	9489	review-evidence-or-register	in-scope: inspect before extraction/deletion	False	not-started	
docs/review/evidence/wave47-project-cli-execution-initial.txt	a5275e2ccee23fc76a003d4340a8df9ae3109521	9628	review-evidence-or-register	in-scope: inspect before extraction/deletion	False	not-started	
docs/review/evidence/wave47-project-cli-execution-probe.mjs	8097ddab7be0cf5cc15da3403d9d9f9bc7ecb90e	4295	review-evidence-or-register	in-scope: inspect before extraction/deletion	False	not-started	
docs/review/evidence/wave47-project-cli-execution.txt	a0315edd6026bcd81dcfe16f4a298d8194e1f739	9489	review-evidence-or-register	in-scope: inspect before extraction/deletion	False	not-started	
docs/review/evidence/wave47-project-legacy-resume-cutover-initial.txt	d5d11cd032bab56b62eb9628d0b072dd30f07c6a	1023	review-evidence-or-register	in-scope: inspect before extraction/deletion	False	not-started	
docs/review/evidence/wave47-project-legacy-resume-cutover-probe.mjs	7a27d191a83775430f379de2538956989453867a	5718	review-evidence-or-register	in-scope: inspect before extraction/deletion	False	not-started	
docs/review/evidence/wave47-project-legacy-resume-cutover.txt	0d718f0a4627d33acf053ba8708c699636d6a5a5	725	review-evidence-or-register	in-scope: inspect before extraction/deletion	False	not-started	
docs/review/evidence/wave47-project-scaffold-cli-first-pass.txt	f32b0c2eeca9f3d3b780f852b29838facb5f916f	11286	review-evidence-or-register	in-scope: inspect before extraction/deletion	False	not-started	
docs/review/evidence/wave47-project-scaffold-cli-independent.txt	5395a43df53e5d6288dd80a094fc2d7f8cf33cb5	12510	review-evidence-or-register	in-scope: inspect before extraction/deletion	False	not-started	
docs/review/evidence/wave47-project-scaffold-cli-initial.txt	e61b7ba06b952cd6d971cebf3c21905bfc7fce66	1684	review-evidence-or-register	in-scope: inspect before extraction/deletion	False	not-started	
docs/review/evidence/wave47-project-scaffold-cli-probe.mjs	e1f209910d82b66bfb4691463429865121b1e041	7369	review-evidence-or-register	in-scope: inspect before extraction/deletion	False	not-started	
docs/review/evidence/wave47-project-scaffold-original-tests.txt	130502bd5e9f08b963addf1cec0dbe90118c8d54	2518	review-evidence-or-register	in-scope: inspect before extraction/deletion	False	not-started	
docs/review/evidence/wave47-project-scaffold-typecheck.txt	61f615a79877fe6f8dec07994b8e170cdf71a838	189	review-evidence-or-register	in-scope: inspect before extraction/deletion	False	not-started	
docs/review/evidence/wave47-resource-independent/executor.txt	2774da2fe4227d8e41c8d0ff8a1af2a255dd2de1	60	review-evidence-or-register	in-scope: inspect before extraction/deletion	False	not-started	
docs/review/evidence/wave47-resource-independent/runtime.txt	ad500bed805177b823a9651ab16c8fc6edaa23af	91	review-evidence-or-register	in-scope: inspect before extraction/deletion	False	not-started	
docs/review/evidence/wave47-resource-independent/terminal.txt	4c8f203c4fcf46cf572881bea8105bc80358752d	1717	review-evidence-or-register	in-scope: inspect before extraction/deletion	False	not-started	
docs/review/evidence/wave47-resource-independent/types.txt	e69de29bb2d1d6434b8b29ae775ad8c2e48c5391	0	review-evidence-or-register	in-scope: inspect before extraction/deletion	False	not-started	
docs/review/evidence/wave47-resume-integrated-final.txt	71f29713f41546784e783abdc327f67b7c24a2f3	4824	review-evidence-or-register	in-scope: inspect before extraction/deletion	False	not-started	
docs/review/evidence/wave47-resume-integrated-initial.txt	b93a141ed5f79f540a2f3b45a857a180d3cea459	14757	review-evidence-or-register	in-scope: inspect before extraction/deletion	False	not-started	
docs/review/evidence/wave47-retirement-snapshot-integration-before.txt	b93a141ed5f79f540a2f3b45a857a180d3cea459	14757	review-evidence-or-register	in-scope: inspect before extraction/deletion	False	not-started	
docs/review/evidence/wave47-retirement-snapshot-integration-initial-new-regression.txt	ffbd30d67331a9e4dfdcd3dca89cd6142ad27d0d	4461	review-evidence-or-register	in-scope: inspect before extraction/deletion	False	not-started	
docs/review/evidence/wave47-retirement-snapshot-integration-lint-invocation-error.txt	f50507c231207ec216d49b3fa9a1f6a2a450d18e	502	review-evidence-or-register	in-scope: inspect before extraction/deletion	False	not-started	
docs/review/evidence/wave47-retirement-snapshot-integration-lint.txt	e69de29bb2d1d6434b8b29ae775ad8c2e48c5391	0	review-evidence-or-register	in-scope: inspect before extraction/deletion	False	not-started	
docs/review/evidence/wave47-retirement-snapshot-integration-tests.txt	d85310052acc04a14663725f30328bab37759b63	3580	review-evidence-or-register	in-scope: inspect before extraction/deletion	False	not-started	
docs/review/evidence/wave47-root/coverage.log	adbbfdfe01e8e745ba6ceac3aa65ed31eb3cf510	1176	review-evidence-or-register	in-scope: inspect before extraction/deletion	False	not-started	
docs/review/evidence/wave47-root/integrated-compiler.log	2e1513298275bc8f0da08c8bea6f0ea239971ae1	159	review-evidence-or-register	in-scope: inspect before extraction/deletion	False	not-started	
docs/review/evidence/wave47-root/integrated-nova-types.log	e69de29bb2d1d6434b8b29ae775ad8c2e48c5391	0	review-evidence-or-register	in-scope: inspect before extraction/deletion	False	not-started	
docs/review/evidence/wave47-root/integrated-prism-types.log	e69de29bb2d1d6434b8b29ae775ad8c2e48c5391	0	review-evidence-or-register	in-scope: inspect before extraction/deletion	False	not-started	
docs/review/evidence/wave47-root/integrated-runtime-types.log	e69de29bb2d1d6434b8b29ae775ad8c2e48c5391	0	review-evidence-or-register	in-scope: inspect before extraction/deletion	False	not-started	
docs/review/evidence/wave47-root/integrated-store-sdk.log	b67d86429649c89af3e7e48093ae4d37784bab22	3287	review-evidence-or-register	in-scope: inspect before extraction/deletion	False	not-started	
docs/review/evidence/wave47-root/integrated-worker.log	dac842b9639fedf9fb82319b971011afc1c6559c	1721	review-evidence-or-register	in-scope: inspect before extraction/deletion	False	not-started	
docs/review/evidence/wave47-root/manifests-corrected.log	3867dbb03047e6059fb8511273d23c8f10ea6d7a	51	review-evidence-or-register	in-scope: inspect before extraction/deletion	False	not-started	
docs/review/evidence/wave47-root/manifests.log	af769da4e072cd6b417ca57c5683844b7648d166	823	review-evidence-or-register	in-scope: inspect before extraction/deletion	False	not-started	
docs/review/evidence/wave47-root/prism-rounds.log	c14fe690b1e57f113d4a55f1f3d0246f09aac71b	1255	review-evidence-or-register	in-scope: inspect before extraction/deletion	False	not-started	
docs/review/evidence/wave47-root/release.log	f7adc9592ebbba7a26c52973f95627877316fb0d	1185	review-evidence-or-register	in-scope: inspect before extraction/deletion	False	not-started	
docs/review/evidence/wave47-root/runtime-operator.log	c49daaaa9f95a661eccf28aa1b51620987641e61	2214	review-evidence-or-register	in-scope: inspect before extraction/deletion	False	not-started	
docs/review/evidence/wave47-root/trivy-freshness.log	fe17c823eab49d3d01c06745c57637c98cc09301	549	review-evidence-or-register	in-scope: inspect before extraction/deletion	False	not-started	
docs/review/evidence/wave47-scaffold-root-integrated.txt	81190b3c92cef3d966d74176ac18b8911b95de8e	12582	review-evidence-or-register	in-scope: inspect before extraction/deletion	False	not-started	
docs/review/evidence/wave47-sdk-effects/identity-tests.txt	caa6829e5e2d05e9cde21e5da03fb329e312f32a	374	review-evidence-or-register	in-scope: inspect before extraction/deletion	False	not-started	
docs/review/evidence/wave47-sdk-effects/legacy-producer.txt	e69de29bb2d1d6434b8b29ae775ad8c2e48c5391	0	review-evidence-or-register	in-scope: inspect before extraction/deletion	False	not-started	
docs/review/evidence/wave47-sdk-effects/legacy-provenance.json	30a5e58ca6500444d8a078b4e64830450e49aa80	1049	review-evidence-or-register	in-scope: inspect before extraction/deletion	False	not-started	
docs/review/evidence/wave47-sdk-effects/lint.txt	e69de29bb2d1d6434b8b29ae775ad8c2e48c5391	0	review-evidence-or-register	in-scope: inspect before extraction/deletion	False	not-started	
docs/review/evidence/wave47-sdk-effects/original-effects.txt	0abb440a764c1089f1be7f537b801a39572e17c3	715	review-evidence-or-register	in-scope: inspect before extraction/deletion	False	not-started	
docs/review/evidence/wave47-sdk-effects/phase7.txt	c1a74444dc2508aca088bfaf4740b05e229069cf	49	review-evidence-or-register	in-scope: inspect before extraction/deletion	False	not-started	
docs/review/evidence/wave47-sdk-effects/replay-consumers.txt	cf14064cd6d30e2fbcf596b53f33cd478ea95e83	652	review-evidence-or-register	in-scope: inspect before extraction/deletion	False	not-started	
docs/review/evidence/wave47-sdk-effects/report-consumer.txt	33c41c8fc207d887c4a70d3bb898f0245704babe	452	review-evidence-or-register	in-scope: inspect before extraction/deletion	False	not-started	
docs/review/evidence/wave47-sdk-effects/types.txt	83b5f9d4df0d01aa0059b4e2ce67617225986b34	99	review-evidence-or-register	in-scope: inspect before extraction/deletion	False	not-started	
docs/review/evidence/wave47-sdk-independent-lock-probe.mjs	28353cddddc1f763a66aa3b89f04b4b215efe3f0	4096	review-evidence-or-register	in-scope: inspect before extraction/deletion	False	not-started	
docs/review/evidence/wave47-sdk-independent-lock.txt	113996948e2d4343198705fcbc5ba7ab49a0a885	307	review-evidence-or-register	in-scope: inspect before extraction/deletion	False	not-started	
docs/review/evidence/wave47-sdk-independent-projection-probe.mjs	540633f15a33ad23840cd60c66651330d24f052b	1881	review-evidence-or-register	in-scope: inspect before extraction/deletion	False	not-started	
docs/review/evidence/wave47-sdk-independent-projection.txt	56b4dafdc8cc955cf6939f34ac032ae5a7fafb12	1425	review-evidence-or-register	in-scope: inspect before extraction/deletion	False	not-started	
docs/review/evidence/wave47-sdk-independent-review.txt	ff97c38bc363ca9bad4d8ac5b9f3763d6bd9dced	2177	review-evidence-or-register	in-scope: inspect before extraction/deletion	False	not-started	
docs/review/evidence/wave47-sdk-independent/foreign-ref-after-final.txt	754bd74ba63a924b6f5ad2cd713064316eab0a00	385	review-evidence-or-register	in-scope: inspect before extraction/deletion	False	not-started	
docs/review/evidence/wave47-sdk-independent/foreign-ref-before.txt	fcc5a0ea536310cf1aa06df77faf8af22067de32	87	review-evidence-or-register	in-scope: inspect before extraction/deletion	False	not-started	
docs/review/evidence/wave47-sdk-independent/legacy-identity.mjs	63537d25f14e65036c69730096c53952b58c89cb	922	review-evidence-or-register	in-scope: inspect before extraction/deletion	False	not-started	
docs/review/evidence/wave47-sdk-independent/legacy-identity.txt	92b976edf406148e36ab8d0e20538ec34ccc87aa	138	review-evidence-or-register	in-scope: inspect before extraction/deletion	False	not-started	
docs/review/evidence/wave47-sdk-independent/portable-final.txt	e0ca92ce1ee595624dcf972043522a9f19c7fbbb	244	review-evidence-or-register	in-scope: inspect before extraction/deletion	False	not-started	
docs/review/evidence/wave47-sdk-independent/project-source-final.txt	b033237aba1f79bc4dc32b8ce8e59fe8bcb02e0c	1041	review-evidence-or-register	in-scope: inspect before extraction/deletion	False	not-started	
docs/review/evidence/wave47-sdk-independent/read-authorization.txt	443e438784f520bd2dcf4684edccb7e339a915ba	494	review-evidence-or-register	in-scope: inspect before extraction/deletion	False	not-started	
docs/review/evidence/wave47-sdk-independent/ref-proof.mjs	7f19fd23039692ebd214b775281d3ce7f235ab2a	3310	review-evidence-or-register	in-scope: inspect before extraction/deletion	False	not-started	
docs/review/evidence/wave47-sdk-independent/reviewed-source-sha256.txt	4df94297e293d5ebac612400e5d9048f5e7d83be	2349	review-evidence-or-register	in-scope: inspect before extraction/deletion	False	not-started	
docs/review/evidence/wave47-sdk-independent/sdk-contract.txt	d4556cd6f4cf21ca95dcf001026c7da467174bf9	264	review-evidence-or-register	in-scope: inspect before extraction/deletion	False	not-started	
docs/review/evidence/wave47-sdk-source/compiler-final.txt	86fffa4721c31641485cd6063bd0122487fe4ebe	69	review-evidence-or-register	in-scope: inspect before extraction/deletion	False	not-started	
docs/review/evidence/wave47-sdk-source/final-graphs-snapshots.txt	2f316932483f1dbea35cb831da8556c8735d39a5	1267	review-evidence-or-register	in-scope: inspect before extraction/deletion	False	not-started	
docs/review/evidence/wave47-sdk-source/final-original-graphs.txt	b0045ff643e427a100fb5906ae678a53b900ffb6	2181	review-evidence-or-register	in-scope: inspect before extraction/deletion	False	not-started	
docs/review/evidence/wave47-sdk-source/historical-full-resume.txt	811ccf68e2e17713b1a4837d308c417c5fb7b0c8	601	review-evidence-or-register	in-scope: inspect before extraction/deletion	False	not-started	
docs/review/evidence/wave47-sdk-source/historical-graph-probe.mjs.txt	139e2b7bee5fe0e6c8fe715a5407e647c92dd3f4	5617	review-evidence-or-register	in-scope: inspect before extraction/deletion	False	not-started	
docs/review/evidence/wave47-sdk-source/historical-provenance.json	bc9e378424118e2d297a9b7447fdb79e3285759f	1160	review-evidence-or-register	in-scope: inspect before extraction/deletion	False	not-started	
docs/review/evidence/wave47-sdk-source/historical-snapshot-capture.mts.txt	57d3736c68c5211e023b806d8c79a0ff38580c51	873	review-evidence-or-register	in-scope: inspect before extraction/deletion	False	not-started	
docs/review/evidence/wave47-sdk-source/legacy-capture.txt	e69de29bb2d1d6434b8b29ae775ad8c2e48c5391	0	review-evidence-or-register	in-scope: inspect before extraction/deletion	False	not-started	
docs/review/evidence/wave47-sdk-source/lint-cli-baseline.txt	2fffa8e7e6982e5531b77adff28a870b3aa7d24b	824	review-evidence-or-register	in-scope: inspect before extraction/deletion	False	not-started	
docs/review/evidence/wave47-sdk-source/lint-cli-current.txt	fb2b6264b4077f55790fa4469c24b47a600aa844	807	review-evidence-or-register	in-scope: inspect before extraction/deletion	False	not-started	
docs/review/evidence/wave47-sdk-source/lint-final-noncli.txt	83b5f9d4df0d01aa0059b4e2ce67617225986b34	99	review-evidence-or-register	in-scope: inspect before extraction/deletion	False	not-started	
docs/review/evidence/wave47-sdk-source/lint-source-final.txt	83b5f9d4df0d01aa0059b4e2ce67617225986b34	99	review-evidence-or-register	in-scope: inspect before extraction/deletion	False	not-started	
docs/review/evidence/wave47-sdk-source/locale-graphs-after-snapshot.txt	a6c22dba6e82392603e5fb29a2a30ec497b2ee16	575	review-evidence-or-register	in-scope: inspect before extraction/deletion	False	not-started	
docs/review/evidence/wave47-sdk-source/locale-graphs.txt	90dd725cd9404ccca903f11fd713cfbb93872c3b	11658	review-evidence-or-register	in-scope: inspect before extraction/deletion	False	not-started	
docs/review/evidence/wave47-sdk-source/phase6-final.txt	7d38151812a9acdb490639f5823c6875145ff3ef	49	review-evidence-or-register	in-scope: inspect before extraction/deletion	False	not-started	
docs/review/evidence/wave47-sdk-source/portable-history-checkout.json	147be1be64ff545eb0a46b59f090b4129c66ce7e	151544	review-evidence-or-register	in-scope: inspect before extraction/deletion	False	not-started	
docs/review/evidence/wave47-sdk-source/portable-history-probe.txt	5474adb0e3e065ad52ff37420287d41c0426002f	725	review-evidence-or-register	in-scope: inspect before extraction/deletion	False	not-started	
docs/review/evidence/wave47-sdk-source/portable-history-tamper.txt	fb7a29de46f954d7dfe146ae4ff4e5d6228ea111	771	review-evidence-or-register	in-scope: inspect before extraction/deletion	False	not-started	
docs/review/evidence/wave47-sdk-source/project-recovery-final.txt	7d2fdc8f84424f1ff6daae8c9409e6e44f5bcdab	367	review-evidence-or-register	in-scope: inspect before extraction/deletion	False	not-started	
docs/review/evidence/wave47-sdk-source/report.txt	33c41c8fc207d887c4a70d3bb898f0245704babe	452	review-evidence-or-register	in-scope: inspect before extraction/deletion	False	not-started	
docs/review/evidence/wave47-sdk-source/resume-recheck-original-cli.txt	79b6ff19a500c12afed88efdadd38ed90eee415c	725	review-evidence-or-register	in-scope: inspect before extraction/deletion	False	not-started	
docs/review/evidence/wave47-sdk-source/resume-recheck-tests.txt	4f58c3509a7fb3587e931c1ba35d4a9239ac3c42	1358	review-evidence-or-register	in-scope: inspect before extraction/deletion	False	not-started	
docs/review/evidence/wave47-sdk-source/snapshots.txt	6cd1aafea5080aa730660021f705e8bb68018102	466	review-evidence-or-register	in-scope: inspect before extraction/deletion	False	not-started	
docs/review/evidence/wave47-sdk-source/types-final.txt	83b5f9d4df0d01aa0059b4e2ce67617225986b34	99	review-evidence-or-register	in-scope: inspect before extraction/deletion	False	not-started	
docs/review/evidence/wave47-sdk-subject-compiler.txt	86fffa4721c31641485cd6063bd0122487fe4ebe	69	review-evidence-or-register	in-scope: inspect before extraction/deletion	False	not-started	
docs/review/evidence/wave47-sdk-subject-final-source-hashes.txt	7b067f99153fa04a1f3f067ea63c3b8512f2c1af	2174	review-evidence-or-register	in-scope: inspect before extraction/deletion	False	not-started	
docs/review/evidence/wave47-sdk-subject-independent-historical.txt	077570f34ea39ec44692a8d2f9d6769e99498248	601	review-evidence-or-register	in-scope: inspect before extraction/deletion	False	not-started	
docs/review/evidence/wave47-sdk-subject-independent.txt	e9971407ece34830e7cff7f6365126cf8da66be1	1106	review-evidence-or-register	in-scope: inspect before extraction/deletion	False	not-started	
docs/review/evidence/wave47-sdk-subject-original-consumers.txt	564e2c3e984f775b732af552ce48245e82f646f0	1694	review-evidence-or-register	in-scope: inspect before extraction/deletion	False	not-started	
docs/review/evidence/wave47-sdk-subject-project-recovery.txt	a6dd99247dfa172e4a272ad5582b5559e307f1df	367	review-evidence-or-register	in-scope: inspect before extraction/deletion	False	not-started	
docs/review/evidence/wave47-sdk-subject-source-hashes.txt	5fe2818d58b9a198b470bbb100d934a804467e3f	1789	review-evidence-or-register	in-scope: inspect before extraction/deletion	False	not-started	
docs/review/evidence/wave47-sdk/artifact-final.txt	826ed349ad17e9acbe9bbbddea3c4c65f7719cb4	328	review-evidence-or-register	in-scope: inspect before extraction/deletion	False	not-started	
docs/review/evidence/wave47-sdk/demo-owner-final.txt	ff456618daa367fe90e6ea2ba0f9f2b68226274e	2780	review-evidence-or-register	in-scope: inspect before extraction/deletion	False	not-started	
docs/review/evidence/wave47-sdk/demo-reference-final.txt	b499e1ba7a4037b3a161a66e73f7b5b3631be767	691	review-evidence-or-register	in-scope: inspect before extraction/deletion	False	not-started	
docs/review/evidence/wave47-sdk/generated-check.txt	e69de29bb2d1d6434b8b29ae775ad8c2e48c5391	0	review-evidence-or-register	in-scope: inspect before extraction/deletion	False	not-started	
docs/review/evidence/wave47-sdk/implementation-final.txt	bcf377110fcac8be14d95d45912f6b8eb8a143f0	454	review-evidence-or-register	in-scope: inspect before extraction/deletion	False	not-started	
docs/review/evidence/wave47-sdk/lint-complete-final.txt	177236bfd1499cbbb6c42ff894ae86fbba86312c	250	review-evidence-or-register	in-scope: inspect before extraction/deletion	False	not-started	
docs/review/evidence/wave47-sdk/nova-types-final.txt	83b5f9d4df0d01aa0059b4e2ce67617225986b34	99	review-evidence-or-register	in-scope: inspect before extraction/deletion	False	not-started	
docs/review/evidence/wave47-sdk/original-consumers.txt	93458d66972a2e420150da69f29b982177956583	72	review-evidence-or-register	in-scope: inspect before extraction/deletion	False	not-started	
docs/review/evidence/wave47-sdk/portable-reference-final.txt	515d08dc1d64f7a347612319b27850e584761591	245	review-evidence-or-register	in-scope: inspect before extraction/deletion	False	not-started	
docs/review/evidence/wave47-sdk/repair-evidence.ts-baseline-lint.txt	f808beaaef4d3d14b3087a3aa99d22f73a73d483	250	review-evidence-or-register	in-scope: inspect before extraction/deletion	False	not-started	
docs/review/evidence/wave47-sdk/sdk-build-final.txt	98d8430494fb676ad206dc826f8ff51d56ead09d	138	review-evidence-or-register	in-scope: inspect before extraction/deletion	False	not-started	
docs/review/evidence/wave47-sdk/sdk-tests-final.txt	81799f3ba570806c7cd6f43fa0803e2fdbd1bbd6	189	review-evidence-or-register	in-scope: inspect before extraction/deletion	False	not-started	
docs/review/evidence/wave47-sdk/source-consumers.txt	a09536775e6d71fc78c67720448d12087cd515c5	23844	review-evidence-or-register	in-scope: inspect before extraction/deletion	False	not-started	
docs/review/evidence/wave47-sdk/source-graphs-registered.txt	484ba8f7b2b8d774b9a0cf6960ad1e23b3e29cf3	2184	review-evidence-or-register	in-scope: inspect before extraction/deletion	False	not-started	
docs/review/evidence/wave47-sdk/summary-final.txt	50f954916a52d7f4cfeaa55358c1f12a26669e12	1818	review-evidence-or-register	in-scope: inspect before extraction/deletion	False	not-started	
docs/review/evidence/wave47-sdk/summary-reference-final.txt	82e62913368ff591ff7de21ce17225b51b40e0b8	504	review-evidence-or-register	in-scope: inspect before extraction/deletion	False	not-started	
docs/review/evidence/wave47-store-independent/accounting-final.mjs	161cd802b68a57277709355a4a54a13aa6f3dd27	1403	review-evidence-or-register	in-scope: inspect before extraction/deletion	False	not-started	
docs/review/evidence/wave47-store-independent/accounting-final.txt	01f24d39e5262828013ba392e02cea11cee0025d	103	review-evidence-or-register	in-scope: inspect before extraction/deletion	False	not-started	
docs/review/evidence/wave47-store-independent/retirement-accounting-probe.txt	1325ed08e2b06242138cecd951824ee0da430695	143	review-evidence-or-register	in-scope: inspect before extraction/deletion	False	not-started	
docs/review/evidence/wave47-store-independent/retirement-final.txt	99e2bdbdd9360b25d4430b1ffd9ddc1ec6d16a7f	2324	review-evidence-or-register	in-scope: inspect before extraction/deletion	False	not-started	
docs/review/evidence/wave47-store-independent/reviewed-source-sha256.txt	f4564cf71313c77969869c4ca9601dfa840022ab	832	review-evidence-or-register	in-scope: inspect before extraction/deletion	False	not-started	
docs/review/evidence/wave47-store-independent/shared-consumers.txt	3ec80ee84e5c05cb621f147327618900f18c3d49	1180	review-evidence-or-register	in-scope: inspect before extraction/deletion	False	not-started	
docs/review/evidence/wave47-telemetry-accounting-fixed.txt	7186d3c8c0fda020cbdb41eb40c844b3ba32ab79	222	review-evidence-or-register	in-scope: inspect before extraction/deletion	False	not-started	
docs/review/evidence/wave47-telemetry-artifact-consumer.txt	826ed349ad17e9acbe9bbbddea3c4c65f7719cb4	328	review-evidence-or-register	in-scope: inspect before extraction/deletion	False	not-started	
docs/review/evidence/wave47-telemetry-consumer.txt	80a24c40e9a483b2a83275aa1155744137291bca	474	review-evidence-or-register	in-scope: inspect before extraction/deletion	False	not-started	
docs/review/evidence/wave47-telemetry-lint-final.txt	e69de29bb2d1d6434b8b29ae775ad8c2e48c5391	0	review-evidence-or-register	in-scope: inspect before extraction/deletion	False	not-started	
docs/review/evidence/wave47-telemetry-lint.txt	e69de29bb2d1d6434b8b29ae775ad8c2e48c5391	0	review-evidence-or-register	in-scope: inspect before extraction/deletion	False	not-started	
docs/review/evidence/wave47-telemetry-retirement-tests-final.txt	6f224db4b932508823016be81f096f5a08a63dac	2536	review-evidence-or-register	in-scope: inspect before extraction/deletion	False	not-started	
docs/review/evidence/wave47-telemetry-retirement-tests.txt	5082f49baee20f9eabff7ca966cba91a198a93cb	2539	review-evidence-or-register	in-scope: inspect before extraction/deletion	False	not-started	
docs/review/evidence/wave47-telemetry-types-final.txt	e69de29bb2d1d6434b8b29ae775ad8c2e48c5391	0	review-evidence-or-register	in-scope: inspect before extraction/deletion	False	not-started	
docs/review/evidence/wave47-telemetry-types.txt	e69de29bb2d1d6434b8b29ae775ad8c2e48c5391	0	review-evidence-or-register	in-scope: inspect before extraction/deletion	False	not-started	
docs/review/evidence/wave47-trust/deployment.txt	2becfcfdcb3b2d403f03166a4c966163a308d7b7	102	review-evidence-or-register	in-scope: inspect before extraction/deletion	False	not-started	
docs/review/evidence/wave47-trust/trust-auth.txt	457f38ef8e433c6d97567627321025581bf78df2	45	review-evidence-or-register	in-scope: inspect before extraction/deletion	False	not-started	
docs/review/evidence/wave47-trust/trust-lint.txt	e69de29bb2d1d6434b8b29ae775ad8c2e48c5391	0	review-evidence-or-register	in-scope: inspect before extraction/deletion	False	not-started	
docs/review/evidence/wave47-trust/trust-native.txt	72081edc2057de79a703f2b94b9f34be31a7543a	680	review-evidence-or-register	in-scope: inspect before extraction/deletion	False	not-started	
docs/review/evidence/wave47-trust/trust-render-after.txt	b449f737a33da75ca902c135429a1ee543f4f054	306	review-evidence-or-register	in-scope: inspect before extraction/deletion	False	not-started	
docs/review/evidence/wave47-trust/trust-render.txt	45de19ac379d0bf8933735ac80f6f775287803ef	1630	review-evidence-or-register	in-scope: inspect before extraction/deletion	False	not-started	
docs/review/evidence/wave48-attempt-retirement-boundary.txt	400822f1a10b3ddf6f9a14a94ccc094b94cbd20a	3561	review-evidence-or-register	in-scope: inspect before extraction/deletion	False	not-started	
docs/review/evidence/wave48-prism-product/baseline-control-lint.log	c939c455569da99172f0ffe7b95ffd43743b973d	6885	review-evidence-or-register	in-scope: inspect before extraction/deletion	False	not-started	
docs/review/evidence/wave48-prism-product/existing-lint.log	60e94802c2cf01cbd2fbb0d9be0eabcb909c89ed	6741	review-evidence-or-register	in-scope: inspect before extraction/deletion	False	not-started	
docs/review/evidence/wave48-prism-product/lint.log	83b5f9d4df0d01aa0059b4e2ce67617225986b34	99	review-evidence-or-register	in-scope: inspect before extraction/deletion	False	not-started	
docs/review/evidence/wave48-prism-product/targeted-tests.log	536f8eb9946ae10d4d507d2d1f83259fb2d0f0c7	771	review-evidence-or-register	in-scope: inspect before extraction/deletion	False	not-started	
docs/review/evidence/wave48-prism-product/typecheck.log	c6fb73cb174c6bf96b47a499be7faa338aeef76d	150	review-evidence-or-register	in-scope: inspect before extraction/deletion	False	not-started	
docs/review/evidence/wave48-product-controller/controller-final.txt	24e228a62b34084f683fdfc4ce9b9d2ce8855f4c	16978	review-evidence-or-register	in-scope: inspect before extraction/deletion	False	not-started	
docs/review/evidence/wave48-product-controller/controller-full-initial.txt	c5d269535bc2e8888345b7f9d592bddf81f94a49	71	review-evidence-or-register	in-scope: inspect before extraction/deletion	False	not-started	
docs/review/evidence/wave48-product-controller/go-vet-final.txt	e69de29bb2d1d6434b8b29ae775ad8c2e48c5391	0	review-evidence-or-register	in-scope: inspect before extraction/deletion	False	not-started	
docs/review/evidence/wave48-product-controller/helm-cel-boundary.txt	d2754b16bb55caca417253630ee7e025e5e36273	948	review-evidence-or-register	in-scope: inspect before extraction/deletion	False	not-started	
docs/review/evidence/wave48-product-controller/helm-contract-final.txt	746ed3fb49507eaf0bb5049b4b0c1ecc53c2ce67	948	review-evidence-or-register	in-scope: inspect before extraction/deletion	False	not-started	
docs/review/evidence/wave48-product-controller/helm-contract-initial.txt	0aaa8b18346249ee2f9c044aad2a3854914784ff	3316	review-evidence-or-register	in-scope: inspect before extraction/deletion	False	not-started	
docs/review/evidence/wave48-product-controller/native-k8s-context.txt	26eee67f320dda8290bce1e6bcf4554695e397bc	34	review-evidence-or-register	in-scope: inspect before extraction/deletion	False	not-started	
docs/review/evidence/wave48-product-controller/product-cel-boundary.txt	53bcdf16f9190079b4674ecc3f2281febc700abd	4098	review-evidence-or-register	in-scope: inspect before extraction/deletion	False	not-started	
docs/review/evidence/wave48-product-controller/product-interop-initial.txt	477d8d40c90c8d51e17bbc2a17b43f02dbd62b52	2934	review-evidence-or-register	in-scope: inspect before extraction/deletion	False	not-started	
docs/review/evidence/wave48-product-independent/go-product-cost-followup.txt	281cf11d8a342a60877ab45b8a6e98193f6d3836	4111	review-evidence-or-register	in-scope: inspect before extraction/deletion	False	not-started	
docs/review/evidence/wave48-product-independent/go-product.txt	0ab4fb40c7017e5e78c3c5813e2d882d685dffd6	3957	review-evidence-or-register	in-scope: inspect before extraction/deletion	False	not-started	
docs/review/evidence/wave48-product-independent/prism-chart.txt	e438b791623d480565c5bab9bea2cb3db267d6b0	448	review-evidence-or-register	in-scope: inspect before extraction/deletion	False	not-started	
docs/review/evidence/wave48-product-independent/prism-product.txt	e83a5043ca3ff77db4253fdaf52bcdf4a116901e	584	review-evidence-or-register	in-scope: inspect before extraction/deletion	False	not-started	
docs/review/evidence/wave48-product-independent/prism-tls.txt	fba24048cd319fe7e796eebc763a45906543fb79	262	review-evidence-or-register	in-scope: inspect before extraction/deletion	False	not-started	
docs/review/evidence/wave48-product-independent/source-sha256.json	099800f3cd43c07011250bb81e3435c72934e916	2102	review-evidence-or-register	in-scope: inspect before extraction/deletion	False	not-started	
docs/review/evidence/wave49-prism-control-http/bounded-modules-lint.txt	e69de29bb2d1d6434b8b29ae775ad8c2e48c5391	0	review-evidence-or-register	in-scope: inspect before extraction/deletion	False	not-started	
docs/review/evidence/wave49-prism-control-http/commands.md	b04438fa272d4dcdb1a3b4d8b4d808a4b5ed8c3b	2261	review-text	in-scope: inspect before extraction/deletion	False	not-started	
docs/review/evidence/wave49-prism-control-http/config-structured.txt	2ecb8feb59dbe9ff74b87b1d1b81116d45ee3a82	439	review-evidence-or-register	in-scope: inspect before extraction/deletion	False	not-started	
docs/review/evidence/wave49-prism-control-http/deploy-contract-before.txt	1006a71ebaede5c93eb3116d032faf181a3fdc94	644	review-evidence-or-register	in-scope: inspect before extraction/deletion	False	not-started	
docs/review/evidence/wave49-prism-control-http/deploy-contract.txt	6c1a617c82740dc2775c9b63f7a814f78ff23ecb	635	review-evidence-or-register	in-scope: inspect before extraction/deletion	False	not-started	
docs/review/evidence/wave49-prism-control-http/independent-regressions.txt	ea1b10e4a5b7674651f562779880e21cfacea430	2464	review-evidence-or-register	in-scope: inspect before extraction/deletion	False	not-started	
docs/review/evidence/wave49-prism-control-http/independent-structured-lint.txt	84a6901d1661c9c34cca7f66b7d14da5a9255a96	2881	review-evidence-or-register	in-scope: inspect before extraction/deletion	False	not-started	
docs/review/evidence/wave49-prism-control-http/independent-structured-regressions.txt	c6ef6628a75114c7d0c540ed2b4e71b0b6d7858c	2790	review-evidence-or-register	in-scope: inspect before extraction/deletion	False	not-started	
docs/review/evidence/wave49-prism-control-http/lint-before.txt	6fd87b82031e1c0e0564e8d5e312a4beaf6ad9cf	6777	review-evidence-or-register	in-scope: inspect before extraction/deletion	False	not-started	
docs/review/evidence/wave49-prism-control-http/lint-structured.txt	3c6793e4e00ddc5f12a84481871413ee3005e056	2672	review-evidence-or-register	in-scope: inspect before extraction/deletion	False	not-started	
docs/review/evidence/wave49-prism-control-http/lint.txt	4d05ae2e8690e269bb81c3cfb63098f7309a408f	4154	review-evidence-or-register	in-scope: inspect before extraction/deletion	False	not-started	
docs/review/evidence/wave49-prism-control-http/new-modules-lint.txt	e69de29bb2d1d6434b8b29ae775ad8c2e48c5391	0	review-evidence-or-register	in-scope: inspect before extraction/deletion	False	not-started	
docs/review/evidence/wave49-prism-control-http/regressions-structured.txt	b31bc0dccbf29d9ef3b97a97c67f17f49b9f2f9d	3112	review-evidence-or-register	in-scope: inspect before extraction/deletion	False	not-started	
docs/review/evidence/wave49-prism-control-http/regressions.txt	d4e4223140a86c4d973ec44bb4a4fd6dfb5e266a	3112	review-evidence-or-register	in-scope: inspect before extraction/deletion	False	not-started	
docs/review/evidence/wave49-prism-control-http/typecheck-final.txt	c6fb73cb174c6bf96b47a499be7faa338aeef76d	150	review-evidence-or-register	in-scope: inspect before extraction/deletion	False	not-started	
docs/review/evidence/wave49-prism-control-http/typecheck-structured.txt	c6fb73cb174c6bf96b47a499be7faa338aeef76d	150	review-evidence-or-register	in-scope: inspect before extraction/deletion	False	not-started	
docs/review/evidence/wave49-prism-control-http/typecheck.txt	600047176dc976c4ba1025f49e045990583e2f3b	955	review-evidence-or-register	in-scope: inspect before extraction/deletion	False	not-started	
docs/review/evidence/worker-contract-tests.txt	bb22e10164389271cd349eb84f0f92f60b6bfc00	161	review-evidence-or-register	in-scope: inspect before extraction/deletion	False	not-started	
docs/review/evidence/worker-core-tests.txt	ab215a5f19d77c5b7df9a7a56a898fe6a368ae2a	151	review-evidence-or-register	in-scope: inspect before extraction/deletion	False	not-started	
docs/review/evidence/worker-deadline-tests.txt	9fada0847dc40dca10a1cdb8be810e66d3d42921	2067	review-evidence-or-register	in-scope: inspect before extraction/deletion	False	not-started	
docs/review/evidence/worker-resource-native-gates.txt	1be70602308b28abdddb90254af11efe95fa9a6f	8375	review-evidence-or-register	in-scope: inspect before extraction/deletion	False	not-started	
docs/review/evidence/worker-terminal-resources-after.txt	649c090241a170cb81ce765bbc4b0a0a7b39e1d3	3925	review-evidence-or-register	in-scope: inspect before extraction/deletion	False	not-started	
docs/review/evidence/worker-terminal-resources-before.txt	ecb6a1c703169f4f0c4663f647775fc8a7d367ca	4528	review-evidence-or-register	in-scope: inspect before extraction/deletion	False	not-started	
docs/review/evidence/worker-terminal-resources-lint.json	106455b686ec055cf2d8bfaa84e8b564534909be	33914	review-evidence-or-register	in-scope: inspect before extraction/deletion	False	not-started	
docs/review/evidence/workflow-trust-split.txt	aec09f0f1467a137af1d17184a777697ce45f34a	8942	review-evidence-or-register	in-scope: inspect before extraction/deletion	False	not-started	
docs/review/findings.md	860620135b337242363a21f7b6b5035aa2fe3432	14635	review-text	in-scope: inspect before extraction/deletion	False	not-started	
docs/review/handoff.md	161cae017f50304c50f54430609a139772c3d7fd	4025	review-text	in-scope: inspect before extraction/deletion	False	not-started	
docs/review/infrastructure/README.md	1bb947a8bd14369e70012884a2a4a8ba349b2bfd	3717	review-text	in-scope: inspect before extraction/deletion	False	not-started	
docs/review/infrastructure/argocd.md	cc4ad0fbb4b04ae62b5b60c66c7e4dd48081a52f	2936	review-text	in-scope: inspect before extraction/deletion	False	not-started	
docs/review/infrastructure/backup-recovery.md	a268b4a9ea44b53dc73419b05dbf50469ec8bd35	2870	review-text	in-scope: inspect before extraction/deletion	False	not-started	
docs/review/infrastructure/buildkit.md	d603fc3bd1ea0445cfc2b907ab57492c24474b03	3083	review-text	in-scope: inspect before extraction/deletion	False	not-started	
docs/review/infrastructure/ci-build.md	769dee1240c158b7f3461bf28cf8ba51f9a57c22	3116	review-text	in-scope: inspect before extraction/deletion	False	not-started	
docs/review/infrastructure/cilium-migration.md	3d0101f673b0ffeae4ff30f85d98e948824a9b3a	3615	review-text	in-scope: inspect before extraction/deletion	False	not-started	
docs/review/infrastructure/cluster-bootstrap.md	280c077b5b001da2fa16171e000f537bdc65f5da	2996	review-text	in-scope: inspect before extraction/deletion	False	not-started	
docs/review/infrastructure/envoy.md	3347e51a8582f45cc53fc39d09d8dafb17ba406a	3104	review-text	in-scope: inspect before extraction/deletion	False	not-started	
docs/review/infrastructure/findings-index.json	eac4c15cdb759ebc1af1396b876bdd25eec68bd0	3036	review-evidence-or-register	in-scope: inspect before extraction/deletion	False	not-started	
docs/review/infrastructure/handoff.md	e65bc0b519501ddbacebe26807c27ee7e9cd0f00	7768	review-text	in-scope: inspect before extraction/deletion	False	not-started	
docs/review/infrastructure/inventory-data.json	a6669666a9a6a32a038763e6f7081d5de9001ed1	27539	review-evidence-or-register	in-scope: inspect before extraction/deletion	False	not-started	
docs/review/infrastructure/inventory.md	987752838d0086d86aa9cd1b986675aefe5be028	5423	review-text	in-scope: inspect before extraction/deletion	False	not-started	
docs/review/infrastructure/litellm-postgresql.md	60a115857feca739338ef61c621ca70064d2a3cd	2287	review-text	in-scope: inspect before extraction/deletion	False	not-started	
docs/review/infrastructure/litellm.md	642394979093dd6bf34bc1df7c65b2602c9c2245	2391	review-text	in-scope: inspect before extraction/deletion	False	not-started	
docs/review/infrastructure/namespace-broker.md	34e93c9a49dba417702ec0721911d763281ea9fa	3193	review-text	in-scope: inspect before extraction/deletion	False	not-started	
docs/review/infrastructure/network-dns.md	52a3a4d12ca9f94fe68e3dbb07c612b0b282178a	4427	review-text	in-scope: inspect before extraction/deletion	False	not-started	
docs/review/infrastructure/observability.md	8418cf7887ac14afff16cd9013db02f94332d3be	2740	review-text	in-scope: inspect before extraction/deletion	False	not-started	
docs/review/infrastructure/ops-mcp.md	4ac071825a285d4f0b8af19d081f989fe25ff7db	2800	review-text	in-scope: inspect before extraction/deletion	False	not-started	
docs/review/infrastructure/ops-pod.md	3f3d4ba7ba994b99bf4dee33661480696b02d2dc	2683	review-text	in-scope: inspect before extraction/deletion	False	not-started	
docs/review/infrastructure/paths/administrative-access.md	bfcdecb7cd2968937c3e4dd5368ce4b5ec10de5b	2757	review-text	in-scope: inspect before extraction/deletion	False	not-started	
docs/review/infrastructure/paths/bootstrap.md	56fead1f457aaf30978b29463b268bade48e301b	3646	review-text	in-scope: inspect before extraction/deletion	False	not-started	
docs/review/infrastructure/paths/cni-migration.md	d8511cc9e9f33336f09c1844dd28db2a311d3bb5	3723	review-text	in-scope: inspect before extraction/deletion	False	not-started	
docs/review/infrastructure/paths/image-release.md	318205fd6ab91ee3e00e273536ad9f91b33562ef	3560	review-text	in-scope: inspect before extraction/deletion	False	not-started	
docs/review/infrastructure/paths/persistence-restore.md	e435ad4009b5e497ead1e6197d29bbe34e3418a6	3581	review-text	in-scope: inspect before extraction/deletion	False	not-started	
docs/review/infrastructure/paths/pipeline-communication.md	1b63e3848ac5a417465cc7c120b2d11ded9c0f8e	3628	review-text	in-scope: inspect before extraction/deletion	False	not-started	
docs/review/infrastructure/prism-postgresql.md	1a481f3f065f0331544fe514b61d88ad8d40bbcc	2762	review-text	in-scope: inspect before extraction/deletion	False	not-started	
docs/review/infrastructure/prism-workloads.md	e1e7b62d41d38cfcdf1b4279a192ed6e06572b79	3385	review-text	in-scope: inspect before extraction/deletion	False	not-started	
docs/review/infrastructure/public-config.md	e27ce438c5285d3eec0227a3e2c32750091298f2	2992	review-text	in-scope: inspect before extraction/deletion	False	not-started	
docs/review/infrastructure/qdrant.md	bcd40e6c6d5869e147aedde70c164101b1761af4	2224	review-text	in-scope: inspect before extraction/deletion	False	not-started	
docs/review/infrastructure/redis.md	2115f97e27587dc8d301fe5d9f16e8dd91fcb6ad	2628	review-text	in-scope: inspect before extraction/deletion	False	not-started	
docs/review/infrastructure/registry-local.md	e9fb81b1ad60472bd4a9cb9952534b2f48a07e28	2924	review-text	in-scope: inspect before extraction/deletion	False	not-started	
docs/review/infrastructure/registry-mirror.md	9a72d1b978e9d2a6de1dc795b9947074f0a72522	2549	review-text	in-scope: inspect before extraction/deletion	False	not-started	
docs/review/infrastructure/release-promotion.md	9d153d5194a9573fceabda8daa96d1759cc4d83f	3002	review-text	in-scope: inspect before extraction/deletion	False	not-started	
docs/review/infrastructure/role-workloads.md	3ac4b2798655e1aa2f4f69033b4aa6438e9d79cb	4024	review-text	in-scope: inspect before extraction/deletion	False	not-started	
docs/review/infrastructure/runtime-images.md	091964962b94f2fc98d20cc93702bf2f684d9286	3051	review-text	in-scope: inspect before extraction/deletion	False	not-started	
docs/review/infrastructure/secrets.md	34a3bccb1c712c234cbff31a4fef36f08eb35cd6	3163	review-text	in-scope: inspect before extraction/deletion	False	not-started	
docs/review/infrastructure/source-coverage.md	3c28d79c30231da8e02ff8369e00bf723408b84c	17060	review-text	in-scope: inspect before extraction/deletion	False	not-started	
docs/review/infrastructure/spire.md	fe9165003852682d41240468c72cdde435294f77	3341	review-text	in-scope: inspect before extraction/deletion	False	not-started	
docs/review/infrastructure/storage.md	2cbd45083dda906dd8b6f5de566d642d62fa0638	2849	review-text	in-scope: inspect before extraction/deletion	False	not-started	
docs/review/infrastructure/tailscale.md	83c069cf085a5e2430f57d015c93939b79759e2d	2790	review-text	in-scope: inspect before extraction/deletion	False	not-started	
docs/review/infrastructure/updates-security.md	5f061221716fde401964438649c48e2a54f917d7	3103	review-text	in-scope: inspect before extraction/deletion	False	not-started	
docs/review/infrastructure/verification-results.json	b2bf6fdbaff9d2b99dc35553bfa4629fee461332	4496	review-evidence-or-register	in-scope: inspect before extraction/deletion	False	not-started	
docs/review/infrastructure/verification.md	10e66616590a9f80e1d8039ca84becb7fe7d63e0	4199	review-text	in-scope: inspect before extraction/deletion	False	not-started	
docs/review/inventory-data.json	30641c05dc54c3a68ccc6fd3dcb68f24c2270e65	402289	review-evidence-or-register	in-scope: inspect before extraction/deletion	False	not-started	
docs/review/inventory.md	7e72a54be49c79252294a97df2da378c3dba0719	30173	review-text	in-scope: inspect before extraction/deletion	False	not-started	
docs/review/operations-and-packaging.md	cfbe03febd59a9b5b468cf729d32de36910754d6	10713	review-text	in-scope: inspect before extraction/deletion	False	not-started	
docs/review/paths/README.md	fd48ea2402b62cd28be9b67253c5948e3d0afc79	4242	review-text	in-scope: inspect before extraction/deletion	False	not-started	
docs/review/paths/T01-happy-path.md	4a3f923425f2eff290632a0e706f072b44c21f80	26612	review-text	in-scope: inspect before extraction/deletion	False	not-started	
docs/review/paths/T02-design-feedback.md	d836361b7a16daf4d9f18729b227c3a207cb1d64	21510	review-text	in-scope: inspect before extraction/deletion	False	not-started	
docs/review/paths/T03-architecture-repair.md	46f8cba48e437188aa2bc7b324e95de2e94987b2	25235	review-text	in-scope: inspect before extraction/deletion	False	not-started	
docs/review/paths/T04-risk-acceptance.md	9dcfdab57f87a5f7e135519ec43dc7880889c939	22890	review-text	in-scope: inspect before extraction/deletion	False	not-started	
docs/review/paths/T05-module-repairs.md	059703abe091aa234d1027dbf6e244788a2eb0e9	31772	review-text	in-scope: inspect before extraction/deletion	False	not-started	
docs/review/paths/T06-parallel-modules.md	7549c267d88551639bca787f776d879276a49450	19311	review-text	in-scope: inspect before extraction/deletion	False	not-started	
docs/review/paths/T07-git-failures.md	13fe2b9de937b43716d6494e7e06436427f39d8f	20344	review-text	in-scope: inspect before extraction/deletion	False	not-started	
docs/review/paths/T08-restart-resume.md	bec3584af870db5908d72fb9b8a751669f0115a4	29722	review-text	in-scope: inspect before extraction/deletion	False	not-started	
docs/review/paths/T09-retry-escalation.md	a8dd72944856c587f7f0aca01b4d8e5477b6932b	21578	review-text	in-scope: inspect before extraction/deletion	False	not-started	
docs/review/paths/T10-minimal-checks.md	6bca3eee80663c3c10e86c6e4ce9a934bdf95a7d	20912	review-text	in-scope: inspect before extraction/deletion	False	not-started	
docs/review/paths/T11-deterministic-suites.md	ff461fad331252f623a623e7a7ae7e92d9585117	29357	review-text	in-scope: inspect before extraction/deletion	False	not-started	
docs/review/paths/T12-test-agent.md	863dd30dbaab988dbcae6525242dc54bf972134a	26184	review-text	in-scope: inspect before extraction/deletion	False	not-started	
docs/review/paths/T13-cumulative-gates.md	b6a86dc07eeff915eb19c8b61dfc8dae92fbdb27	21542	review-text	in-scope: inspect before extraction/deletion	False	not-started	
docs/review/paths/T14-operator-preview.md	f824b4cd6884f5e52eeec17d49b6cf6a52b2942f	25376	review-text	in-scope: inspect before extraction/deletion	False	not-started	
docs/review/paths/T15-pipeline-review.md	0766acff05d25cc53fe95df8bd53d5c92687498c	18775	review-text	in-scope: inspect before extraction/deletion	False	not-started	
docs/review/paths/T16-case-study-closeout.md	0822b50b74a0e6f4455cf9faf4fabfcfbdab6913	22701	review-text	in-scope: inspect before extraction/deletion	False	not-started	
docs/review/paths/orchestrator-verification.md	abbd319864ec6e542da1c796c80af3ffa7282489	10397	review-text	in-scope: inspect before extraction/deletion	False	not-started	
docs/review/paths/report.md	9f7b0f3a505ddfc795c6f5282b6b58a6c240e7db	501021	review-text	in-scope: inspect before extraction/deletion	False	not-started	
docs/review/prism-spikes.md	38190be830e3a8795f666a7d989820b1e6a084a3	3870	review-text	in-scope: inspect before extraction/deletion	False	not-started	
docs/review/remediation/README.md	bf20f56e9286e4649c51d85ab99d7af46b91311f	6278	review-text	in-scope: inspect before extraction/deletion	False	not-started	
docs/review/remediation/candidates/worker-trust-native-unverified.patch	783de6be556c9d0b883304044922954166ac940f	36346	review-evidence-or-register	in-scope: inspect before extraction/deletion	False	not-started	
docs/review/remediation/decisions.md	529a9b49592e300d4e5a38c4d7a11050e067b65e	15221	review-text	in-scope: inspect before extraction/deletion	False	not-started	
docs/review/remediation/design/sdk-canonical-consumers.json	fce985aa1ab3c0cca2541b6fe83b9a3f505cb54b	56753	review-evidence-or-register	in-scope: inspect before extraction/deletion	False	not-started	
docs/review/remediation/evidence/run13-report-independent-extra.txt	b41ef1a2eea5dcdc09b23e4626ff74a366712d1d	4166	review-evidence-or-register	in-scope: inspect before extraction/deletion	False	not-started	
docs/review/remediation/evidence/run14-report-independent-before.txt	4af2083bbd97f5a97455374ea6a1fe0f14d7d0fa	16973	review-evidence-or-register	in-scope: inspect before extraction/deletion	False	not-started	
docs/review/remediation/evidence/run14-report-independent-checks.txt	48b8fa19895bd6cee5af52063754ba1f4fb1fce5	1821	review-evidence-or-register	in-scope: inspect before extraction/deletion	False	not-started	
docs/review/remediation/evidence/run14-report-independent-quiet.txt	4b0ed6c74dd8026c92311f437cd3b3ba80ae56ac	38746	review-evidence-or-register	in-scope: inspect before extraction/deletion	False	not-started	
docs/review/remediation/evidence/run14-report-independent-supplement.txt	33fd1295fcc9f31779bc173d3dc9a3025f8245c3	3319	review-evidence-or-register	in-scope: inspect before extraction/deletion	False	not-started	
docs/review/remediation/evidence/run15-report-independent-current.txt	70b4906936ee48b0222d9730c2e6b65a4a1028b7	3735	review-evidence-or-register	in-scope: inspect before extraction/deletion	False	not-started	
docs/review/remediation/evidence/run7-operator-authority-fixture.txt	45ea14ac3d6a0340144aca3db913410fc719750d	3750	review-evidence-or-register	in-scope: inspect before extraction/deletion	False	not-started	
docs/review/remediation/evidence/run8-operator-author-matrix.txt	484f0385e0805d7f5fec25fd6bfbb12caf02647a	3917	review-evidence-or-register	in-scope: inspect before extraction/deletion	False	not-started	
docs/review/remediation/evidence/run8-operator-initial-runtime.txt	ec728ed598ce41069076700d2d62b7a4e9636afd	3184	review-evidence-or-register	in-scope: inspect before extraction/deletion	False	not-started	
docs/review/remediation/evidence/run8-operator-sibling-regression.txt	ffa9ea11b8f2b40a5ee1c3e3414467844ee5585d	5416	review-evidence-or-register	in-scope: inspect before extraction/deletion	False	not-started	
docs/review/remediation/evidence/run9-operator-sdk-checks.txt	29bd30b6024eaed9920c9e58388fc2e1dedb04c4	1757	review-evidence-or-register	in-scope: inspect before extraction/deletion	False	not-started	
docs/review/remediation/evidence/run9-operator-sdk-matrix.txt	bb1391b483c4b33e384487f350d8ea3acde34f1e	3234	review-evidence-or-register	in-scope: inspect before extraction/deletion	False	not-started	
docs/review/remediation/evidence/run9-operator-sdk-sibling.txt	e290c3e93f595ce8abe67c1fbf9b5fa21047cf28	9438	review-evidence-or-register	in-scope: inspect before extraction/deletion	False	not-started	
docs/review/remediation/evidence/run9-runtime-profile-before.txt	bb36c7513acb9710a5745a177db689dce00400a5	2997	review-evidence-or-register	in-scope: inspect before extraction/deletion	False	not-started	
docs/review/remediation/evidence/run9-runtime-profile-checks.txt	35da4d3a8d9fcf60240148ba671581ac337c9901	2279	review-evidence-or-register	in-scope: inspect before extraction/deletion	False	not-started	
docs/review/remediation/evidence/run9-runtime-profile-final-matrix.txt	8ca0abef1926ba19016ef76fa3dcb11ae53cf828	13343	review-evidence-or-register	in-scope: inspect before extraction/deletion	False	not-started	
docs/review/remediation/evidence/run9-runtime-profile-first-matrix.txt	036c4b1ef4c20e391478ed52f930e9b2dc7b0fe7	24476	review-evidence-or-register	in-scope: inspect before extraction/deletion	False	not-started	
docs/review/remediation/evidence/run9-runtime-profile-legacy-cli.txt	e684048aadeb5b2fb888ab863adeb827c5a6367e	1101	review-evidence-or-register	in-scope: inspect before extraction/deletion	False	not-started	
docs/review/remediation/evidence/run9-runtime-profile-reconciled-checks.txt	73bd98bfa2e3e40af75b47cda86d5ee8f35cfd5a	1689	review-evidence-or-register	in-scope: inspect before extraction/deletion	False	not-started	
docs/review/remediation/evidence/run9-runtime-profile-reconciled-dependencies.txt	7490456596d1aa2bf7571dd9f676dbb594708e74	7991	review-evidence-or-register	in-scope: inspect before extraction/deletion	False	not-started	
docs/review/remediation/evidence/run9-runtime-profile-reconciled-matrix.txt	5a3a6793df6ce29117abf6ab898e609a33009bd4	16440	review-evidence-or-register	in-scope: inspect before extraction/deletion	False	not-started	
docs/review/remediation/evidence/run9-runtime-profile-reconciled-review-first.txt	b2db7ffb0c51b3437661ff2e3bc3c3fc3aa45314	7845	review-evidence-or-register	in-scope: inspect before extraction/deletion	False	not-started	
docs/review/remediation/evidence/run9-runtime-profile-reconciled-review-quiet.txt	01f1e169f19236d3cbe737ccbb0f39334eaebb35	9529	review-evidence-or-register	in-scope: inspect before extraction/deletion	False	not-started	
docs/review/remediation/handoff.md	f44ce99c0672479ad9ec0c4087552bbc2c99e491	4957	review-text	in-scope: inspect before extraction/deletion	True	not-started	
docs/review/remediation/implementation/adapter-dependency-identity.md	4adb84bfd1f4ab9416d5ee4350bc274e8b265549	6285	review-text	in-scope: inspect before extraction/deletion	False	not-started	
docs/review/remediation/implementation/approval-invalidation.md	66c8543dab20efe6189fbc0e3fa8495484e6fbcd	5922	review-text	in-scope: inspect before extraction/deletion	False	not-started	
docs/review/remediation/implementation/approval-source-binding.md	820dafb73692453ef5ce8d6372cca4aead81f096	10963	review-text	in-scope: inspect before extraction/deletion	False	not-started	
docs/review/remediation/implementation/attempt-owner-launcher-admission-design.md	3d23b3b516255b05f4fedf7dff95910dfdb9d60f	6201	review-text	in-scope: inspect before extraction/deletion	False	not-started	
docs/review/remediation/implementation/attempt-resource-accountability-boundary.md	acd87cd46bea3628171f04e3be08d39a6b3183e0	14342	review-text	in-scope: inspect before extraction/deletion	False	not-started	
docs/review/remediation/implementation/build-command.md	58eb77dbfbf562116088035bedbd60410bfc7757	5981	review-text	in-scope: inspect before extraction/deletion	False	not-started	
docs/review/remediation/implementation/buildkit-preflight-version.md	9b97a456d4d54bd75fc10c728c0b379511d42eee	936	review-text	in-scope: inspect before extraction/deletion	False	not-started	
docs/review/remediation/implementation/buster-engine.md	7655ab02c789fccffa61f17cd4966303bf0155c8	7154	review-text	in-scope: inspect before extraction/deletion	False	not-started	
docs/review/remediation/implementation/buster-job-compaction.md	0d615da436b224c6ef6dbf448ab277a52e33da35	11170	review-text	in-scope: inspect before extraction/deletion	False	not-started	
docs/review/remediation/implementation/buster-orphan-recovery-boundary.md	0c1551aecc7f6df5bdce5040b9f412444b0c4125	5678	review-text	in-scope: inspect before extraction/deletion	False	not-started	
docs/review/remediation/implementation/buster-readiness.md	f7598b8c1bb7587e41afadd0c49da9825ceaca5a	9258	review-text	in-scope: inspect before extraction/deletion	False	not-started	
docs/review/remediation/implementation/capability-redis-import.md	cf0e85cbf3c6ac8ecc52b846dbd540e31a576748	2926	review-text	in-scope: inspect before extraction/deletion	False	not-started	
docs/review/remediation/implementation/contracts-2.md	a90ec00b36b7da4292955ba1877ca37b3489f704	7807	review-text	in-scope: inspect before extraction/deletion	False	not-started	
docs/review/remediation/implementation/contracts.md	88afba8b67c93ba01b8fda2d1fe43906b2409840	7334	review-text	in-scope: inspect before extraction/deletion	False	not-started	
docs/review/remediation/implementation/demo-auth-evidence.md	b68742c815e6adc5bf622ffe74a36e3b29e6bb25	8991	review-text	in-scope: inspect before extraction/deletion	False	not-started	
docs/review/remediation/implementation/demo-credential-handoff.md	e311e5100e7cc5fb2b9a7e87a00e9f03dc4a15a7	5700	review-text	in-scope: inspect before extraction/deletion	False	not-started	
docs/review/remediation/implementation/demo-generation-receipt-context.md	3359571a4794f13dcd1eefb8b81b76b6ebc162ec	4743	review-text	in-scope: inspect before extraction/deletion	False	not-started	
docs/review/remediation/implementation/demo-handoff-independent-review.md	044b234905dd72ba139d6f8e1e08ae1cbb347591	9834	review-text	in-scope: inspect before extraction/deletion	False	not-started	
docs/review/remediation/implementation/demo-handoff.md	b5bafa8cdb924c5c7bbbb8b84681b276a7a78ea1	9985	review-text	in-scope: inspect before extraction/deletion	False	not-started	
docs/review/remediation/implementation/demo-ready-controller-contract.md	4880f16a3c71344afd27fbabfda8410747e9e6a0	16620	review-text	in-scope: inspect before extraction/deletion	False	not-started	
docs/review/remediation/implementation/demo-retention-policy-design.md	6b40a69d2cad847472e2a9f2d83bf432bf38706e	5165	review-text	in-scope: inspect before extraction/deletion	False	not-started	
docs/review/remediation/implementation/demo-role-packaging.md	73eb04bcf0f4507117c901e8fcf473190a2c2c7a	2401	review-text	in-scope: inspect before extraction/deletion	False	not-started	
docs/review/remediation/implementation/deployment-release-selection.md	73750fec952b170a35d3a832d1afcccaf83912b5	5776	review-text	in-scope: inspect before extraction/deletion	False	not-started	
docs/review/remediation/implementation/discord-delivery-receipt.md	74a80652d8f7e6200eafcea03c72a392379d978f	7075	review-text	in-scope: inspect before extraction/deletion	False	not-started	
docs/review/remediation/implementation/effects.md	244c722d7a7305e43a50d1f144c1d2d704c91395	3699	review-text	in-scope: inspect before extraction/deletion	False	not-started	
docs/review/remediation/implementation/evidence-resource-lock.md	c1f4025537f7617d89577894eb87921b20f6d878	1896	review-text	in-scope: inspect before extraction/deletion	False	not-started	
docs/review/remediation/implementation/forge-workspace.md	565d61e50dc0637e8f8cd66e0dc2e51f1ad8d11c	7201	review-text	in-scope: inspect before extraction/deletion	False	not-started	
docs/review/remediation/implementation/gate-coverage.md	3f4ca709abe8de0b43d5dbc2cb82aff7f7b92dea	8107	review-text	in-scope: inspect before extraction/deletion	False	not-started	
docs/review/remediation/implementation/git-repository.md	9c20d3cca31bd456f884c28d9d793367ad4d8028	6868	review-text	in-scope: inspect before extraction/deletion	False	not-started	
docs/review/remediation/implementation/github-action-pins.md	d312fed9386690d066431cb2f98b0e5153f3c942	4799	review-text	in-scope: inspect before extraction/deletion	False	not-started	
docs/review/remediation/implementation/ingestion-service.md	d68a3c908ce95dfc271d63b58b1d573bcae826d5	1740	review-text	in-scope: inspect before extraction/deletion	False	not-started	
docs/review/remediation/implementation/integration-resume.md	45fbf9b6f9152f03e46323e7ab3da3e5905b7dc4	4913	review-text	in-scope: inspect before extraction/deletion	False	not-started	
docs/review/remediation/implementation/isolation.md	02005ddf60ddab1f2028eb9e93ddcc5c654270bb	7661	review-text	in-scope: inspect before extraction/deletion	False	not-started	
docs/review/remediation/implementation/junit-executed-required.md	09b6f3dd51cfd1f1623c9f6ae16e08a917b23c2f	3556	review-text	in-scope: inspect before extraction/deletion	False	not-started	
docs/review/remediation/implementation/lint.md	38a817cd3069b0343509d024cd9dd8f9f391b10f	6939	review-text	in-scope: inspect before extraction/deletion	False	not-started	
docs/review/remediation/implementation/namespace-broker.md	479a3f620623f13eb69a23290a0c405d024bea1e	5198	review-text	in-scope: inspect before extraction/deletion	False	not-started	
docs/review/remediation/implementation/nova-gate-deadlines.md	07ff0a2dfbc1c1bb457b03766c1d4d04fda20b46	11905	review-text	in-scope: inspect before extraction/deletion	False	not-started	
docs/review/remediation/implementation/nova-remote-boundaries.md	8f775b6904e4b45b13f415ee4bbbb594007bd3da	3456	review-text	in-scope: inspect before extraction/deletion	False	not-started	
docs/review/remediation/implementation/nova-repair-budget.md	bd048f3d89819d51f9479ab4c797e4a8ca3e8e18	5308	review-text	in-scope: inspect before extraction/deletion	False	not-started	
docs/review/remediation/implementation/observability-replay.md	394f0d435ae630fadb9b6a8fb3623bf52d25c85c	9503	review-text	in-scope: inspect before extraction/deletion	False	not-started	
docs/review/remediation/implementation/observability-retention.md	fda7aa56bd957d23567a8611fef19c7f5acb6ebd	2650	review-text	in-scope: inspect before extraction/deletion	False	not-started	
docs/review/remediation/implementation/observability-retirement-planner.md	4b01411f395f510525ee0f1135b4d88b1ce6844b	9425	review-text	in-scope: inspect before extraction/deletion	False	not-started	
docs/review/remediation/implementation/observer-build.md	668ddba92d76e1d56b8d32af7bec452bc847571f	3039	review-text	in-scope: inspect before extraction/deletion	False	not-started	
docs/review/remediation/implementation/observer-ingress.md	a79967e5a1e1d6c7a0698cc563c97868a9ae82b4	4995	review-text	in-scope: inspect before extraction/deletion	False	not-started	
docs/review/remediation/implementation/offline-generator-gates.md	0a914c5ddc9e657658720fa09597332e80c22577	9878	review-text	in-scope: inspect before extraction/deletion	False	not-started	
docs/review/remediation/implementation/operator-notification.md	a81b0e75c6326e5cf542a487f6a462114170b013	6392	review-text	in-scope: inspect before extraction/deletion	False	not-started	
docs/review/remediation/implementation/pr6-api-network-contract.md	3096805538f8a0e1471000c8e67c698bed61bdd0	3921	review-text	in-scope: inspect before extraction/deletion	False	not-started	
docs/review/remediation/implementation/pr6-buster-cleanup-parent.md	d5841f8f9c9c2ce3febcd028fa210856a82fedef	1933	review-text	in-scope: inspect before extraction/deletion	False	not-started	
docs/review/remediation/implementation/pr6-buster-fixture-checkpoint.md	0831041282d6c56c815343385944ed0f7d6ae9f8	1702	review-text	in-scope: inspect before extraction/deletion	False	not-started	
docs/review/remediation/implementation/pr6-buster-fixture-control.md	42c550628fcb932e4bf435668aba53acf849198b	2829	review-text	in-scope: inspect before extraction/deletion	False	not-started	
docs/review/remediation/implementation/pr6-buster-launch-authority-decision.md	bf8be23eb069b2d07314477d11b70d5518d4aa9d	4137	review-text	in-scope: inspect before extraction/deletion	False	not-started	
docs/review/remediation/implementation/pr6-fixture-lifecycle-boundary.md	c71ff944b851a9cd0f2570d0c104d3a9e216e113	3897	review-text	in-scope: inspect before extraction/deletion	False	not-started	
docs/review/remediation/implementation/pr6-gitops-closure.md	b50ed5c09c46119cdac559791c926d292713e144	12286	review-text	in-scope: inspect before extraction/deletion	False	not-started	
docs/review/remediation/implementation/pr6-infrastructure-checkpoint.md	f72beb89251ac8b62b4433fe9312aa0b2ef0c32d	2301	review-text	in-scope: inspect before extraction/deletion	False	not-started	
docs/review/remediation/implementation/pr6-knip.md	1aa3d6304b6740d837ebbfbd52881413ef570b00	2396	review-text	in-scope: inspect before extraction/deletion	False	not-started	
docs/review/remediation/implementation/pr6-launch-ownership-checkpoint.md	da3d993cb15c0f3e24296e5460233315669656a3	2653	review-text	in-scope: inspect before extraction/deletion	False	not-started	
docs/review/remediation/implementation/pr6-local-acceptance.md	8a41aef18b9ac4e79b64e0d16a4285473b01bd14	14043	review-text	in-scope: inspect before extraction/deletion	False	not-started	
docs/review/remediation/implementation/pr6-native-dispatch-checkpoint.md	f9ace2323bc0d3cb3336576d1c08d7e0f451a9fb	3701	review-text	in-scope: inspect before extraction/deletion	False	not-started	
docs/review/remediation/implementation/pr6-native-durability-checkpoint.md	36c90db7de3de8453ffc7c11ed1ca176dcc0ba83	4631	review-text	in-scope: inspect before extraction/deletion	False	not-started	
docs/review/remediation/implementation/pr6-native-entry-types.md	3cc34f2b64b06334f5af1a71008800cfc9919dd9	1698	review-text	in-scope: inspect before extraction/deletion	False	not-started	
docs/review/remediation/implementation/pr6-native-preparation.md	ba1ef802d9db3af9e11c11a8ebcaf09c32790e74	2370	review-text	in-scope: inspect before extraction/deletion	False	not-started	
docs/review/remediation/implementation/pr6-native-runtime-checkpoint.md	7f7fc947a5d0a91f980faf1fef18cebde9bcf9d0	5181	review-text	in-scope: inspect before extraction/deletion	False	not-started	
docs/review/remediation/implementation/pr6-native-scope-checkpoint.md	ec66183d19f7f566f42015ba99c58b658619489f	9686	review-text	in-scope: inspect before extraction/deletion	False	not-started	
docs/review/remediation/implementation/pr6-node-accounting-decision.md	fe0b2052cc638a6003afef1f4ff0ee71c392fbaa	5082	review-text	in-scope: inspect before extraction/deletion	False	not-started	
docs/review/remediation/implementation/pr6-node-pools-checkpoint.md	37052ff6897084fe91e917b37836579580ab2b8b	4548	review-text	in-scope: inspect before extraction/deletion	False	not-started	
docs/review/remediation/implementation/pr6-oci-identity.md	9cee6c089ba793be3c644c15826be657db68cce7	3011	review-text	in-scope: inspect before extraction/deletion	False	not-started	
docs/review/remediation/implementation/pr6-postgresql-recovery-checkpoint.md	bcba440fc20c6d6c1bf92b6a279ea5c08e181ab6	4495	review-text	in-scope: inspect before extraction/deletion	False	not-started	
docs/review/remediation/implementation/pr6-prism-backup-groups.md	9cf797351c4d2a96f1b0153b4e73e8a97f098838	4493	review-text	in-scope: inspect before extraction/deletion	False	not-started	
docs/review/remediation/implementation/pr6-prism-completion-cpu.md	62e08634054178bf7a91ee2fb2bbf983248f7055	3009	review-text	in-scope: inspect before extraction/deletion	False	not-started	
docs/review/remediation/implementation/pr6-prism-native-local-closure.md	9f1f4227949d07430cd70a1c33e9a6eaa4bfbb75	3862	review-text	in-scope: inspect before extraction/deletion	False	not-started	
docs/review/remediation/implementation/pr6-prism-single-runtime.md	e46a8042f200e0ee898b451e92430c4d3f6fdd44	2381	review-text	in-scope: inspect before extraction/deletion	False	not-started	
docs/review/remediation/implementation/pr6-private-access.md	ccba434b989ab133f776cbca00231e78ddf74800	4113	review-text	in-scope: inspect before extraction/deletion	False	not-started	
docs/review/remediation/implementation/pr6-qdrant-checkpoint.md	04a1488a3809c3ba931e7c35ee54b07018b2579a	2951	review-text	in-scope: inspect before extraction/deletion	False	not-started	
docs/review/remediation/implementation/pr6-redis-durability.md	1af71e5c614e983f12f0b7357756ebbd8dad882a	2813	review-text	in-scope: inspect before extraction/deletion	False	not-started	
docs/review/remediation/implementation/pr6-redis-migration-closure.md	02177c8ec3cebebafbb700b708303643ee5bdf62	3412	review-text	in-scope: inspect before extraction/deletion	False	not-started	
docs/review/remediation/implementation/pr6-registry-target.md	cf391529201d009112c55b64668924f8cca619c8	2911	review-text	in-scope: inspect before extraction/deletion	False	not-started	
docs/review/remediation/implementation/pr6-risk-and-registry.md	a962111f48ffb36e8cae5567edc6fe7b79da2645	5938	review-text	in-scope: inspect before extraction/deletion	False	not-started	
docs/review/remediation/implementation/pr6-runtime-tool-locks.md	419628bab31d2a36f4dcd97f6d26c57e7ac68da1	3792	review-text	in-scope: inspect before extraction/deletion	False	not-started	
docs/review/remediation/implementation/pr6-sdk-local-verification.md	a2fdfc078a06e710da72d97416b4e7337863eb7e	5019	review-text	in-scope: inspect before extraction/deletion	False	not-started	
docs/review/remediation/implementation/pr6-stateful-migration-closure.md	2d4947f743b95d9a52a3b281a7c9e6a860f18900	6621	review-text	in-scope: inspect before extraction/deletion	False	not-started	
docs/review/remediation/implementation/pr6-stateful-upgrade-checkpoint.md	33860209019e632f315791ea1cafca5c5e5ba4c1	5592	review-text	in-scope: inspect before extraction/deletion	False	not-started	
docs/review/remediation/implementation/pr6-supervisor-ownership-io.md	8068d0ee2076f7c7ad7a56c307c4a3ebc1a3fb7c	3026	review-text	in-scope: inspect before extraction/deletion	False	not-started	
docs/review/remediation/implementation/preflight-declarations.md	1f996349216ebd496eaf8306934531ff21b78bc2	4840	review-text	in-scope: inspect before extraction/deletion	False	not-started	
docs/review/remediation/implementation/prism-agent-jobs.md	01d74cb8b48fcc28aa2df588da19eb61467eeff3	8224	review-text	in-scope: inspect before extraction/deletion	False	not-started	
docs/review/remediation/implementation/prism-agent-resource-v2.md	a8c2f254c83a88b9383c3d6e21eb3229afc36a66	7799	review-text	in-scope: inspect before extraction/deletion	False	not-started	
docs/review/remediation/implementation/prism-artifacts.md	f09cf35d29e9398b366a91a323aecc4ceadfe4dd	2792	review-text	in-scope: inspect before extraction/deletion	False	not-started	
docs/review/remediation/implementation/prism-control.md	53c56293da92ce0d34fab50f5163a5314779297a	5299	review-text	in-scope: inspect before extraction/deletion	False	not-started	
docs/review/remediation/implementation/prism-corpus.md	a69036c44801ef398ccc24b27c7df211b6cecff5	3817	review-text	in-scope: inspect before extraction/deletion	False	not-started	
docs/review/remediation/implementation/prism-design-rounds.md	310db3c3e89060fee3d42c3a38e83cb8cc3d3c67	7651	review-text	in-scope: inspect before extraction/deletion	False	not-started	
docs/review/remediation/implementation/prism-domain.md	0760a62c51c4e53dddb761d198724a0403a2bcf1	4499	review-text	in-scope: inspect before extraction/deletion	False	not-started	
docs/review/remediation/implementation/prism-engine-cache.md	e2adc7bf9b65899853d2be761a7a613eefcc3be5	4180	review-text	in-scope: inspect before extraction/deletion	False	not-started	
docs/review/remediation/implementation/prism-ingestion-resources.md	6f38e417aa39dea66a8fc6067ce960ae61da63bd	5246	review-text	in-scope: inspect before extraction/deletion	False	not-started	
docs/review/remediation/implementation/prism-operational-readiness.md	1ae6513833cb5bf220b79c589440fcb9ff757c95	7170	review-text	in-scope: inspect before extraction/deletion	False	not-started	
docs/review/remediation/implementation/prism-preferences.md	1aad515584e99108117b2a483de74ae51abcdccc	6462	review-text	in-scope: inspect before extraction/deletion	False	not-started	
docs/review/remediation/implementation/prism-product-decisions.md	a00dc56dd49b3274a3680e73c4d5a6b77d7d0070	6441	review-text	in-scope: inspect before extraction/deletion	False	not-started	
docs/review/remediation/implementation/prism-renderer-studio.md	0f0498fc4da06269dbf67a284449928a0e2e05b8	5691	review-text	in-scope: inspect before extraction/deletion	False	not-started	
docs/review/remediation/implementation/prism-worker-cancellation.md	9725eb464162a0ce75ef8661a9302b512bab97c1	5440	review-text	in-scope: inspect before extraction/deletion	False	not-started	
docs/review/remediation/implementation/prism-worker-control.md	ef3a8ebf753091df1dcc03f23d42a163b0efb4ec	6442	review-text	in-scope: inspect before extraction/deletion	False	not-started	
docs/review/remediation/implementation/process-network.md	9a88b03db07fcb2ff93ec5f6387c9e5a642fadbe	8364	review-text	in-scope: inspect before extraction/deletion	False	not-started	
docs/review/remediation/implementation/product-decisions-independent-review.md	a8042aeb37d02cbadbee432929dff666b45e5272	8989	review-text	in-scope: inspect before extraction/deletion	False	not-started	
docs/review/remediation/implementation/project-source-v2.md	cdf6c4503e62cace863b0d7df87df3ba544d84aa	5896	review-text	in-scope: inspect before extraction/deletion	False	not-started	
docs/review/remediation/implementation/readiness-independent-review.md	d548a7830282f38c9c611c0a30de3666f5345775	4990	review-text	in-scope: inspect before extraction/deletion	False	not-started	
docs/review/remediation/implementation/recovery.md	6288f34d390df116f320ef8e2e555adbc96b5b7b	5539	review-text	in-scope: inspect before extraction/deletion	False	not-started	
docs/review/remediation/implementation/redis-transport.md	b55fc0d4ab0aa98dfd929bcc1675775d0021597c	5215	review-text	in-scope: inspect before extraction/deletion	False	not-started	
docs/review/remediation/implementation/registration-contract-boundary.md	15428a035c8d86ce594cd9684dc38bbee78aebef	5387	review-text	in-scope: inspect before extraction/deletion	False	not-started	
docs/review/remediation/implementation/registry-client-scope.json	20954d4d6ab224ebc2495916e02e9ff433896014	2750	review-evidence-or-register	in-scope: inspect before extraction/deletion	False	not-started	
docs/review/remediation/implementation/registry-clients.md	bb09e32279e635c503d66ec86c3fa723afdd7a9e	6274	review-text	in-scope: inspect before extraction/deletion	False	not-started	
docs/review/remediation/implementation/registry-health-scope.json	bef4b1faede4131a83b2ce27ec1652ab7fed02c1	2514	review-evidence-or-register	in-scope: inspect before extraction/deletion	False	not-started	
docs/review/remediation/implementation/registry-health.md	48995da4d860581a4ddb2f9d6bcd198669ad8839	5243	review-text	in-scope: inspect before extraction/deletion	False	not-started	
docs/review/remediation/implementation/registry-startup-latency.md	fa8c72b754a6f109cc7ed394fd280c897f15d594	5230	review-text	in-scope: inspect before extraction/deletion	False	not-started	
docs/review/remediation/implementation/registry.md	58c44d9c7b7af0ef5c794cb97849e2887ebe3dc4	5755	review-text	in-scope: inspect before extraction/deletion	False	not-started	
docs/review/remediation/implementation/release-configuration.md	bbff990b98eba153c1f980d84b9b85ba4438daca	2320	review-text	in-scope: inspect before extraction/deletion	False	not-started	
docs/review/remediation/implementation/report-evidence.md	3118ea60ca0b59e06329d12fe910a8bf8b5edf27	11223	review-text	in-scope: inspect before extraction/deletion	False	not-started	
docs/review/remediation/implementation/report-identity.md	228745427247aa60871a8dca0cd6e2e9d9fcd58d	4045	review-text	in-scope: inspect before extraction/deletion	False	not-started	
docs/review/remediation/implementation/resume-20260909.md	9d69527d71f5a843d320bce2e8b24ee581f2f387	7969	review-text	in-scope: inspect before extraction/deletion	False	not-started	
docs/review/remediation/implementation/resume-20260912-supervisor-lease.md	e8c9c3239850eb6d15040e07798fe7e76b618557	6280	review-text	in-scope: inspect before extraction/deletion	False	not-started	
docs/review/remediation/implementation/resume-20260914-gitops-handoff.md	384df2d167d84edbfb0fce62f7b97e89c8413af9	6217	review-text	in-scope: inspect before extraction/deletion	False	not-started	
docs/review/remediation/implementation/resume-84-buster-independent-review.md	c6aafa0df78388aaec83ff62aad1b0d517499b40	3784	review-text	in-scope: inspect before extraction/deletion	False	not-started	
docs/review/remediation/implementation/resume-84-buster-read-independent-review.md	a5911b126bcb67e2f1548e48b3911dcffa9e52bf	1485	review-text	in-scope: inspect before extraction/deletion	False	not-started	
docs/review/remediation/implementation/resume-84-buster-root-review.md	a9832e10b65f8fdfce737eff228454e4b0231dae	3770	review-text	in-scope: inspect before extraction/deletion	False	not-started	
docs/review/remediation/implementation/resume-84-buster-shutdown-storage.md	83a3551a540259f6bdc16bb6303331200cc37bd9	7527	review-text	in-scope: inspect before extraction/deletion	False	not-started	
docs/review/remediation/implementation/resume-84-buster-status-read-residual.md	287b99f535d96682a5f96e0b2c7638e77fbe5421	4088	review-text	in-scope: inspect before extraction/deletion	False	not-started	
docs/review/remediation/implementation/resume-84-delivery-independent-review.md	78b9b4bfc06dc07ad207e4e3163aff4d6511f5a5	8768	review-text	in-scope: inspect before extraction/deletion	False	not-started	
docs/review/remediation/implementation/resume-84-integration-independent-review.md	80f80cc6ac1c2c6f4a5c257223bd9f4509d9c4d5	3126	review-text	in-scope: inspect before extraction/deletion	False	not-started	
docs/review/remediation/implementation/resume-84-integration-root-review.md	3470ac16e4817e6d132e99fd5dc2cf3b33ab3c33	3828	review-text	in-scope: inspect before extraction/deletion	False	not-started	
docs/review/remediation/implementation/resume-84-native-followup-matrix.md	39a422e619cb1031bbce7da7a5be3dbfd92d0571	7927	review-text	in-scope: inspect before extraction/deletion	False	not-started	
docs/review/remediation/implementation/resume-84-native-gates-root-review.md	8fe0b6a2c1ab4849a252a704182ee3e9291a5d39	3873	review-text	in-scope: inspect before extraction/deletion	False	not-started	
docs/review/remediation/implementation/resume-84-nonprism-triage.md	3e39914a9276b45dcfaefaa486f1948181b9a33c	6435	review-text	in-scope: inspect before extraction/deletion	False	not-started	
docs/review/remediation/implementation/resume-84-prism-cpu-ownership-direction.md	7478913c2e72dc309f130c6e2f91fdeb761e1228	11189	review-text	in-scope: inspect before extraction/deletion	False	not-started	
docs/review/remediation/implementation/resume-84-prism-final-independent-review.md	a3dee894cd17e7da22348d42c4550f6782a0765c	2199	review-text	in-scope: inspect before extraction/deletion	False	not-started	
docs/review/remediation/implementation/resume-84-prism-independent-review.md	2ca1920d5178c921d12b3a335477e88932002f73	5281	review-text	in-scope: inspect before extraction/deletion	False	not-started	
docs/review/remediation/implementation/resume-84-prism-native-retention-gate.md	cc0ed66fd6c009d9fbf487d9229a75fda64a1d2a	5678	review-text	in-scope: inspect before extraction/deletion	False	not-started	
docs/review/remediation/implementation/resume-84-prism-remaining-triage.md	ea6e837173ace85729685d0d5db06d2c89c6b7f5	7684	review-text	in-scope: inspect before extraction/deletion	False	not-started	
docs/review/remediation/implementation/resume-84-prism-shutdown-independent-review.md	1e00705419cf1cbc08b605d35a0763a48721343f	3987	review-text	in-scope: inspect before extraction/deletion	False	not-started	
docs/review/remediation/implementation/resume-84-release-evidence-review.md	ee68655b832109de349d29ed918e1865430aab41	5288	review-text	in-scope: inspect before extraction/deletion	False	not-started	
docs/review/remediation/implementation/resume-84-release-root-review.md	8dc9088747aa9335eb3179352086c2c7dbbf1c66	1999	review-text	in-scope: inspect before extraction/deletion	False	not-started	
docs/review/remediation/implementation/resume-84-supervisor-independent-review.md	20fc7076fa43d409e37be83bd395bc19e99e8e85	2459	review-text	in-scope: inspect before extraction/deletion	False	not-started	
docs/review/remediation/implementation/resume-84-supervisor-launch-independent-review.md	b187a4228fba5096153a70b7bbdf3515a2d43176	1821	review-text	in-scope: inspect before extraction/deletion	False	not-started	
docs/review/remediation/implementation/resume-84-supervisor-launch-root.md	b40a2a218d3702b4f1487d5f4403b35355208a63	1740	review-text	in-scope: inspect before extraction/deletion	False	not-started	
docs/review/remediation/implementation/resume-84-supervisor-state-independent-review.md	fca954d64cdb89ffb17935ea8236f2383ddd043a	3076	review-text	in-scope: inspect before extraction/deletion	False	not-started	
docs/review/remediation/implementation/resume-84-supervisor-state-root.md	9cec4efc0f1d2f9fbc9d10e8efe08878c8483fa6	2470	review-text	in-scope: inspect before extraction/deletion	False	not-started	
docs/review/remediation/implementation/resume-84-supervisor-stop.md	ca49708cfb98862084b1ca83607828e8fc738747	3065	review-text	in-scope: inspect before extraction/deletion	False	not-started	
docs/review/remediation/implementation/resume-84-worker-http-independent-review.md	842f5c98a0ba8e6e5fe26c31bec432399600a6dc	4074	review-text	in-scope: inspect before extraction/deletion	False	not-started	
docs/review/remediation/implementation/resume-84-worker-http.md	4ee06306e478ad321d660f310ae9ea1c4bc52aa8	2077	review-text	in-scope: inspect before extraction/deletion	False	not-started	
docs/review/remediation/implementation/resume-84-worker-pg-native-entry.md	2ebd5f8df89102fe9da464b567aa8e6da06177ac	3266	review-text	in-scope: inspect before extraction/deletion	False	not-started	
docs/review/remediation/implementation/resume-84-worker-shutdown.md	70a20a5ade50036918f46bac392bce782fd4878d	3926	review-text	in-scope: inspect before extraction/deletion	False	not-started	
docs/review/remediation/implementation/review-supervisor.md	8a83a0c3bed29d401096be74ba6efee9e5f7f080	2308	review-text	in-scope: inspect before extraction/deletion	False	not-started	
docs/review/remediation/implementation/review.md	28e37156c5a612f5a68fb6b07e67163822fb5c42	8305	review-text	in-scope: inspect before extraction/deletion	False	not-started	
docs/review/remediation/implementation/role-git.md	5463bd0ef89346171fbd4a54db195a155e77f4ae	2089	review-text	in-scope: inspect before extraction/deletion	False	not-started	
docs/review/remediation/implementation/rollout-health.md	948a226824c2c14d6cae40f26d8596adf3675de0	5260	review-text	in-scope: inspect before extraction/deletion	False	not-started	
docs/review/remediation/implementation/run10-prism-baseline-acceptance.md	b9920edb98f33f62e03df9e0e43824348d1d3e85	4599	review-text	in-scope: inspect before extraction/deletion	False	not-started	
docs/review/remediation/implementation/run10-prism-baseline-wip.md	3898a0faf7a04680e5f0473a113a54150e2a7329	1421	review-text	in-scope: inspect before extraction/deletion	False	not-started	
docs/review/remediation/implementation/run10-runtime-admission-root-review.md	339489007c34b0434d450c5304a0f2d8a72f998e	5236	review-text	in-scope: inspect before extraction/deletion	False	not-started	
docs/review/remediation/implementation/run11-prism-baseline-independent-review.md	14594174a170356f2dab235d3ca6ae1a34d058bd	4221	review-text	in-scope: inspect before extraction/deletion	False	not-started	
docs/review/remediation/implementation/run11-report-root-review.md	8f1efe7fb1d71c012256b829c0f89490dd572e64	5738	review-text	in-scope: inspect before extraction/deletion	False	not-started	
docs/review/remediation/implementation/run12-prism-reader-acceptance.md	b8454dcc9a68a4abaa8bb54d5f8f83be3d655bd2	4966	review-text	in-scope: inspect before extraction/deletion	False	not-started	
docs/review/remediation/implementation/run12-prism-reader-wip.md	8de3bd525687b4dc39af744efd49d43cb5d1c539	1899	review-text	in-scope: inspect before extraction/deletion	False	not-started	
docs/review/remediation/implementation/run13-prism-reader-independent-review.md	9ad9fcf366c2decf38115767e829bb65e242d72c	5590	review-text	in-scope: inspect before extraction/deletion	False	not-started	
docs/review/remediation/implementation/run13-report-cutover-wip.md	4cb165a5da1648c8c6573df5e424749357a9886a	2066	review-text	in-scope: inspect before extraction/deletion	False	not-started	
docs/review/remediation/implementation/run13-report-independent-checkpoint.md	bd117b7f52c926e40dcc7d5cb1b446b25202b2d4	592	review-text	in-scope: inspect before extraction/deletion	False	not-started	
docs/review/remediation/implementation/run14-report-author-checkpoint.md	8e6d8cedb277c4c5b407d2088f12c1eacd99317f	5136	review-text	in-scope: inspect before extraction/deletion	False	not-started	
docs/review/remediation/implementation/run14-report-independent-review.md	0575f3f9f733bcc26d29e2bab1cd73cd07762c3e	7452	review-text	in-scope: inspect before extraction/deletion	False	not-started	
docs/review/remediation/implementation/run15-report-independent-current.md	1270b452393b60ce9355b520da15d0823f22006a	2796	review-text	in-scope: inspect before extraction/deletion	False	not-started	
docs/review/remediation/implementation/run15-report-runtime-reconciliation.md	955abd31642554990ee165f07aafeeb3a74e837d	2640	review-text	in-scope: inspect before extraction/deletion	False	not-started	
docs/review/remediation/implementation/run3-adapter-dependency-identity.md	59381315c609915f9f87ae39cb4e4eefed2adb1b	3871	review-text	in-scope: inspect before extraction/deletion	False	not-started	
docs/review/remediation/implementation/run3-attempt-result-independent-review.md	05c4e45f2f2bac2c4c59c54f7e9c04fc4011195b	6630	review-text	in-scope: inspect before extraction/deletion	False	not-started	
docs/review/remediation/implementation/run3-attempt-result-projection.md	3924c5ab64af6e9b50e7ee2bd76f588654a3fff6	6193	review-text	in-scope: inspect before extraction/deletion	False	not-started	
docs/review/remediation/implementation/run3-observability-next-package.md	844fb688d94be0aab59800dc9d7bbc2c914647f4	6811	review-text	in-scope: inspect before extraction/deletion	False	not-started	
docs/review/remediation/implementation/run3-product-control-port.md	eb878879ec1dbe1447d67534c94dd0452d216e5a	5686	review-text	in-scope: inspect before extraction/deletion	False	not-started	
docs/review/remediation/implementation/run3-product-port-independent-review.md	d7fd9ac975288b15885f35e8f4e4ba38bbc3ef52	5283	review-text	in-scope: inspect before extraction/deletion	False	not-started	
docs/review/remediation/implementation/run3-review-evidence-encoding.md	b029f3503eebaac3faed6f525c97675de4594dce	7258	review-text	in-scope: inspect before extraction/deletion	False	not-started	
docs/review/remediation/implementation/run3-review-evidence-independent-review.md	efa6a22226f6642c680ccd0b6e038b919b266a23	6229	review-text	in-scope: inspect before extraction/deletion	False	not-started	
docs/review/remediation/implementation/run3-sdk-remaining-domains.md	2d1d682ed9609825038497e0c3c8a9c095f1d371	10619	review-text	in-scope: inspect before extraction/deletion	False	not-started	
docs/review/remediation/implementation/run3-sdk-repair-identity.md	5d5eaa54b7366deb4dfabb45b07886fe237ac248	4831	review-text	in-scope: inspect before extraction/deletion	False	not-started	
docs/review/remediation/implementation/run3-sdk-repair-independent-review.md	caa7d5d7556aca2a082b06b0702cf2b13683afde	5509	review-text	in-scope: inspect before extraction/deletion	False	not-started	
docs/review/remediation/implementation/run5-adapter-canonical-identity.md	91a1bec79bc12c95034435adf428b6bc979f762e	6877	review-text	in-scope: inspect before extraction/deletion	False	not-started	
docs/review/remediation/implementation/run5-adapter-independent-review.md	c5a5d253271865a146d9bd5ed7b5098a04a298dc	6325	review-text	in-scope: inspect before extraction/deletion	False	not-started	
docs/review/remediation/implementation/run5-blob-reader-boundary.md	89c123896800d3c198afb3d710a7646834fe15f2	2328	review-text	in-scope: inspect before extraction/deletion	False	not-started	
docs/review/remediation/implementation/run5-blob-reader-independent-review.md	09cae9ff29fd83f7946246ff6c1a126a8a1a9351	3361	review-text	in-scope: inspect before extraction/deletion	False	not-started	
docs/review/remediation/implementation/run5-coupled-candidate.md	ce033b3ed348c70f432a528f669943f0221404f0	2779	review-text	in-scope: inspect before extraction/deletion	False	not-started	
docs/review/remediation/implementation/run5-dispatch-independent-plan.md	9cfe728105cdf8b29e62e9955324283e297a0459	4063	review-text	in-scope: inspect before extraction/deletion	False	not-started	
docs/review/remediation/implementation/run5-legacy-cli-fixture-order.md	58102c472df540b53fa9652ba821ebea2dbc7a06	1991	review-text	in-scope: inspect before extraction/deletion	False	not-started	
docs/review/remediation/implementation/run5-native-controller-transitions.md	01f809bb84ced3805a91cf1435f5a7c143129d4d	4708	review-text	in-scope: inspect before extraction/deletion	False	not-started	
docs/review/remediation/implementation/run5-native-fence-status.md	c0deb445d4ef0117c4d3cfd90ca77558ceb976c4	3941	review-text	in-scope: inspect before extraction/deletion	False	not-started	
docs/review/remediation/implementation/run5-nova-dispatch-projection-design.md	67e560512f2cb0deb7788b56cf3bd26e834f3c18	5160	review-text	in-scope: inspect before extraction/deletion	False	not-started	
docs/review/remediation/implementation/run5-nova-dispatch-projection-wip.md	294f75b3d65ce498e677b9ce9fa78b43fc0e906d	1838	review-text	in-scope: inspect before extraction/deletion	False	not-started	
docs/review/remediation/implementation/run6-coupled-candidate.md	bef005766b2abdd8489084f4683851a3ce138f96	3513	review-text	in-scope: inspect before extraction/deletion	False	not-started	
docs/review/remediation/implementation/run6-coupled-independent-review.md	7003004afc6efbbdabdb28427145193f307eebb7	7023	review-text	in-scope: inspect before extraction/deletion	False	not-started	
docs/review/remediation/implementation/run6-coupled-root-review.md	50bd40497eb85c0e98e880184dbce919c969da9a	4199	review-text	in-scope: inspect before extraction/deletion	False	not-started	
docs/review/remediation/implementation/run6-envoy-independent-review.md	1636e57e8c7435f02d37d983264cb17a1c3ea222	3388	review-text	in-scope: inspect before extraction/deletion	False	not-started	
docs/review/remediation/implementation/run6-envoy-native-readiness.md	659f01324175281b4c75050880aed200b217c24d	4697	review-text	in-scope: inspect before extraction/deletion	False	not-started	
docs/review/remediation/implementation/run6-nova-dispatch-causal-wip.md	4a44e8591d96b382ba0300e986400b279884ba97	2359	review-text	in-scope: inspect before extraction/deletion	False	not-started	
docs/review/remediation/implementation/run6-nova-dispatch-retention.md	359897bf469020661fddc1e754dcf614c259da2f	5359	review-text	in-scope: inspect before extraction/deletion	False	not-started	
docs/review/remediation/implementation/run6-sdk-profile-independent-early.md	e53bf63e6eab7d226a2db66ad160ff643d6bb66c	3644	review-text	in-scope: inspect before extraction/deletion	False	not-started	
docs/review/remediation/implementation/run6-sdk-transport-profile.md	5e2411be941278d80398a74b8199c952479740b2	8788	review-text	in-scope: inspect before extraction/deletion	False	not-started	
docs/review/remediation/implementation/run7-dispatch-independent-review.md	0d70bb1cd428c527845f21f454b964108287b0f5	4690	review-text	in-scope: inspect before extraction/deletion	False	not-started	
docs/review/remediation/implementation/run7-dispatch-root-review.md	de2e04fe3e2847dfd1fc080b084f95373f3e8687	3493	review-text	in-scope: inspect before extraction/deletion	False	not-started	
docs/review/remediation/implementation/run7-envoy-corrected-native-readiness.md	9eaa421fcf2c6ea84bc2758981e0ceb9ec106b0a	3546	review-text	in-scope: inspect before extraction/deletion	False	not-started	
docs/review/remediation/implementation/run7-envoy-independent-review.md	a8fc3090a357b5d358ba68c21430f30304bfea8a	4306	review-text	in-scope: inspect before extraction/deletion	False	not-started	
docs/review/remediation/implementation/run7-envoy-root-review.md	0e6673b840b164f823fd88ea485d849c7741cd28	2864	review-text	in-scope: inspect before extraction/deletion	False	not-started	
docs/review/remediation/implementation/run7-operator-independent-audit.md	bf5e2fe98173013944135463749de659df5a24f4	5617	review-text	in-scope: inspect before extraction/deletion	False	not-started	
docs/review/remediation/implementation/run7-operator-retention-design.md	637d26fd18e097d7fe91c7f767911c092b898bb9	11046	review-text	in-scope: inspect before extraction/deletion	False	not-started	
docs/review/remediation/implementation/run7-sdk-cache-context-checkpoint.md	7f20c3d24295bd6f4eb38b95b592725816eb400c	3756	review-text	in-scope: inspect before extraction/deletion	False	not-started	
docs/review/remediation/implementation/run7-sdk-transport-independent-final.md	aba651a8cad746f5324f59adc81beffd6539a03b	6704	review-text	in-scope: inspect before extraction/deletion	False	not-started	
docs/review/remediation/implementation/run8-envoy-independent-review.md	b4638dc668850e871fa525e2545007159fe06a48	2635	review-text	in-scope: inspect before extraction/deletion	False	not-started	
docs/review/remediation/implementation/run8-envoy-reconciliation.md	4e3804b70470f26cee88a23345f71f5ae41e0196	3154	review-text	in-scope: inspect before extraction/deletion	False	not-started	
docs/review/remediation/implementation/run8-operator-independent-final.md	ae6445725e56dac0c8354e2d1fd4245ef0c031d3	6043	review-text	in-scope: inspect before extraction/deletion	False	not-started	
docs/review/remediation/implementation/run8-operator-projection-wip.md	299b593ab9b0c88aef3b4625ec16354e7340263e	2090	review-text	in-scope: inspect before extraction/deletion	False	not-started	
docs/review/remediation/implementation/run8-operator-request-retention.md	f297b93c12d674c89f17c87c7a84b4626d68e6a6	7762	review-text	in-scope: inspect before extraction/deletion	False	not-started	
docs/review/remediation/implementation/run8-sdk-cache-author.md	cf27260a0a64bca68697e7c01ae4387685e5e506	6579	review-text	in-scope: inspect before extraction/deletion	False	not-started	
docs/review/remediation/implementation/run8-sdk-cache-independent-early.md	2675fad0ac0e35c7582887a13de3aad91c791d6c	2133	review-text	in-scope: inspect before extraction/deletion	False	not-started	
docs/review/remediation/implementation/run8-sdk-cache-independent-final.md	b6547aaa6c7dfc7b933149981cd52c642863891c	7438	review-text	in-scope: inspect before extraction/deletion	False	not-started	
docs/review/remediation/implementation/run8-sdk-cache-wip-checkpoint.md	751ab1c47913eb765fe99da0de11206d18836dcd	2767	review-text	in-scope: inspect before extraction/deletion	False	not-started	
docs/review/remediation/implementation/run8-supervisor-root-review.md	9126eca31cebbbb88f5d9e64118f40f7d3dbc6a8	2095	review-text	in-scope: inspect before extraction/deletion	False	not-started	
docs/review/remediation/implementation/run9-cache-reader-root-review.md	9f2429ec57a459d6c263d39bd7be862563c9a120	5385	review-text	in-scope: inspect before extraction/deletion	False	not-started	
docs/review/remediation/implementation/run9-operator-independent-sdk-final.md	59072e0f299d55c3fac51a46ee4cf1e63d5ca869	2717	review-text	in-scope: inspect before extraction/deletion	False	not-started	
docs/review/remediation/implementation/run9-operator-root-review.md	5e2d424ed4f299f477d99b5a2b17d75328e9326b	3704	review-text	in-scope: inspect before extraction/deletion	False	not-started	
docs/review/remediation/implementation/run9-operator-sdk-reconciliation.md	90c3b9740b8f6c6f08ffefe50de228ced4f1fbc3	2859	review-text	in-scope: inspect before extraction/deletion	False	not-started	
docs/review/remediation/implementation/run9-prism-baseline-root-review.md	e2c1dde29bec7a1b18655a31a4be8a53707b061a	3865	review-text	in-scope: inspect before extraction/deletion	False	not-started	
docs/review/remediation/implementation/run9-prism-retag-portability.md	40df80e75469c5f3c3db273c5ada968c3283e370	2298	review-text	in-scope: inspect before extraction/deletion	False	not-started	
docs/review/remediation/implementation/run9-runtime-profile-final-checkpoint.md	efc6223decbe399a3c5124e1828536fc50247c15	2538	review-text	in-scope: inspect before extraction/deletion	False	not-started	
docs/review/remediation/implementation/run9-runtime-profile-independent-final.md	245d114c54a5ea0a8b98903e1a9c5f92b4c08788	5531	review-text	in-scope: inspect before extraction/deletion	False	not-started	
docs/review/remediation/implementation/run9-runtime-profile-independent-review.md	16b5c62d2280ee7e0edbf41715035ee4c801364f	4195	review-text	in-scope: inspect before extraction/deletion	False	not-started	
docs/review/remediation/implementation/run9-runtime-profile-no-trap.md	48c1d7998345f53bcbdbb8a59b27672c4e97a04e	7673	review-text	in-scope: inspect before extraction/deletion	False	not-started	
docs/review/remediation/implementation/run9-runtime-profile-reconciled.md	139be103c34de325303449b08314b1db59364986	4888	review-text	in-scope: inspect before extraction/deletion	False	not-started	
docs/review/remediation/implementation/run9-sdk-cache-independent-final.md	8b0389d3bf061cf5e05fdcd2f34c1be3f1af58a4	7599	review-text	in-scope: inspect before extraction/deletion	False	not-started	
docs/review/remediation/implementation/run9-sdk-root-review.md	e2ee3004d01091ead40bc37359c8d584aceacdb3	4235	review-text	in-scope: inspect before extraction/deletion	False	not-started	
docs/review/remediation/implementation/run9-supervisor-original-start.md	d2f5b5f32820957ef696067a94ad26b75dd8f13b	4232	review-text	in-scope: inspect before extraction/deletion	False	not-started	
docs/review/remediation/implementation/runtime-session-cleanup.md	efe5dce41e5b68478c7d673ae957c66c056806cd	9057	review-text	in-scope: inspect before extraction/deletion	False	not-started	
docs/review/remediation/implementation/scaffold-publication.md	342b083232c99d9053e26f8e8340cada36edf929	2484	review-text	in-scope: inspect before extraction/deletion	False	not-started	
docs/review/remediation/implementation/scaffold-regeneration.md	3170d2b0da1319c83c63ea40710b38731eebef92	2717	review-text	in-scope: inspect before extraction/deletion	False	not-started	
docs/review/remediation/implementation/sdk-checkpoint-encoding-independent-review.md	8e6437c0bc8616598090b594078f69ab33d793e7	4584	review-text	in-scope: inspect before extraction/deletion	False	not-started	
docs/review/remediation/implementation/sdk-checkpoint-encoding.md	9515143dffda6546cea00e674ff7d9baa1f7e247	4716	review-text	in-scope: inspect before extraction/deletion	False	not-started	
docs/review/remediation/implementation/sdk-effect-identity.md	e196db56f70508ce7ee31f333ec54db0fd600a1d	7546	review-text	in-scope: inspect before extraction/deletion	False	not-started	
docs/review/remediation/implementation/sdk-json-compatibility.md	8d005b4e4712ea451a4db51f8e14e4058fc03e5e	20870	review-text	in-scope: inspect before extraction/deletion	False	not-started	
docs/review/remediation/implementation/sdk-portability-plan.md	b0e3a961e215a9c0be8b7fa50ae0b3314925327b	14358	review-text	in-scope: inspect before extraction/deletion	False	not-started	
docs/review/remediation/implementation/sdk-remaining-digest-matrix.md	0d70700f87ba6b0bac8f93ff44cb49b389b35f81	3931	review-text	in-scope: inspect before extraction/deletion	False	not-started	
docs/review/remediation/implementation/sdk-source-identity.md	4cb73286351d4f80a5e7985bc63cd43e283f5b11	8091	review-text	in-scope: inspect before extraction/deletion	False	not-started	
docs/review/remediation/implementation/sdk-source-resume-recheck.md	a233f7b3a5b77432fd8f2a976a1bfb92b70bcb7b	1729	review-text	in-scope: inspect before extraction/deletion	False	not-started	
docs/review/remediation/implementation/state.md	5cd8011e1b4381b3b05b1f9db6e5b3ae4b02a6af	6764	review-text	in-scope: inspect before extraction/deletion	False	not-started	
docs/review/remediation/implementation/studio-service.md	30144c2d3075da43fe0dda9bb8c7c294d13beda1	2546	review-text	in-scope: inspect before extraction/deletion	False	not-started	
docs/review/remediation/implementation/studio-types.md	eb1e30986cdb0fae8613e1f4e49220a1c58a7b1b	3593	review-text	in-scope: inspect before extraction/deletion	False	not-started	
docs/review/remediation/implementation/tailscale-exposure.md	a86eacc2d3e092b270896cd4d996c4a5b31d266a	5954	review-text	in-scope: inspect before extraction/deletion	False	not-started	
docs/review/remediation/implementation/telemetry-release-identities.md	4aaa2fd2dec0ee1f3e19e912135eb7ad76016d7c	1886	review-text	in-scope: inspect before extraction/deletion	False	not-started	
docs/review/remediation/implementation/telemetry-store.md	75f2562d58a8c2c6811135c9a99b2fb8df29a057	4933	review-text	in-scope: inspect before extraction/deletion	False	not-started	
docs/review/remediation/implementation/telemetry.md	cadf52f786ba492dc103237eb987a76ebf4b20ef	6435	review-text	in-scope: inspect before extraction/deletion	False	not-started	
docs/review/remediation/implementation/test-provider-semantics.md	9b392275e5596dccb87e3d4d2896219b82326874	5255	review-text	in-scope: inspect before extraction/deletion	False	not-started	
docs/review/remediation/implementation/trivy-freshness.md	cafe7c54ad556bdbd327fca58807ffef807b851a	10448	review-text	in-scope: inspect before extraction/deletion	False	not-started	
docs/review/remediation/implementation/verification-secret-rbac.md	dde8a97536f857487fe1e43bac8e72cb2349c296	3184	review-text	in-scope: inspect before extraction/deletion	False	not-started	
docs/review/remediation/implementation/version-generator-integration.md	52f1c37254fe1c9d7b8ac425a21f56fd6d9811df	2407	review-text	in-scope: inspect before extraction/deletion	False	not-started	
docs/review/remediation/implementation/visual-browser-identity.md	eb82fa5a565ac147de7d4305bdbf5498cec20dcf	3547	review-text	in-scope: inspect before extraction/deletion	False	not-started	
docs/review/remediation/implementation/wave47-admission-independent-review.md	e3735f55c7e86b6d14208cf194e53ec13878e420	4637	review-text	in-scope: inspect before extraction/deletion	False	not-started	
docs/review/remediation/implementation/wave47-admission-retirement.md	076d6f550b9ccc1fb2d46fcc84c2cb5e472a120b	7956	review-text	in-scope: inspect before extraction/deletion	False	not-started	
docs/review/remediation/implementation/wave47-infrastructure.md	a6b67d8999d768c4e703c9aad58395f7daf5d60c	8809	review-text	in-scope: inspect before extraction/deletion	False	not-started	
docs/review/remediation/implementation/wave47-legacy-independent-review.md	1854b1c7be652c8d267b8f5443251a2d18c3e429	5405	review-text	in-scope: inspect before extraction/deletion	False	not-started	
docs/review/remediation/implementation/wave47-prism-reverification.md	e17d68b92c7e538bea77469904be19651126f28d	11098	review-text	in-scope: inspect before extraction/deletion	False	not-started	
docs/review/remediation/implementation/wave47-product-gates.md	72fff19174023b606ed4d7120bc5f2ad96dbc58c	11700	review-text	in-scope: inspect before extraction/deletion	False	not-started	
docs/review/remediation/implementation/wave47-project-cli-execution-entry.md	b28eef1c4bed50056a1374172f9e8ca51d92d1fa	3871	review-text	in-scope: inspect before extraction/deletion	False	not-started	
docs/review/remediation/implementation/wave47-project-cli-independent-review.md	81381e513bf820f63cf0a044faf508ffcb7f6342	6868	review-text	in-scope: inspect before extraction/deletion	False	not-started	
docs/review/remediation/implementation/wave47-retirement-snapshot-integration.md	6752132eaaadc15cfc5611eb8d5cdd6410542081	2473	review-text	in-scope: inspect before extraction/deletion	False	not-started	
docs/review/remediation/implementation/wave47-root-review.md	cc8d39caa14a1b0fe5a0e41892d71a9cc89fae44	4781	review-text	in-scope: inspect before extraction/deletion	False	not-started	
docs/review/remediation/implementation/wave47-sdk-effect-independent-review.md	ce876147ba9009454fe0af392442a6fcd113258d	5078	review-text	in-scope: inspect before extraction/deletion	False	not-started	
docs/review/remediation/implementation/wave47-sdk-independent-review.md	1f49ae56f48f941fc414e3efc0317e2965383d99	6570	review-text	in-scope: inspect before extraction/deletion	False	not-started	
docs/review/remediation/implementation/wave47-sdk-subject-independent-review.md	efbcc92593c2c3c848ad068fa42c88389d4cc1d6	6328	review-text	in-scope: inspect before extraction/deletion	False	not-started	
docs/review/remediation/implementation/wave47-store-independent-review.md	96651da5d67c395b3207fb03e86eccbd4bf96ca6	6084	review-text	in-scope: inspect before extraction/deletion	False	not-started	
docs/review/remediation/implementation/wave47-telemetry-retirement.md	de3550395f9ef93a7290c80cbaf84c55fa5b9c06	10013	review-text	in-scope: inspect before extraction/deletion	False	not-started	
docs/review/remediation/implementation/wave48-attempt-retirement-boundary.md	181f8502f5c4d9f631501047d96d8c98841a5cec	7183	review-text	in-scope: inspect before extraction/deletion	False	not-started	
docs/review/remediation/implementation/wave48-product-controller.md	f7f5f8f6bb1c6e812e98dbe1748f82596b9cb1b9	8168	review-text	in-scope: inspect before extraction/deletion	False	not-started	
docs/review/remediation/implementation/wave49-prism-control-http.md	9f2acd891e0ed085ef576e68e5dc51b8c6bcb29a	8217	review-text	in-scope: inspect before extraction/deletion	False	not-started	
docs/review/remediation/implementation/wave49-prism-control-independent-review.md	5b8e64d0b4db23840788efa4541440a65af9ed53	6953	review-text	in-scope: inspect before extraction/deletion	False	not-started	
docs/review/remediation/implementation/worker-deadline.md	543b5f1bd913bbe5e63baa8e3e05cdb46c957391	4596	review-text	in-scope: inspect before extraction/deletion	False	not-started	
docs/review/remediation/implementation/worker-terminal-resource-measurement.md	772575d0cecf72136af79d2f57a991208687a349	6555	review-text	in-scope: inspect before extraction/deletion	False	not-started	
docs/review/remediation/implementation/worker-terminal-resources-independent-review.md	3f7b7c6ce8238887fc5275fa7a4eb505feeedd55	5032	review-text	in-scope: inspect before extraction/deletion	False	not-started	
docs/review/remediation/implementation/worker-trust-operational-readiness.md	66771b00b0296bbf31a6e4fba57b25542019b00e	7128	review-text	in-scope: inspect before extraction/deletion	False	not-started	
docs/review/remediation/implementation/workflow-trust-split.md	a78f7d21f891fcfa3b5e624340b9c30b55912f63	5473	review-text	in-scope: inspect before extraction/deletion	False	not-started	
docs/review/remediation/partial-39-20260911-scope.json	b1a6e70a86743c5d02b507acd3d4a388840c81b2	1278	review-evidence-or-register	in-scope: inspect before extraction/deletion	False	not-started	
docs/review/remediation/partial-47-progress.json	ee31d410aab4b4dbfe83389fd2e7ca5099ca68c5	75252	review-evidence-or-register	in-scope: inspect before extraction/deletion	False	not-started	
docs/review/remediation/partial-47-scope.json	ae3b4c641941c7a6eac492f36e3546050b3fe8de	1190	review-evidence-or-register	in-scope: inspect before extraction/deletion	False	not-started	
docs/review/remediation/pr6-local-acceptance.json	f37794fe36e92dba355ab9ad372bcdcad655377a	50072	review-evidence-or-register	in-scope: inspect before extraction/deletion	False	not-started	
docs/review/remediation/pr6-seven-progress.json	e464600a5ac4d410ac3c1b9ebaa4cd7d229a485e	2476	review-evidence-or-register	in-scope: inspect before extraction/deletion	False	not-started	
docs/review/remediation/progress.md	aca5adba34abc812f2119f007c1542f932243a92	43750	review-text	in-scope: inspect before extraction/deletion	False	not-started	
docs/review/remediation/register.json	15d2d2b6b26d04621dc4cb82ca8bdb1e20a8672f	541135	review-evidence-or-register	in-scope: inspect before extraction/deletion	True	not-started	
docs/review/remediation/register.md	d115b86839f9e56077c7364e5ea8583eeda8a0ac	45529	review-text	in-scope: inspect before extraction/deletion	False	not-started	
docs/review/remediation/resume/README.md	bd84ed9f83a77d1ef5a304115939e9df9ff2fbbc	4970	review-text	in-scope: inspect before extraction/deletion	False	not-started	
docs/review/remediation/resume/initial-recovery-review.md	7de9dcf5d854ec2e4d423a07f0259c9b32bca1a9	1779	review-text	in-scope: inspect before extraction/deletion	False	not-started	
docs/review/remediation/resume/native-followup-39-20260911.json	1b22a3f5a7bf73e202cba4a6c3d80382993a673e	100957	review-evidence-or-register	in-scope: inspect before extraction/deletion	False	not-started	
docs/review/remediation/resume/native-followup-current-resolution.json	db5806677602ae4cae365fb30ca6b6905d3908df	13182	review-evidence-or-register	in-scope: inspect before extraction/deletion	False	not-started	
docs/review/remediation/resume/package-checkpoints.json	d51bd311817c2779fa9d374028c272a363dba8b3	3985	review-evidence-or-register	in-scope: inspect before extraction/deletion	False	not-started	
docs/review/remediation/resume/remaining-40-scheduling.json	2a3485f83b423a3d2ad81118fe6db7f4cfa67f84	36020	review-evidence-or-register	in-scope: inspect before extraction/deletion	False	not-started	
docs/review/remediation/resume/remaining-40-scheduling.md	d38b3fbf910113ba4a2106c0460b52b2d8d979da	6546	review-text	in-scope: inspect before extraction/deletion	False	not-started	
docs/review/remediation/resume/root-checkpoint.md	ea5786b24636330206abf49acf960b61116e4155	8226	review-text	in-scope: inspect before extraction/deletion	False	not-started	
docs/review/remediation/resume/run-20260909t2114.md	d50ef019cfedc0b6f60d95c43c2d3d58fa5811fd	4938	review-text	in-scope: inspect before extraction/deletion	False	not-started	
docs/review/remediation/resume/run-20260909t2146.md	ae53bb61124708f1a9ab6e5676648eb3b140ca4a	6250	review-text	in-scope: inspect before extraction/deletion	False	not-started	
docs/review/remediation/resume/run-20260909t2220.md	089b7180d46e0543d8d1961fbb6253b369ba1f35	4964	review-text	in-scope: inspect before extraction/deletion	False	not-started	
docs/review/remediation/resume/run-20260909t223837.md	d3a7077f1e624b5d3b6c78d218b3ed63f4287d0d	3467	review-text	in-scope: inspect before extraction/deletion	False	not-started	
docs/review/remediation/resume/run-20260909t225913.md	a9199c41801c065d59d468c583a89771e2142c55	4544	review-text	in-scope: inspect before extraction/deletion	False	not-started	
docs/review/remediation/resume/run-20260909t233622.md	6087ff48b076f356837c9b36a54ad624708c0999	6233	review-text	in-scope: inspect before extraction/deletion	False	not-started	
docs/review/remediation/resume/run-20260910t000837.md	8cc6889c4f4a14f5f5950bb7c4bd91a643a55055	3816	review-text	in-scope: inspect before extraction/deletion	False	not-started	
docs/review/remediation/resume/run-20260910t004317.md	8305a3eb196f924c6cbd98e3765f37b895af49ae	3106	review-text	in-scope: inspect before extraction/deletion	False	not-started	
docs/review/remediation/resume/run-20260910t015007.md	95f7f9a53476ff1b3b69d3f0f07344b2af891a1c	8012	review-text	in-scope: inspect before extraction/deletion	False	not-started	
docs/review/remediation/resume/run-20260910t021800.md	3f82879d8d2da32a2490f2eac16aa218304d9f25	10160	review-text	in-scope: inspect before extraction/deletion	False	not-started	
docs/review/remediation/resume/run-20260910t025258.md	76a41c81f69ed16f780883528911adea997b277e	10471	review-text	in-scope: inspect before extraction/deletion	False	not-started	
docs/review/remediation/resume/run-20260910t050054.md	3b689701db9807814696925210828878db7b49a1	4364	review-text	in-scope: inspect before extraction/deletion	False	not-started	
docs/review/remediation/resume/run-20260911-a51d-2h-state.json	7b13472699f4f48b4c6b9eace6942b91e6b1b1df	22620	review-evidence-or-register	in-scope: inspect before extraction/deletion	False	not-started	
docs/review/remediation/resume/run-20260911-a51d-2h.md	4da7584ea644a7e4ccace6b115749fc8c8d40e97	5727	review-text	in-scope: inspect before extraction/deletion	False	not-started	
docs/review/remediation/resume/run-20260911-a51d-resumed-state.json	b9ee126c26f2b6b113b9e27de328a7c6fcbfd698	26658	review-evidence-or-register	in-scope: inspect before extraction/deletion	False	not-started	
docs/review/remediation/resume/run-20260911-a51d-resumed.md	5e89ab4c685a4943e109a0040ce09bf751a2d641	7031	review-text	in-scope: inspect before extraction/deletion	False	not-started	
docs/review/remediation/resume/run-20260911-a51d.md	689e2ffbcc8372361e076106d9e10a235aeeccd4	4026	review-text	in-scope: inspect before extraction/deletion	False	not-started	
docs/review/remediation/resume/run-20260912-pr6-5h.json	0260ea2f16334d6db7b19d31e45f1a8a967ff333	4765	review-evidence-or-register	in-scope: inspect before extraction/deletion	False	not-started	
docs/review/remediation/resume/run2-package-backups.json	1723bfa320cf08fd3b081f2817090e1f07759655	18826	review-evidence-or-register	in-scope: inspect before extraction/deletion	False	not-started	
docs/review/remediation/resume/run2-proof-backups.json	08086459a7c4bd32bde7421db18cdb560ad9ce1c	2877	review-evidence-or-register	in-scope: inspect before extraction/deletion	False	not-started	
docs/review/remediation/resume/run3-package-checkpoints.json	d0baa5ae786870d73139f55b8b14ff6fdd3f65bb	1525	review-evidence-or-register	in-scope: inspect before extraction/deletion	False	not-started	
docs/review/remediation/resume/run4-active-packages.json	9d3ada41978a6386b7db81af68d26ffa4aba42cf	2327	review-evidence-or-register	in-scope: inspect before extraction/deletion	False	not-started	
docs/review/remediation/resume/run5-active-packages.json	a96248d15748d2e221d3e05f89b7e301dca943f9	21180	review-evidence-or-register	in-scope: inspect before extraction/deletion	False	not-started	
docs/review/remediation/resume/run6-capacity-and-next-packages.md	8751edb70303987fc446d35861a49cae097b1627	3783	review-text	in-scope: inspect before extraction/deletion	False	not-started	
docs/review/remediation/resume/run9-supervisor-checkpoint.json	11b89dca5cb407a5d8760266c544b80465e9ac92	783	review-evidence-or-register	in-scope: inspect before extraction/deletion	False	not-started	
docs/review/remediation/resume/work-items.json	380406b56d9f6a091de21e1e30867ab59e7927b5	56375	review-evidence-or-register	in-scope: inspect before extraction/deletion	False	not-started	
docs/review/remediation/validation.md	97295ee7bb6a108e26ea6b510317e56258d4fa67	2210	review-text	in-scope: inspect before extraction/deletion	False	not-started	
docs/review/remediation/work-packages.md	f243db4100695bda3e00affee18d150c9772fa00	16467	review-text	in-scope: inspect before extraction/deletion	False	not-started	
docs/review/summary.md	1cede7ffd67bda07f7349887063dddbaaeb0d91d	6443	review-text	in-scope: inspect before extraction/deletion	False	not-started	
docs/runbooks/prism-recovery.md	e448b579299ac3b91ccff65ce4a5a345ed8f8a36	485	documentation-text	in-scope	False	not-started	
docs/security/prism-threat-model.md	06c125f7539ac9d39f34e42f7aab3367525704b2	821	documentation-text	in-scope	False	not-started	
docs/security/worker-trust.md	8337b8dfe19f082cd3a14f4d09a9fe8cf1f88f90	22652	documentation-text	in-scope	False	not-started	
docs/site/README.md	deeec20a2899d369028ce48eadbc222b3f520eef	861	documentation-text	in-scope	False	not-started	
docs/site/extend/README.md	0fe6b6941b033db2d65b386c1974641075cf0ddc	870	documentation-text	in-scope	False	not-started	
docs/site/extend/first-plugin.md	a73b490fe18419a7123119c12daa1fe7d1ecbded	2061	documentation-text	in-scope	False	not-started	
docs/site/extend/plugin-catalogue/README.md	e9b7938969fc0d597be70b2b0460cb99ae968aaf	3446	documentation-text	in-scope	True	not-started	
docs/site/extend/plugin-catalogue/kubeclaw-agent-observer.md	46d83520d76f0f2fe39edfdfb9ab951f27a5477d	1793	documentation-text	in-scope	False	not-started	
docs/site/extend/plugin-catalogue/kubeclaw-prism.md	d9567952b1da485134170174808525a407254a41	1636	documentation-text	in-scope	False	not-started	
docs/site/extend/plugin-catalogue/kubeclaw.agent-observability.md	cbc3f5d87cfae510d4f8460d35ac83bb466cf8b9	2073	documentation-text	in-scope	False	not-started	
docs/site/extend/plugin-catalogue/kubeclaw.api-flow.md	df289f66b4f5b46636d5f2811c10fa5265415de5	1770	documentation-text	in-scope	False	not-started	
docs/site/extend/plugin-catalogue/kubeclaw.architecture-validator.md	7725b989e6706e1c585c7b1b25636c4280492658	1909	documentation-text	in-scope	False	not-started	
docs/site/extend/plugin-catalogue/kubeclaw.artifact-store.md	41479488b1e6fd8362e5a04173cab7d0af78a9f3	1777	documentation-text	in-scope	False	not-started	
docs/site/extend/plugin-catalogue/kubeclaw.axe.md	5d299b78eff9c577e2fb8c7da1cb90ee965a54dc	1722	documentation-text	in-scope	False	not-started	
docs/site/extend/plugin-catalogue/kubeclaw.blueprint-sync.md	37286577ff650d8e4f9b2ea07aa63ebbe7e10ba0	1840	documentation-text	in-scope	False	not-started	
docs/site/extend/plugin-catalogue/kubeclaw.buster-quality-gate.md	624d453d0e6dfed50e18f74f482568ce8ed97ebb	1880	documentation-text	in-scope	False	not-started	
docs/site/extend/plugin-catalogue/kubeclaw.case-study.md	6eef509579a56505577d805f2f3d5e04cd3fd9da	1796	documentation-text	in-scope	False	not-started	
docs/site/extend/plugin-catalogue/kubeclaw.command-runner.md	bd75ab08cd7780069906f3511cc1ef9ede6af436	1731	documentation-text	in-scope	False	not-started	
docs/site/extend/plugin-catalogue/kubeclaw.container-build.md	4bb8fcb17818454a97b43f47e89389c0bb6dcefb	1809	documentation-text	in-scope	False	not-started	
docs/site/extend/plugin-catalogue/kubeclaw.coverage-budget.md	fb0bc308b768b7c935ac2237474738fb0ee0e578	2048	documentation-text	in-scope	False	not-started	
docs/site/extend/plugin-catalogue/kubeclaw.delivery-lint.md	3b7127e10a5e38bc7df951d455101d0941729fb4	1794	documentation-text	in-scope	False	not-started	
docs/site/extend/plugin-catalogue/kubeclaw.demo-auth-smoke.md	bdb33655aaa1c44db42beaa19c42eb9c022fb696	1921	documentation-text	in-scope	False	not-started	
docs/site/extend/plugin-catalogue/kubeclaw.demo-handoff.md	92165b19c5ac9a52f87210ec0b9e839a045d91d5	2906	documentation-text	in-scope	False	not-started	
docs/site/extend/plugin-catalogue/kubeclaw.direct-command.md	989cf6bda5b80e535528b1f9a4104183d89e9933	2346	documentation-text	in-scope	False	not-started	
docs/site/extend/plugin-catalogue/kubeclaw.git-workspace.md	ba7e99d13806f49cafe536a5cfbb4a5728322b0e	1776	documentation-text	in-scope	False	not-started	
docs/site/extend/plugin-catalogue/kubeclaw.http.md	29dca7602403bc15e7f222dc1aa13e73de768245	1740	documentation-text	in-scope	False	not-started	
docs/site/extend/plugin-catalogue/kubeclaw.human-approval.md	d5b10b2d58eeba7e6ae1dd34b1f3cbb76c1e990c	2327	documentation-text	in-scope	False	not-started	
docs/site/extend/plugin-catalogue/kubeclaw.implementation-agent.md	8c947fb5c231696d61fb3c8e52ba15149debddfe	1949	documentation-text	in-scope	False	not-started	
docs/site/extend/plugin-catalogue/kubeclaw.junit-report.md	f0e3d1b0ed39cf2642383b21188f506126520a4e	1709	documentation-text	in-scope	False	not-started	
docs/site/extend/plugin-catalogue/kubeclaw.kubernetes-fixture.md	b90ed84e593754a45bc3d37654b9410fac2b812c	1995	documentation-text	in-scope	False	not-started	
docs/site/extend/plugin-catalogue/kubeclaw.lighthouse.md	33506ffce010c87a733a3b8f7d61b091f5cfce39	1806	documentation-text	in-scope	False	not-started	
docs/site/extend/plugin-catalogue/kubeclaw.lint.md	c6e0546da7ece2c504eacd6526231e40df3e12e4	2442	documentation-text	in-scope	False	not-started	
docs/site/extend/plugin-catalogue/kubeclaw.network-http.md	58e0614594857009aac6bf50e2e70a8cdd1a18d9	1702	documentation-text	in-scope	False	not-started	
docs/site/extend/plugin-catalogue/kubeclaw.notification-observer.md	f507a5904582c9c53454e9d75fc74b4bcdf76405	2141	documentation-text	in-scope	False	not-started	
docs/site/extend/plugin-catalogue/kubeclaw.openapi.md	641ee64e259015451ace659e5bc4be99d8f7ea4a	1773	documentation-text	in-scope	False	not-started	
docs/site/extend/plugin-catalogue/kubeclaw.openclaw-agent-events.md	a7bdeac29e41e942b45ec9060fad87d6ec57fab6	1783	documentation-text	in-scope	False	not-started	
docs/site/extend/plugin-catalogue/kubeclaw.operator-messaging.md	9b98068ceed9791a196b65b457f419897dfddbac	1809	documentation-text	in-scope	False	not-started	
docs/site/extend/plugin-catalogue/kubeclaw.pipeline-review.md	b76f1689c63cb312b715f6885863f92734e60759	2181	documentation-text	in-scope	False	not-started	
docs/site/extend/plugin-catalogue/kubeclaw.playwright.md	eec37d48c3c13cba993709c9ffa639202b29a336	1806	documentation-text	in-scope	False	not-started	
docs/site/extend/plugin-catalogue/kubeclaw.preflight-contract.md	4b701ad7be4d4fe37a683485fcd749fc6fb990f7	2262	documentation-text	in-scope	False	not-started	
docs/site/extend/plugin-catalogue/kubeclaw.prism-design.md	00f5ccdce37d3a30e8495d0c3798f43a1bdbbb2b	1821	documentation-text	in-scope	False	not-started	
docs/site/extend/plugin-catalogue/kubeclaw.project-summary.md	c9e9a03bb6852833608fe77a2890630505cf59a3	1809	documentation-text	in-scope	False	not-started	
docs/site/extend/plugin-catalogue/kubeclaw.redis-transport.md	1b47ca33dd5e9c4355fa6fe729448ec35ba2a288	2101	documentation-text	in-scope	False	not-started	
docs/site/extend/plugin-catalogue/kubeclaw.remote-test-gate.md	a72f57342b1fd0aca5c92ce10722793d545ac956	2080	documentation-text	in-scope	False	not-started	
docs/site/extend/plugin-catalogue/kubeclaw.repository-adapter.md	eef0ff0dba97fc99d5b293e59621a56da84828e4	1765	documentation-text	in-scope	False	not-started	
docs/site/extend/plugin-catalogue/kubeclaw.review.md	458f787db87d73a653f202a9c2fa08e61809222d	2875	documentation-text	in-scope	False	not-started	
docs/site/extend/plugin-catalogue/kubeclaw.runtime-dispatch.md	6f63da90ada9cc2413e7c273d38621b0fb8c60f5	2152	documentation-text	in-scope	False	not-started	
docs/site/extend/plugin-catalogue/kubeclaw.secret-resolver.md	73cdeae0ce75441cc34f8c9084291937ea63a2f4	1735	documentation-text	in-scope	False	not-started	
docs/site/extend/plugin-catalogue/kubeclaw.security-providers.md	f722ccd29f358bb962505ec4e82b27d9b566c182	3537	documentation-text	in-scope	False	not-started	
docs/site/extend/plugin-catalogue/kubeclaw.size-budget.md	42533e16ca0c840580c6c12d7eceaab230ac20c5	1849	documentation-text	in-scope	False	not-started	
docs/site/extend/plugin-catalogue/kubeclaw.state-store.md	624abe4b32a94ee63b9b4af54f64a72139692adf	1713	documentation-text	in-scope	False	not-started	
docs/site/extend/plugin-catalogue/kubeclaw.tailscale-exposure.md	c9177035e4389ba5c0677d58076e1336a444e6dc	1886	documentation-text	in-scope	False	not-started	
docs/site/extend/plugin-catalogue/kubeclaw.telemetry-observer.md	e5a81f0ead4414879f241c05c440120493dff45b	1768	documentation-text	in-scope	False	not-started	
docs/site/extend/plugin-catalogue/kubeclaw.telemetry-store.md	4ac45ccb5fcabb5d46af2c432b93e616a9bfc6a6	1745	documentation-text	in-scope	False	not-started	
docs/site/extend/plugin-catalogue/kubeclaw.transport-publisher.md	80047cb5babd7201e36bef3ea6524b066bfb2bf6	1801	documentation-text	in-scope	False	not-started	
docs/site/extend/plugin-catalogue/kubeclaw.visual.md	0339425f769adaf1e0ee4a78b3c1eae7fae8d52e	1758	documentation-text	in-scope	False	not-started	
docs/site/extend/plugin-catalogue/kubeclaw.wait-store.md	0c85deb3704b8806517204ff75f3dff62d3e537d	1691	documentation-text	in-scope	False	not-started	
docs/site/extend/testing.md	9b86fb3378791c568d65a59bfc1468c977ef65ff	942	documentation-text	in-scope	False	not-started	
docs/site/reference/capabilities.md	60631c87156476693d1fedb60902c2ba93628631	6525	documentation-text	in-scope	False	not-started	
docs/site/status/current.md	17c70414e2f565ed24ca2332b5e818ab452a3cc4	1140	documentation-text	in-scope	True	not-started	
docs/site/understand/README.md	23361639faa0fb53b53e6f9c851458b82ba9892b	1061	documentation-text	in-scope	False	not-started	
docs/site/understand/request-to-result.md	f551ea45b04119f8cbf415e80b8c291ec5cef64b	1311	documentation-text	in-scope	False	not-started	
docs/site/understand/worker-trust.md	deab6cadae67e1a3ef7e715b14b48b05bcf2c465	5187	documentation-text	in-scope	False	not-started	
docs/site/use/README.md	2549f7c0b7cf9e8e3d2868fa79248ec7924be406	692	documentation-text	in-scope	False	not-started	
docs/site/use/quickstart.md	8c090bc3cc371f7368f2309838194fec6727766d	1324	documentation-text	in-scope	False	not-started	
docs/site/use/recovery.md	24d6cd445df4e343eb51d6e537bbfe90a3f05eee	1419	documentation-text	in-scope	False	not-started	
docs/site/use/worker-trust.md	b8329379b8f71b5e81bd88f69de075167976e6d5	3219	documentation-text	in-scope	False	not-started	
docs/spikes/prism-foundation-spikes.md	99732ed402378b43024b31efd4983863db844995	9976	documentation-text	in-scope	False	not-started	
docs/user-guides/prism-studio.md	c0c0766ee55ef7cd4ed9418ec374aae217139d97	1050	documentation-text	in-scope	False	not-started	
examples/buster-values.yaml	672632e26ecf772faae02c31c03b96714fbd7ceb	783	implementation-or-test-data	context: not an editorial deletion candidate	False	not-started	
examples/cilium/project-network-policy.yaml	dd655e686b139dc6613e9b4456e474b51bb2358f	1770	implementation-or-test-data	context: not an editorial deletion candidate	False	not-started	
examples/nova-values.yaml	96b35cc465f66cb178a8b9ae69db93600c60c8cb	7255	implementation-or-test-data	context: not an editorial deletion candidate	False	not-started	
examples/progress.json	537520c509cbb53be4e0b6a9ae7e569353467be5	28182	implementation-or-test-data	context: not an editorial deletion candidate	False	not-started	
examples/status_example.json	249f1770edf84952b29fbfe87c9bdc179b061f04	689	implementation-or-test-data	context: not an editorial deletion candidate	False	not-started	
examples/test-spec-example.json	2e81531cfc01b9ea756273774fff58078036bd38	1237	implementation-or-test-data	context: not an editorial deletion candidate	False	not-started	
go.mod	f6b5e6001e691343ebb1ba36e0749ae42acbb81c	43	implementation-or-test-data	context: not an editorial deletion candidate	False	not-started	
my-values/buster-values.yaml	ca8638c8ce002fec2ac2b68c53a2bcf4f9e36f51	7768	implementation-or-tooling	context: sources and migration consumers, not editorial deletion candidates	False	not-started	
my-values/infra/argocd-tailscale-ingress.yaml	edc0f0a6ddeb03ca3d9456c3f2f410911283d0be	253	implementation-or-tooling	context: sources and migration consumers, not editorial deletion candidates	False	not-started	
my-values/infra/argocd-values.yaml	32f4ab0531d42a10da5d4b18126d9482060da585	378	implementation-or-tooling	context: sources and migration consumers, not editorial deletion candidates	False	not-started	
my-values/infra/buster-namespace-fence.yaml	81501f9e6d3cad1c72e7aaabd66f191573d014bc	4563	implementation-or-tooling	context: sources and migration consumers, not editorial deletion candidates	False	not-started	
my-values/infra/cilium-cluster-policies.yaml	46401d82faaab5f1c4f0097b6af5744c19a5593d	4313	implementation-or-tooling	context: sources and migration consumers, not editorial deletion candidates	False	not-started	
my-values/infra/cilium-values.yaml	ed44878c22cc0771e52f2bf84fd87fc140c84e41	1789	implementation-or-tooling	context: sources and migration consumers, not editorial deletion candidates	False	not-started	
my-values/infra/k3s-registries.yaml	d3f0e1418381cf5f7c8000aa2530b06f3eca9c4e	362	implementation-or-tooling	context: sources and migration consumers, not editorial deletion candidates	False	not-started	
my-values/infra/litellm-config.yaml	d8a769f0b2e78bef713cbc89a500989597ab27da	377	implementation-or-tooling	context: sources and migration consumers, not editorial deletion candidates	False	not-started	
my-values/infra/litellm-deployment.yaml	f55d3b051e3b775f8fa85465e9742ffb7fe99290	2700	implementation-or-tooling	context: sources and migration consumers, not editorial deletion candidates	False	not-started	
my-values/infra/litellm-values.yaml	7732dbfc6bfb98b94113dd1dfeb141c7de594ec7	258	implementation-or-tooling	context: sources and migration consumers, not editorial deletion candidates	False	not-started	
my-values/infra/native-worker-pools.yaml	432ff3b27da72a6276f06240fe48dd1f80d273f2	831	implementation-or-tooling	context: sources and migration consumers, not editorial deletion candidates	False	not-started	
my-values/infra/network-policies.yaml	f85d44489e54d52480f30aaf0eee6cba33602a6e	10488	implementation-or-tooling	context: sources and migration consumers, not editorial deletion candidates	False	not-started	
my-values/infra/ops-mcp-network-policies.yaml	b36d14a81d51b231baca5e6a60f9fcddcb5af6e2	2084	implementation-or-tooling	context: sources and migration consumers, not editorial deletion candidates	False	not-started	removed
my-values/infra/ops-mcp-tunnel.yaml	f587051700c057e9329b7a6b8eb022532815dccd	2755	implementation-or-tooling	context: sources and migration consumers, not editorial deletion candidates	False	not-started	removed
my-values/infra/ops-mcp.yaml	9462615afa9dfbef947ef0ca4001aa6b9ddd7dc2	4219	implementation-or-tooling	context: sources and migration consumers, not editorial deletion candidates	False	not-started	removed
my-values/infra/postgresql-recovery.yaml	1c85689404ec1b833291a994556e6e5e1e43eaf6	445	implementation-or-tooling	context: sources and migration consumers, not editorial deletion candidates	False	not-started	
my-values/infra/postgresql-values.yaml	13c019983bfd0fe2e53f13a38305dfe154552ccc	502	implementation-or-tooling	context: sources and migration consumers, not editorial deletion candidates	False	not-started	
my-values/infra/qdrant-values.yaml	69b1099f8f7a53088ee68b5ed3ff1158af2fa9d8	1549	implementation-or-tooling	context: sources and migration consumers, not editorial deletion candidates	False	not-started	
my-values/infra/redis-values.yaml	5b83922b0b232eeef9a027248bc412017e507d7f	843	implementation-or-tooling	context: sources and migration consumers, not editorial deletion candidates	False	not-started	
my-values/infra/registry-local.yaml	1485bd195e6e30a627fb2504ad171e369b647103	2468	implementation-or-tooling	context: sources and migration consumers, not editorial deletion candidates	False	not-started	
my-values/infra/registry-mirror.yaml	adb809d6d03cd37c14a5f39d026210a283782350	2531	implementation-or-tooling	context: sources and migration consumers, not editorial deletion candidates	False	not-started	
my-values/infra/spire-network-policies.yaml	cbf27bd855e3b88b6a1234662c4c1679f91c1c3b	3025	implementation-or-tooling	context: sources and migration consumers, not editorial deletion candidates	False	not-started	
my-values/infra/spire-values.yaml	16e827bbed54c8c9868fe7850a79fe12b90e6a58	1407	implementation-or-tooling	context: sources and migration consumers, not editorial deletion candidates	False	not-started	
my-values/infra/tailscale-operator-values.yaml	9f85cce16722fe7633f83eb75f12d3c6fbf5c78c	931	implementation-or-tooling	context: sources and migration consumers, not editorial deletion candidates	False	not-started	
my-values/nova-values.yaml	ef565e15332a9ae162e0362ca550575808e55481	10170	implementation-or-tooling	context: sources and migration consumers, not editorial deletion candidates	False	not-started	
my-values/prism-agent-values.yaml	ad3d3e48067305b7be049a3f36a58f312814e39a	4012	implementation-or-tooling	context: sources and migration consumers, not editorial deletion candidates	False	not-started	
my-values/prism-values.yaml	754ca7701f45abce6c4307081229985195966e51	1849	implementation-or-tooling	context: sources and migration consumers, not editorial deletion candidates	False	not-started	
my-values/setup-secrets.sh	76724707570f15363d7b305fb50e7fe3488502de	39887	implementation-or-tooling	context: sources and migration consumers, not editorial deletion candidates	False	not-started	
ops/pod/.dockerignore	8a2e51d56ade964e6beb09d6b235b4708d2a2df9	67	implementation-or-test-data	context: not an editorial deletion candidate	False	not-started	
ops/pod/Dockerfile	b710dde831d384b2245affe33ca148c5f62ce984	4260	implementation-or-test-data	context: not an editorial deletion candidate	False	not-started	
ops/pod/bootstrap.py	7b97b82374230cc49fcea8b01e0735bfa457da5e	4053	implementation-or-test-data	context: not an editorial deletion candidate	False	not-started	
ops/pod/config.toml	d6a053bea33744723af0d72f76e10db415dcbd92	447	implementation-or-test-data	context: not an editorial deletion candidate	False	not-started	
ops/pod/gh-build/README.md	1a31fe6901a144d4b2919d52ac6cba78fad9f4fc	632	component-or-root-documentation	in-scope	False	not-started	
ops/pod/gh-build/go.mod	f34cf3437580fc5b998a601c7c0f2c0f4b461f9f	9021	implementation-or-test-data	context: not an editorial deletion candidate	False	not-started	
ops/pod/gh-build/go.sum	329fd3ad14383fc0731c02af3b2052760bd5f053	60856	implementation-or-test-data	context: not an editorial deletion candidate	False	not-started	
ops/pod/kubectl-build/LICENSE	d645695673349e3947e8e5ae42332d0ac3164cd7	11358	license	excluded: legal license text	False	not-started	
ops/pod/kubectl-build/README.md	cb02a2a9818510b6fae2ddd2e7edb42ade77b32e	946	component-or-root-documentation	in-scope	False	not-started	
ops/pod/kubectl-build/go.mod	023582f73f80bb77d9f561f5ab350cf56b674b57	4386	implementation-or-test-data	context: not an editorial deletion candidate	False	not-started	
ops/pod/kubectl-build/go.sum	3ae585e4b9425a38bf106ecb01305a00f1835dc1	29984	implementation-or-test-data	context: not an editorial deletion candidate	False	not-started	
ops/pod/kubectl-build/main.go	4351585e684a1a234768a81135050d4caf172bb5	1459	implementation-or-test-data	context: not an editorial deletion candidate	False	not-started	
ops/pod/kubectl-build/verify-version.sh	a30fe6ab5f7e9ea16a48f90254ab3bc96a3093de	944	implementation-or-test-data	context: not an editorial deletion candidate	False	not-started	
ops/pod/package-lock.json	642baf7762f606a55e0b0343047e59e3e5d0d6de	4755	implementation-or-test-data	context: not an editorial deletion candidate	False	not-started	
ops/pod/package.json	aa9e0f03c9eaef71c493d2ef32aa422a91a59afd	229	implementation-or-test-data	context: not an editorial deletion candidate	False	not-started	
ops/pod/shell.sh	9b803ab23acf8e8c84ff785a4cb8d89e0f900c38	345	implementation-or-test-data	context: not an editorial deletion candidate	False	not-started	
ops/pod/supervisor.py	8e17b21b76554283f4219d4cb373acb4e6d2d833	3103	implementation-or-test-data	context: not an editorial deletion candidate	False	not-started	
ops/pod/test-image.sh	0b011a734a06ee1bac483c9080eab00818542f92	2289	implementation-or-test-data	context: not an editorial deletion candidate	False	not-started	
ops/pod/test/deployment.test.mjs	6552f74a0bc92adc19bf28cd183a2f0a15d0fd71	5548	implementation-or-test-data	context: not an editorial deletion candidate	False	not-started	
ops/pod/test/kubectl-versions.test.mjs	0f84b3bdebe82f62cebdc8d255bcad355d6df0f1	2715	implementation-or-test-data	context: not an editorial deletion candidate	False	not-started	
ops/pod/verify.py	ea57f3bced8fad5c4e7aa02db1d3b00efc1738f5	1766	implementation-or-test-data	context: not an editorial deletion candidate	False	not-started	
package-lock.json	88d2ed1973970fd978339b5fc30bc6762d2f8aa7	277178	implementation-or-test-data	context: not an editorial deletion candidate	False	not-started	
package.json	1d1ebded1bbc449f3698d246d2f15ab45e5ab472	42297	implementation-or-test-data	context: not an editorial deletion candidate	True	not-started	
packaging/runtime/external-capabilities.json	f03d5ad0d75f715a12e111ad2cdb6b455b1b7314	496	implementation-or-tooling	context: sources and migration consumers, not editorial deletion candidates	True	not-started	
packaging/runtime/package-ownership.json	b1c7215f732ee1f50a9ab20141ac2f095c13e237	5597	implementation-or-tooling	context: sources and migration consumers, not editorial deletion candidates	True	not-started	
packaging/runtime/roles/buster.json	394ffa490550febd0dd6845929e6754b69833fac	1678	implementation-or-tooling	context: sources and migration consumers, not editorial deletion candidates	True	not-started	
packaging/runtime/roles/nova.json	c1ed9f413331b956beb448f3c22ac7c95a4adb5c	1710	implementation-or-tooling	context: sources and migration consumers, not editorial deletion candidates	True	not-started	
packaging/runtime/roles/prism.json	0fb1f2c4224c0c75c6d711dce05168379a9877e5	948	implementation-or-tooling	context: sources and migration consumers, not editorial deletion candidates	True	not-started	
plugins/kubeclaw-ops/.codex-plugin/plugin.json	d08049eb5331119e8cd06cbe62aec6274d36faa0	1149	implementation-or-test-data	context: not an editorial deletion candidate	True	not-started	
plugins/kubeclaw-ops/skills/troubleshoot/SKILL.md	ab18c485e70346b3ee5806e15a9f15d3b8ea111f	3216	agent-instructions	in-scope: instructions, not a product tutorial	True	not-started	
releases/ops-images.json	4bdb0ec2da90a7e9274e0b90f7fca56f98352eb8	402	implementation-or-test-data	context: not an editorial deletion candidate	False	not-started	
releases/values/ops.yaml	b580c731ae67a50a1310c702367b7fc8a4aedd1c	350	implementation-or-test-data	context: not an editorial deletion candidate	False	not-started	
renovate.json	2522839c1c66e464a744c05b5719d2a97ee963dd	16088	implementation-or-test-data	context: not an editorial deletion candidate	False	not-started	
scripts/bootstrap-prism-tests.sh	895f1fd89f41d855519147a4aa763cf6daa79073	475	implementation-or-tooling	context: sources and migration consumers, not editorial deletion candidates	True	not-started	
scripts/build-native-worker-nri.mjs	b1f46c16dfd00ecc42edcbb4f614a5e4518124a7	1102	implementation-or-tooling	context: sources and migration consumers, not editorial deletion candidates	True	not-started	
scripts/build-plugin-sandbox.mjs	f613e045f366f28c4ee4c8145301cadf3eae53f9	730	implementation-or-tooling	context: sources and migration consumers, not editorial deletion candidates	True	not-started	
scripts/build-runtime-role-bundle.mjs	865f9d9b25776ef6b21a6705adcdf6a506a5d796	13961	implementation-or-tooling	context: sources and migration consumers, not editorial deletion candidates	True	not-started	
scripts/build-v2-plugins.mjs	e5f7b46519c10de1099bd92f438b9130118f6efc	1855	implementation-or-tooling	context: sources and migration consumers, not editorial deletion candidates	True	not-started	
scripts/check-action-pins.mjs	64d14e341f699ac4bcd01e6fdee2df315855f79f	3393	implementation-or-tooling	context: sources and migration consumers, not editorial deletion candidates	True	not-started	
scripts/check-built-runtime-image.sh	f3195fc969e5ebf591ec3449f0581946292d2ac7	1778	implementation-or-tooling	context: sources and migration consumers, not editorial deletion candidates	True	not-started	
scripts/check-erasable-typescript.mjs	52eb26f40e8ddfff429f0899ce83970abdd4a74b	4107	implementation-or-tooling	context: sources and migration consumers, not editorial deletion candidates	True	not-started	
scripts/check-materialized-tree.mjs	74e6ac2f14eacf729e5d373185b485e6a613603d	1578	implementation-or-tooling	context: sources and migration consumers, not editorial deletion candidates	True	not-started	
scripts/check-role-image.sh	fd9a1abe3ef6e8f9c592eec2869f002757e764bf	3875	implementation-or-tooling	context: sources and migration consumers, not editorial deletion candidates	True	not-started	
scripts/check-runtime-package-ownership.mjs	c35fa971f84a39c3d8235504914cf9672347ecc2	8407	implementation-or-tooling	context: sources and migration consumers, not editorial deletion candidates	True	not-started	
scripts/check-runtime-role-manifests.mjs	0615195a399f901a54080fde5fa601a2d514179d	9559	implementation-or-tooling	context: sources and migration consumers, not editorial deletion candidates	True	not-started	
scripts/check-suite-migration-workflow.mjs	99419e798c7338b873a1a2fbfc5a168e1d5ebc78	23322	implementation-or-tooling	context: sources and migration consumers, not editorial deletion candidates	True	not-started	
scripts/check-suite-parity-ledger.mjs	d67b87f4cf1c0b64c6a95fb79694aa4dff2152d0	4419	implementation-or-tooling	context: sources and migration consumers, not editorial deletion candidates	True	not-started	
scripts/check-workflow-yaml.mjs	dc99dab8cb5b2964f4153bae82f90c5ac8864809	501	implementation-or-tooling	context: sources and migration consumers, not editorial deletion candidates	True	not-started	
scripts/cleanup-consolidated-branches.py	817db365da6e2d53f3fd0de559f246b2fca8d6c3	3275	implementation-or-tooling	context: sources and migration consumers, not editorial deletion candidates	True	not-started	
scripts/compact-buster-job.mjs	c28caecf8124a64a84883864d0a0454e18341847	3581	implementation-or-tooling	context: sources and migration consumers, not editorial deletion candidates	True	not-started	
scripts/deploy-argocd.sh	332b34f4b7eba9094614160746ddaf6517f7aa56	1775	implementation-or-tooling	context: sources and migration consumers, not editorial deletion candidates	True	not-started	
scripts/deploy-cilium.sh	ed7bf15c5d60d6a95ce16c14b0216b043d57bbc7	3420	implementation-or-tooling	context: sources and migration consumers, not editorial deletion candidates	True	not-started	
scripts/deploy-ops-mcp.sh	01bbabab8fd0f9c1acd90669d2a32eac3dbfb29a	2185	implementation-or-tooling	context: sources and migration consumers, not editorial deletion candidates	True	not-started	removed
scripts/deploy-ops-pod.sh	6bbba3be603aa6cb55d1da5680b3ca134aeafff3	3574	implementation-or-tooling	context: sources and migration consumers, not editorial deletion candidates	True	not-started	
scripts/deploy.sh	6b686258eff2b5afe4cf969bde01707af55e4445	149000	implementation-or-tooling	context: sources and migration consumers, not editorial deletion candidates	True	not-started	
scripts/docs-blueprint-generate.mjs	b96253e48c7d09c5b0f5f9330dd12e9cfb4a8ba7	20337	implementation-or-tooling	context: sources and migration consumers, not editorial deletion candidates	True	not-started	
scripts/docs-check-coverage.mjs	1c0408c7890d2d861d85bf5dfa12df2a762d97b0	1662	implementation-or-tooling	context: sources and migration consumers, not editorial deletion candidates	True	not-started	
scripts/docs-check-refs.mjs	4ccce582026ce19d05dfa174c3dc7fa866b78964	5322	implementation-or-tooling	context: sources and migration consumers, not editorial deletion candidates	True	not-started	
scripts/docs-check.mjs	b7bfc7d8a102aea408624f66e02d39cc358119e7	5226	implementation-or-tooling	context: sources and migration consumers, not editorial deletion candidates	True	not-started	
scripts/docs-generate-core.mjs	b5dce6398db6615e51a01a9d6279a341b6536bc9	6339	implementation-or-tooling	context: sources and migration consumers, not editorial deletion candidates	True	not-started	
scripts/docs-generate.mjs	67c3ac029300a97c219d8032f11491a66722fd6c	12419	implementation-or-tooling	context: sources and migration consumers, not editorial deletion candidates	True	not-started	
scripts/docs-inventory.mjs	ad359dd5db324ceb8ed0a87e3dd382a48b6d890f	8993	implementation-or-tooling	context: sources and migration consumers, not editorial deletion candidates	True	not-started	
scripts/docs-publication.mjs	652741675fd956f2cbdf21d641edef504fbf6844	19262	implementation-or-tooling	context: sources and migration consumers, not editorial deletion candidates	True	not-started	
scripts/docs-secret-inventory.mjs	1333b5bf4b0fa85e00e3804be12f1641493d761f	4337	implementation-or-tooling	context: sources and migration consumers, not editorial deletion candidates	True	not-started	
scripts/docs-yaml-inventory.mjs	a80ef6c7b7151ecd9b5550d15194fdd1f0bb24e3	965	implementation-or-tooling	context: sources and migration consumers, not editorial deletion candidates	True	not-started	
scripts/format-repository-review-status.mjs	a80ea53a67ae8d2ebaf1de96a6794031e72abf41	6563	implementation-or-tooling	context: sources and migration consumers, not editorial deletion candidates	True	not-started	
scripts/generate-knip-config.mjs	cd681696e4860c6aefe46de19794240323e90c34	7662	implementation-or-tooling	context: sources and migration consumers, not editorial deletion candidates	True	not-started	
scripts/generate-plugin-sdk-types.mjs	f17c3cf186db6c0cbe72424595aee5174024ffcd	1804	implementation-or-tooling	context: sources and migration consumers, not editorial deletion candidates	True	not-started	
scripts/generate-real-e2e-visual-baseline.mjs	a2350d9b78dbae300796b3cd5b89c5b8f59f1e00	2827	implementation-or-tooling	context: sources and migration consumers, not editorial deletion candidates	True	not-started	
scripts/generate-suite-migration-status.mjs	40b12e41aaa12e1fc44bbd4fb4290dd64db4f8f2	1915	implementation-or-tooling	context: sources and migration consumers, not editorial deletion candidates	True	not-started	
scripts/generate-telemetry-contracts.mjs	fe38b45f618d44c36cf3e95f48c9f35133d62e56	23622	implementation-or-tooling	context: sources and migration consumers, not editorial deletion candidates	True	not-started	
scripts/gitops-bundle.mjs	6eb88ee98ef3ce2a174b61bcdc17cb0860f945a9	7764	implementation-or-tooling	context: sources and migration consumers, not editorial deletion candidates	True	not-started	
scripts/gitops-owner.mjs	85a2a7e82367b920477766107221baa7d8dcfe54	2272	implementation-or-tooling	context: sources and migration consumers, not editorial deletion candidates	True	not-started	
scripts/gitops.mjs	8b752cefd9fa8137638bdb351b58190d53c94aff	14281	implementation-or-tooling	context: sources and migration consumers, not editorial deletion candidates	True	not-started	
scripts/infrastructure-chart-lock.mjs	4e3c17d65c288e8d64f21ad2bbf834526d655bb6	1271	implementation-or-tooling	context: sources and migration consumers, not editorial deletion candidates	True	not-started	
scripts/infrastructure-chart.mjs	11dc622fc782ad667bac936af3f4bbf6e8d35588	3579	implementation-or-tooling	context: sources and migration consumers, not editorial deletion candidates	True	not-started	
scripts/infrastructure-image-renderer.mjs	e6d5f76c03362bc3ac6850b19e6904e7fcae897d	3208	implementation-or-tooling	context: sources and migration consumers, not editorial deletion candidates	True	not-started	
scripts/infrastructure-oci-chart.mjs	83722c913ba253a06b1846c50ad8e43c4a61116e	2842	implementation-or-tooling	context: sources and migration consumers, not editorial deletion candidates	True	not-started	
scripts/infrastructure-release.mjs	2be14faceed0e6ee6b25026b65702d18cd129fee	2675	implementation-or-tooling	context: sources and migration consumers, not editorial deletion candidates	True	not-started	
scripts/kubernetes-api-probe.mjs	f98a012fa462548afa5f8ebe0cd3b8ac15ff3444	3512	implementation-or-tooling	context: sources and migration consumers, not editorial deletion candidates	True	not-started	
scripts/lib/plugin-parity-evidence-paths.mjs	e4db4b88c81aa4f6c260964d482242df48c51b3f	1941	implementation-or-tooling	context: sources and migration consumers, not editorial deletion candidates	True	not-started	
scripts/lib/repository-review-run-root.mjs	13313b6e4e867e5d064e5ef39dcf0852b8210e1a	2356	implementation-or-tooling	context: sources and migration consumers, not editorial deletion candidates	True	not-started	
scripts/lib/repository-review-supervisor-heartbeat.mjs	010d2cb20f1b952d88f0090cc432f1a3b2cb8edb	2844	implementation-or-tooling	context: sources and migration consumers, not editorial deletion candidates	True	not-started	
scripts/lib/repository-review-supervisor-state.mjs	3cac71b8b59767dc9fadec48b40b49d57c535961	2379	implementation-or-tooling	context: sources and migration consumers, not editorial deletion candidates	True	not-started	
scripts/lib/telemetry-type-generation.mjs	7abab31e5bc68e88a87b1334fcc2a38ea0b2ec90	5589	implementation-or-tooling	context: sources and migration consumers, not editorial deletion candidates	True	not-started	
scripts/lint-baseline-prune.mjs	ad29afbb20b6849e273f507d764687886e69a4f4	2756	implementation-or-tooling	context: sources and migration consumers, not editorial deletion candidates	True	not-started	
scripts/lint-baseline-update.mjs	de889603764963b3001bb28d0e67939fb7a7ea03	3861	implementation-or-tooling	context: sources and migration consumers, not editorial deletion candidates	True	not-started	
scripts/migrate-kubeclaw-network-policies-to-cilium.sh	a185c3ee1f8ab9322de5cb6d7b79b46a400c9bf4	4529	implementation-or-tooling	context: sources and migration consumers, not editorial deletion candidates	True	not-started	modified
scripts/native-worker-deployment-preflight.mjs	b4e88bf3abd327a0343b1cfd35f81f97b735f4ec	2876	implementation-or-tooling	context: sources and migration consumers, not editorial deletion candidates	True	not-started	
scripts/native-worker-node-capacity.mjs	9c208f45639af45e2a583242cd03876b1cdb7cae	4800	implementation-or-tooling	context: sources and migration consumers, not editorial deletion candidates	True	not-started	
scripts/native-worker-node-policy.mjs	9bf8f0ab00d19d46b72347b01934b8420c5131e6	3383	implementation-or-tooling	context: sources and migration consumers, not editorial deletion candidates	True	not-started	
scripts/native-worker-node-preflight.mjs	a10dea0c080dae55909997261657966f7485fe05	3405	implementation-or-tooling	context: sources and migration consumers, not editorial deletion candidates	True	not-started	
scripts/observability-retirement-plan.mjs	ec5af8678581738ca735c5ec3ca4e8c1103aedb9	8994	implementation-or-tooling	context: sources and migration consumers, not editorial deletion candidates	True	not-started	
scripts/observability-retirement/dispatch.mjs	e6601a38a2ddb6d942dcc23f2877966195096609	15837	implementation-or-tooling	context: sources and migration consumers, not editorial deletion candidates	True	not-started	
scripts/observability-retirement/files.mjs	2085e06c0362b48ed675f74149461b1db1da5d0d	6853	implementation-or-tooling	context: sources and migration consumers, not editorial deletion candidates	True	not-started	
scripts/observability-retirement/journals.mjs	d12eaa38dbc6e0eaa12c59adf29f97e4b3a2e939	4727	implementation-or-tooling	context: sources and migration consumers, not editorial deletion candidates	True	not-started	
scripts/observability-retirement/operator-authority.mjs	413ae898600ec129b17d9cda16d99c880b5e70c2	12083	implementation-or-tooling	context: sources and migration consumers, not editorial deletion candidates	True	not-started	
scripts/observability-retirement/stores.mjs	135b006fc9bf72f21f8a3bb99a5f5426fa760f50	11003	implementation-or-tooling	context: sources and migration consumers, not editorial deletion candidates	True	not-started	
scripts/openclaw-concurrency-preflight.mjs	36ed656bba27f14b2cb61a9f2b81968d2c6eb276	9201	implementation-or-tooling	context: sources and migration consumers, not editorial deletion candidates	True	not-started	
scripts/package-agent-skill-bundle.sh	67a83780612567a086ee1fac7b7ff2c5ec6d837e	1128	implementation-or-tooling	context: sources and migration consumers, not editorial deletion candidates	True	not-started	
scripts/pipeline-light-openclaw-notify.sh	6357da055fcd80a0c82e4d79767384e821cf4fea	5270	implementation-or-tooling	context: sources and migration consumers, not editorial deletion candidates	True	not-started	
scripts/pipeline-light-watchdog.sh	ea72c56cffbd36c98cab1cbc20d30efb4728e72d	5371	implementation-or-tooling	context: sources and migration consumers, not editorial deletion candidates	True	not-started	
scripts/pipeline-unit-parity-report.mjs	341108f9cab594b440ecad2bdbd9b1951c46409e	1896	implementation-or-tooling	context: sources and migration consumers, not editorial deletion candidates	True	not-started	
scripts/plugin-system-inventory.mjs	790d5eb177cb0c91e7fbfc06e94a32383d0bc004	6371	implementation-or-tooling	context: sources and migration consumers, not editorial deletion candidates	True	not-started	
scripts/postgresql-recovery-preflight.mjs	2d10726ef5569ceb3348a68f313d8afcdab372fb	1612	implementation-or-tooling	context: sources and migration consumers, not editorial deletion candidates	True	not-started	
scripts/postgresql-recovery.sh	285ee3ed1792b86ca55bb0b8f1b381eb56aab403	10599	implementation-or-tooling	context: sources and migration consumers, not editorial deletion candidates	True	not-started	
scripts/prepare-image-build-runner.sh	d3c4c29babe56ed8d84bc04190ec116d7c9f1742	751	implementation-or-tooling	context: sources and migration consumers, not editorial deletion candidates	True	not-started	
scripts/prepare-native-worker-pools.mjs	6275aa407a8cadc17fbe4570af4a647d6ddc0415	6250	implementation-or-tooling	context: sources and migration consumers, not editorial deletion candidates	True	not-started	
scripts/prepare-reliability-services.sh	dd5e8c991682fb1561f82622a6a1b569cb1e9dc0	2060	implementation-or-tooling	context: sources and migration consumers, not editorial deletion candidates	True	not-started	
scripts/production-receipt-attestation.d.mts	b09e67f99806f01b0f7b0ddce04067b96c481a20	825	implementation-or-tooling	context: sources and migration consumers, not editorial deletion candidates	True	not-started	
scripts/production-receipt-attestation.mjs	fafd5b98b8ffd5c6318eca99cf0b159225a226b2	15538	implementation-or-tooling	context: sources and migration consumers, not editorial deletion candidates	True	not-started	
scripts/qdrant-client.mjs	b5aa12cb9f8d5307d4446eb74f33fd6bd9223548	3006	implementation-or-tooling	context: sources and migration consumers, not editorial deletion candidates	True	not-started	
scripts/qdrant-restore.mjs	9b418363a34fa94667516f567cd2794a19e50735	4867	implementation-or-tooling	context: sources and migration consumers, not editorial deletion candidates	True	not-started	
scripts/qdrant-secrets.mjs	bf7393f4b6e48e9d5396651372f52e1ea3844b23	3626	implementation-or-tooling	context: sources and migration consumers, not editorial deletion candidates	True	not-started	
scripts/qdrant-snapshot.mjs	b1a59db2f20a1eea43095f54eeaa81fe0cd09af5	7808	implementation-or-tooling	context: sources and migration consumers, not editorial deletion candidates	True	not-started	
scripts/qdrant-storage-preflight.mjs	36e7993a307fbea909c5845ea89a4f9526dd5c7c	1369	implementation-or-tooling	context: sources and migration consumers, not editorial deletion candidates	True	not-started	
scripts/redis-prepare-migration.sh	9226481c405892207411b560b6eaebd20e00b4a5	6003	implementation-or-tooling	context: sources and migration consumers, not editorial deletion candidates	True	not-started	
scripts/registry-client-config.mjs	49e0f37316d3d69a97f153dd4a8df802c6d6d730	7486	implementation-or-tooling	context: sources and migration consumers, not editorial deletion candidates	True	not-started	
scripts/reliability-tests.mjs	29f3df6f43d74324934930e016faee50409e0ed5	2734	implementation-or-tooling	context: sources and migration consumers, not editorial deletion candidates	True	not-started	
scripts/render-kubernetes-api-probe.mjs	a791ff70654534beda96307dfe2a9689d7ec7914	2919	implementation-or-tooling	context: sources and migration consumers, not editorial deletion candidates	True	not-started	
scripts/render-litellm-deployment.mjs	30290c46cda2d8fa2a3c61df77cbb03abfd8a4f6	1416	implementation-or-tooling	context: sources and migration consumers, not editorial deletion candidates	True	not-started	
scripts/render-native-worker-node.mjs	cdd3b5537c1ad0378a14de5e3c3f92e0e05a7d74	3693	implementation-or-tooling	context: sources and migration consumers, not editorial deletion candidates	True	not-started	
scripts/render-postgresql-recovery.mjs	3536c38599287c4052dccc212b147ba9e145d934	10576	implementation-or-tooling	context: sources and migration consumers, not editorial deletion candidates	True	not-started	
scripts/render-qdrant-migration-storage.mjs	4463dbb15e0d91529e5cb4ecf7a8e1121085b907	3322	implementation-or-tooling	context: sources and migration consumers, not editorial deletion candidates	True	not-started	
scripts/render-registry-local.mjs	0776f7d157bf673481ace89057ec4552eb4f6903	4469	implementation-or-tooling	context: sources and migration consumers, not editorial deletion candidates	True	not-started	
scripts/render-stateful-network-policies.mjs	557c6349553428a3c172ec1d4f2628eb3245535f	3669	implementation-or-tooling	context: sources and migration consumers, not editorial deletion candidates	True	not-started	
scripts/repository-review-status.mjs	1fba616e306fa421fd552708368694d27c99b626	10651	implementation-or-tooling	context: sources and migration consumers, not editorial deletion candidates	True	not-started	
scripts/retire-admission.mjs	fc277ec2814841addec7bd011d01c86145ba922d	6720	implementation-or-tooling	context: sources and migration consumers, not editorial deletion candidates	True	not-started	
scripts/retire-attempt-result.mjs	08737334c0a00ad704d5a71f0761e51575e3ed95	5489	implementation-or-tooling	context: sources and migration consumers, not editorial deletion candidates	True	not-started	
scripts/retire-nova-dispatch.mjs	e6ccf3c9cd0a17bbfe5333e38900f728b781ed1c	7276	implementation-or-tooling	context: sources and migration consumers, not editorial deletion candidates	True	not-started	
scripts/retire-operator-request.mjs	1c0edb97104e7aa5b58f5084572baae51ba5f0d2	6375	implementation-or-tooling	context: sources and migration consumers, not editorial deletion candidates	True	not-started	
scripts/retire-telemetry.mjs	9b810ed59ec164d71ace2731a7a23db5d41cd809	6035	implementation-or-tooling	context: sources and migration consumers, not editorial deletion candidates	True	not-started	
scripts/runtime-tool-locks.mjs	5e433fd7cfb25b59826bfddb57e2607df30b1696	5456	implementation-or-tooling	context: sources and migration consumers, not editorial deletion candidates	True	not-started	
scripts/scan-runtime-images.sh	ab111abdaa309a54aa8ac40f8c38795e3534fbff	4234	implementation-or-tooling	context: sources and migration consumers, not editorial deletion candidates	True	not-started	
scripts/setup.sh	2b047059ed7529a5758749cd7523ba62e86fbab2	4479	implementation-or-tooling	context: sources and migration consumers, not editorial deletion candidates	True	not-started	
scripts/stateful-database-service.mjs	08dc2fa2776b8007547ea85443feaee7e5a36953	2848	implementation-or-tooling	context: sources and migration consumers, not editorial deletion candidates	True	not-started	
scripts/stateful-release-preflight.mjs	886c702429f2b2420f18a36ed5372d935c228308	6310	implementation-or-tooling	context: sources and migration consumers, not editorial deletion candidates	True	not-started	
scripts/suite-parity-report.mjs	32e7102a65826b3e63adfd93ecdf8038cadf38e5	1732	implementation-or-tooling	context: sources and migration consumers, not editorial deletion candidates	True	not-started	
scripts/supervise-repository-review.mjs	e663316cfb585019754e9f931e112f6bd05ac700	12287	implementation-or-tooling	context: sources and migration consumers, not editorial deletion candidates	True	not-started	
scripts/tests/fixtures/review-supervisor.mjs	608af88c6af339c87624b4c3c02038da36fa2338	1864	test-fixture	excluded from editorial migration; preserve test behavior and inspect dependencies	False	not-started	
scripts/tests/integration/repository-review-supervisor-adoption.mjs	26825a50be7f1f9b1206c95e64bce0f384c4bf62	1514	implementation-or-tooling	context: sources and migration consumers, not editorial deletion candidates	True	not-started	
scripts/tests/integration/repository-review-supervisor-start.mjs	de6b4292b53411938407f7d65496379465cdf4de	5405	implementation-or-tooling	context: sources and migration consumers, not editorial deletion candidates	True	not-started	
scripts/tests/integration/repository-review-supervisor-stop.test.mjs	158bfc8b34042dc8852736e0a5d5dea6c13f6094	4351	implementation-or-tooling	context: sources and migration consumers, not editorial deletion candidates	True	not-started	
scripts/tests/repository-review-operations.test.mjs	23f5b5dee10c8fa888f25ff607c61c16ee79aa6a	10502	implementation-or-tooling	context: sources and migration consumers, not editorial deletion candidates	True	not-started	
scripts/tests/repository-review-supervisor-io.test.mjs	a5be2e32011b0399e6ee4d88e046786667073484	3110	implementation-or-tooling	context: sources and migration consumers, not editorial deletion candidates	True	not-started	
scripts/tests/repository-review-supervisor-state.test.mjs	3b3c2ca739a192bba7574b0dc73287e3fe2f593b	7526	implementation-or-tooling	context: sources and migration consumers, not editorial deletion candidates	True	not-started	
scripts/tests/repository-review-supervisor-status.test.mjs	fe49630f0196a93307d017849bd8dc0e54936665	1926	implementation-or-tooling	context: sources and migration consumers, not editorial deletion candidates	True	not-started	
scripts/tests/suite-parity-report.test.mjs	e623590bf1dc7e133808ab9151fd234eb75b2ba5	1215	implementation-or-tooling	context: sources and migration consumers, not editorial deletion candidates	True	not-started	
scripts/updates/check-renovate.mjs	7c8d3ffbdbf470d4bb9e72c14ff6bb26173fd5b3	2864	implementation-or-tooling	context: sources and migration consumers, not editorial deletion candidates	True	not-started	
scripts/updates/check-upstream-refresh.mjs	a5cd18bf63c746d2542b657eecd1ae6d1d627541	2186	implementation-or-tooling	context: sources and migration consumers, not editorial deletion candidates	True	not-started	
scripts/updates/deployment-release.mjs	8b9bb9067b0fbad14dfbc675f34b2c620a08dd75	9848	implementation-or-tooling	context: sources and migration consumers, not editorial deletion candidates	True	not-started	
scripts/updates/ghcr-descriptor-reader.mjs	00e566faecd212ebe43a1150490d729ca48779b2	4455	implementation-or-tooling	context: sources and migration consumers, not editorial deletion candidates	True	not-started	
scripts/updates/inspect-release-image.mjs	e849095ea66a542d5d0e975f95e70d4d6adead08	1495	implementation-or-tooling	context: sources and migration consumers, not editorial deletion candidates	True	not-started	
scripts/updates/materialize-release.mjs	03b3a4c048274e5af38ff8c35f39e552ba46d138	2352	implementation-or-tooling	context: sources and migration consumers, not editorial deletion candidates	True	not-started	
scripts/updates/oci-image-identity.mjs	b59b54d6a569c18811938c8fbee036980bef9794	5929	implementation-or-tooling	context: sources and migration consumers, not editorial deletion candidates	True	not-started	
scripts/updates/refresh-versions.mjs	4f033e817e3b8183ca7986fb3ad1b07b73906756	8251	implementation-or-tooling	context: sources and migration consumers, not editorial deletion candidates	True	not-started	
scripts/updates/release-configuration.mjs	0dc0fa76f4794c6218ae1228f4b8e03af6a6013b	2500	implementation-or-tooling	context: sources and migration consumers, not editorial deletion candidates	True	not-started	
scripts/updates/release-images.mjs	6f70147c846cf45edc90e9be6a89da18c0a3e777	2104	implementation-or-tooling	context: sources and migration consumers, not editorial deletion candidates	True	not-started	
scripts/updates/renovate.cjs	5773bedc7639a994a89b3f218f016df2d8eed429	452	implementation-or-tooling	context: sources and migration consumers, not editorial deletion candidates	True	not-started	
scripts/updates/scan-releases.mjs	90dab2aead3ea32d9ee300155e424a06d2977484	1369	implementation-or-tooling	context: sources and migration consumers, not editorial deletion candidates	True	not-started	
scripts/updates/upstream-fetch.mjs	547f70d040182f282eeca506798d1f45e4864e17	1771	implementation-or-tooling	context: sources and migration consumers, not editorial deletion candidates	True	not-started	
scripts/updates/verify-release-source.mjs	36b6a0429898d3a5b73c6dda143bfb38a7a2176d	2506	implementation-or-tooling	context: sources and migration consumers, not editorial deletion candidates	True	not-started	
scripts/verify-all-skill-tests.mjs	0db7c494567d1762731ee1ac12bcdd9cb12e8f47	1013	implementation-or-tooling	context: sources and migration consumers, not editorial deletion candidates	True	not-started	
scripts/verify-cilium-policies.py	c205d5c4a951dd00f86afd3484e9e060edf4ea91	2986	implementation-or-tooling	context: sources and migration consumers, not editorial deletion candidates	True	not-started	modified
scripts/verify-ops-mcp-live.mjs	1341cd127900510d6481167a3a316cceaf7391a6	2797	implementation-or-tooling	context: sources and migration consumers, not editorial deletion candidates	True	not-started	removed
scripts/verify-plugin-live-capabilities.mjs	59e628ce9da91e373f39b3a51092283f87d93238	3031	implementation-or-tooling	context: sources and migration consumers, not editorial deletion candidates	True	not-started	
scripts/verify-plugin-packages.mjs	716d3c1e17a7a04d8945a00be350c09b45dfa03f	1610	implementation-or-tooling	context: sources and migration consumers, not editorial deletion candidates	True	not-started	
scripts/verify-qdrant-live.mjs	5c28f259879472993f8ead0cd35e62ba7366a644	1955	implementation-or-tooling	context: sources and migration consumers, not editorial deletion candidates	True	not-started	
scripts/versions.mjs	84d8eaa6ccdd95c3d0e8d145f8e50f488bf99b43	10813	implementation-or-tooling	context: sources and migration consumers, not editorial deletion candidates	True	not-started	
skills/buster/engine/BOUNDARIES.md	1114d56fc59d2514aedc72e32a4c549d7f802da1	191	component-or-root-documentation	in-scope	True	not-started	
skills/buster/engine/js-yaml.d.ts	70ea8568d2f418acd1eb7277d7a5adfca39b0e7c	326	implementation-or-test-data	context: not an editorial deletion candidate	True	not-started	
skills/buster/engine/package.json	2c6a450e6e73075d8fc302c64c7184b175e3b813	729	implementation-or-test-data	context: not an editorial deletion candidate	True	not-started	
skills/buster/engine/remote-plan-cli.ts	56b521412e48224abd285c18ac3012eb050471f0	1067	implementation-or-test-data	context: not an editorial deletion candidate	True	not-started	
skills/buster/engine/src/index.ts	79a76fe9a995875533ab0759d9f0e9df20d6c3fa	2657	implementation-or-test-data	context: not an editorial deletion candidate	True	not-started	
skills/buster/engine/test-gates/artifacts.ts	efe31ff32d3f5d5940a8deed3c045f1560e6ff65	5273	implementation-or-test-data	context: not an editorial deletion candidate	True	not-started	
skills/buster/engine/test-gates/browser-axe-runtime.ts	00b119aaa90347343593b0ce86e34929438788b6	14054	implementation-or-test-data	context: not an editorial deletion candidate	True	not-started	
skills/buster/engine/test-gates/browser-lighthouse-runtime.ts	037936f25bcf620a2bea319d45c72cb282cd18b0	13633	implementation-or-test-data	context: not an editorial deletion candidate	True	not-started	
skills/buster/engine/test-gates/browser-playwright-runtime.ts	f6a2130809e73774b488ab21c0c4b5f9ab242f3b	27804	implementation-or-test-data	context: not an editorial deletion candidate	True	not-started	
skills/buster/engine/test-gates/browser-visual-runtime.ts	d2d73e007ec64195f864d0ca30b51e7e48687b6a	18255	implementation-or-test-data	context: not an editorial deletion candidate	True	not-started	
skills/buster/engine/test-gates/buildkit-readiness.ts	6e0cf2c13eecba15ad53d0b39f32c037f1e24714	1860	implementation-or-test-data	context: not an editorial deletion candidate	True	not-started	
skills/buster/engine/test-gates/composite-capability-runtime.ts	b69a2a3551a9b0041e1a69828adaf9a7106bf4b4	877	implementation-or-test-data	context: not an editorial deletion candidate	True	not-started	
skills/buster/engine/test-gates/container-build-runtime.ts	a8fd538fbac77eab3f2910fcec1f87fd93444f2e	16842	implementation-or-test-data	context: not an editorial deletion candidate	True	not-started	
skills/buster/engine/test-gates/dependency-process.ts	bddb88f89d17615f319f2e76a78ba42fb2e89ed8	3681	implementation-or-test-data	context: not an editorial deletion candidate	True	not-started	
skills/buster/engine/test-gates/direct-command-runtime.ts	c2e4317d2de2f999eba40f3c0afbf2c47e1b2f2e	7657	implementation-or-test-data	context: not an editorial deletion candidate	True	not-started	
skills/buster/engine/test-gates/exposure-generation.ts	540262369c52b8315fd46ada20ba78c3cf73565e	3855	implementation-or-test-data	context: not an editorial deletion candidate	True	not-started	
skills/buster/engine/test-gates/exposure-handoff.ts	47b123394a38ae4dd746474ecae93e97fdeb78b2	4202	implementation-or-test-data	context: not an editorial deletion candidate	True	not-started	
skills/buster/engine/test-gates/fixture-authority.ts	a88598cdc552c574999a8ea12c835ad3ee05a5d1	2410	implementation-or-test-data	context: not an editorial deletion candidate	True	not-started	
skills/buster/engine/test-gates/generated-demo-credentials.ts	f8bf3336092f996a421be6e844a2d3245582286f	3979	implementation-or-test-data	context: not an editorial deletion candidate	True	not-started	
skills/buster/engine/test-gates/kubernetes-fixture-runtime.ts	840e81a1aa6f536b32c0b3d4da5b8c0c64ddeace	43221	implementation-or-test-data	context: not an editorial deletion candidate	True	not-started	
skills/buster/engine/test-gates/kubernetes-manifest.ts	90ae3c7f265f58e2f9467c330895a4c4d10c65f1	2009	implementation-or-test-data	context: not an editorial deletion candidate	True	not-started	
skills/buster/engine/test-gates/kubernetes-runtime-security.ts	b37021abde1fab5f618461e9247722f8f52cc441	11451	implementation-or-test-data	context: not an editorial deletion candidate	True	not-started	
skills/buster/engine/test-gates/native-fixture-control.ts	fc99c58766088fe1d557e9d2bfc482849a29a874	7899	implementation-or-test-data	context: not an editorial deletion candidate	True	not-started	
skills/buster/engine/test-gates/native-fixture-journal.ts	b81f4f511dbe80a075c2d091d88d1fc0ee4cac63	10837	implementation-or-test-data	context: not an editorial deletion candidate	True	not-started	
skills/buster/engine/test-gates/native-fixture-lifetime.ts	2239e644525ec7988deb5a4782f0bffbecd580cd	4037	implementation-or-test-data	context: not an editorial deletion candidate	True	not-started	
skills/buster/engine/test-gates/native-fixture-state.ts	a680d0bdbaee4f1644c7f0b0be72910a73c63e39	6113	implementation-or-test-data	context: not an editorial deletion candidate	True	not-started	
skills/buster/engine/test-gates/network-http-runtime.ts	7a97ad045fbb133c26a853a0b3a65a550edab38a	15726	implementation-or-test-data	context: not an editorial deletion candidate	True	not-started	
skills/buster/engine/test-gates/pngjs.d.ts	a0781bddf4ae92303c638f0c806c6a356f0372be	244	implementation-or-test-data	context: not an editorial deletion candidate	True	not-started	
skills/buster/engine/test-gates/process-input-lifecycle.ts	51a5347462be250133a26e5e89e6e1faf1e3b080	3221	implementation-or-test-data	context: not an editorial deletion candidate	True	not-started	
skills/buster/engine/test-gates/process-input.ts	109edcda0978d5fbb01358864a1b541ef208a7e9	4603	implementation-or-test-data	context: not an editorial deletion candidate	True	not-started	
skills/buster/engine/test-gates/production.ts	69759d4bd459d9c2aac4973fd5cd16a3d44eeb23	30182	implementation-or-test-data	context: not an editorial deletion candidate	True	not-started	
skills/buster/engine/test-gates/provider-capabilities.ts	66174b9f461d2d8838aeb37ac82310f5f064fd9a	2270	implementation-or-test-data	context: not an editorial deletion candidate	True	not-started	
skills/buster/engine/test-gates/provider-child.mjs	a805b6edf4eb06ece9133a322bd0ed2874366067	4400	implementation-or-test-data	context: not an editorial deletion candidate	True	not-started	
skills/buster/engine/test-gates/provider-loader.ts	6d5596c5996ef52ff41caef793242aceade4eddb	22181	implementation-or-test-data	context: not an editorial deletion candidate	True	not-started	
skills/buster/engine/test-gates/registry-health-access.ts	2cc0c6abf6ff74387db70feeb4b642fdcaebe027	2760	implementation-or-test-data	context: not an editorial deletion candidate	True	not-started	
skills/buster/engine/test-gates/remote-plan-compaction.ts	0a561e9652389126fb372deed87a075ce017d2e3	9464	implementation-or-test-data	context: not an editorial deletion candidate	True	not-started	
skills/buster/engine/test-gates/remote-plan-http.ts	55482a0b90d82ced7f5a0e4d50f8926ea091af51	8385	implementation-or-test-data	context: not an editorial deletion candidate	True	not-started	
skills/buster/engine/test-gates/remote-plan-runtime.ts	3bbbec7aa634d5453385ea466be8f3bdd52687cf	2741	implementation-or-test-data	context: not an editorial deletion candidate	True	not-started	
skills/buster/engine/test-gates/remote-plan-service.ts	ebb367b26aaa640f465a26eb4bed52c61fdb7068	42791	implementation-or-test-data	context: not an editorial deletion candidate	True	not-started	
skills/buster/engine/test-gates/report-adapter-child.mjs	c4066d27059ffdf2b7b90a4ad031a02cf4b3b96e	1393	implementation-or-test-data	context: not an editorial deletion candidate	True	not-started	
skills/buster/engine/test-gates/report-adapter-runtime.ts	ea75cfb072d1d962d27c7d3274f9d4b605516bd5	18519	implementation-or-test-data	context: not an editorial deletion candidate	True	not-started	
skills/buster/engine/test-gates/report-finalizer.ts	86dd76ad3c74e05013ec99b4cb36bbba13f52b13	2037	implementation-or-test-data	context: not an editorial deletion candidate	True	not-started	
skills/buster/engine/test-gates/runner.ts	aa15fa6565a1cf18065f85f6138af5c2a4894911	72068	implementation-or-test-data	context: not an editorial deletion candidate	True	not-started	
skills/buster/engine/test-gates/security-scan-runtime.ts	43fdb04241d688e36b5201f5d73e58fb942fdec5	15184	implementation-or-test-data	context: not an editorial deletion candidate	True	not-started	
skills/buster/engine/test-gates/tailscale-exposure-runtime.ts	e704cbab6fbdf9cf48aa04a74831502ad844c27c	18863	implementation-or-test-data	context: not an editorial deletion candidate	True	not-started	
skills/buster/engine/test-gates/terminal-workspace.ts	60d55b5eb2259264313a92b1986d1beb86012dfd	1220	implementation-or-test-data	context: not an editorial deletion candidate	True	not-started	
skills/buster/engine/test-gates/tests/process-input-lifecycle.test.ts	b4dc4f6a580af8073ba63c271d4ecc845059a492	4875	implementation-or-test-data	context: not an editorial deletion candidate	True	not-started	
skills/buster/engine/test-gates/tests/process-input.test.ts	f128241e7f8294ea201862e61765cc50136152cc	1452	implementation-or-test-data	context: not an editorial deletion candidate	True	not-started	
skills/buster/engine/test-gates/tests/provider-capabilities.test.ts	886acbc77c0459d36ce867e23ee134c838f4416d	2361	implementation-or-test-data	context: not an editorial deletion candidate	True	not-started	
skills/buster/engine/test-gates/tests/terminal-workspace.test.ts	b26039a9d3d75ae096d8132041efc9ca1b4bb76c	1193	implementation-or-test-data	context: not an editorial deletion candidate	True	not-started	
skills/buster/engine/test-gates/trivy-database.ts	b7d918731081b728c101f85b335b7b88eaefe6cb	7316	implementation-or-test-data	context: not an editorial deletion candidate	True	not-started	
skills/buster/engine/tsconfig.json	7f74188911742f9f4b7ad540c1c45affd640620e	264	implementation-or-test-data	context: not an editorial deletion candidate	True	not-started	
skills/buster/package.json	da113b3f6e9755de3f9b356c9e2c2b34ffa6a696	114	implementation-or-test-data	context: not an editorial deletion candidate	True	not-started	
skills/buster/plugins/README.buster.md	a71ca7c14f52c67d148f4e8686882e39b1994d91	351	component-or-root-documentation	in-scope	True	not-started	
skills/buster/plugins/api-flow/README.md	b57e278e3f3ff19d1dd3684d9523ec0e684e53d2	1213	component-or-root-documentation	in-scope	True	not-started	
skills/buster/plugins/api-flow/package.json	dc3dce30cb48b9babee2d0063ab7c1f40346bed3	274	implementation-or-test-data	context: not an editorial deletion candidate	True	not-started	
skills/buster/plugins/api-flow/plugin.json	0b1704e80ac98790ddc47d3e4e6ebf06ef368ffc	896	implementation-or-test-data	context: not an editorial deletion candidate	True	not-started	
skills/buster/plugins/api-flow/schemas/config.schema.json	11805bce37b5a4e2ca5e662bed9194f8e8b61e18	741	implementation-or-test-data	context: not an editorial deletion candidate	True	not-started	
skills/buster/plugins/api-flow/schemas/flow.schema.json	5b2252b1ffb691cb9fc715b5421036c450c145c4	2213	implementation-or-test-data	context: not an editorial deletion candidate	True	not-started	
skills/buster/plugins/api-flow/src/provider.js	4e0e5a9bce3da0e77f8726f929bd9a9dc50dd0c6	16126	implementation-or-test-data	context: not an editorial deletion candidate	True	not-started	
skills/buster/plugins/api-flow/tests/live-function.test.ts	e941d51c124c8b53d4b34fd50bdc3983ba5ab8a7	6333	implementation-or-test-data	context: not an editorial deletion candidate	True	not-started	
skills/buster/plugins/api-flow/tests/remediation.test.ts	30f30434a8780d8e6f0d475325d998096eefccdd	4435	implementation-or-test-data	context: not an editorial deletion candidate	True	not-started	
skills/buster/plugins/api-flow/tsconfig.json	ba08836536894747f56fdb173b6b95fbcd901356	173	implementation-or-test-data	context: not an editorial deletion candidate	True	not-started	
skills/buster/plugins/axe/README.md	8c22bfabede4e36323f28622e59c1ed6b9d92525	721	component-or-root-documentation	in-scope	True	not-started	
skills/buster/plugins/axe/package.json	e53692558bd41d2a8895e645960f6c41d930fb27	143	implementation-or-test-data	context: not an editorial deletion candidate	True	not-started	
skills/buster/plugins/axe/plugin.json	e56b9759e12b0be12b34328ab7a2c1b354e654e6	840	implementation-or-test-data	context: not an editorial deletion candidate	True	not-started	
skills/buster/plugins/axe/schemas/config.schema.json	673752307d6069064eb1e813607718aaf337de0c	1697	implementation-or-test-data	context: not an editorial deletion candidate	True	not-started	
skills/buster/plugins/axe/src/provider.js	5b6276b8cc3c7de16a8d1cbdf0bbc19c919ca97f	9903	implementation-or-test-data	context: not an editorial deletion candidate	True	not-started	
skills/buster/plugins/axe/tests/live-function.test.ts	619ceb769e5d96572209d60338dcd8c99ee57a5f	7614	implementation-or-test-data	context: not an editorial deletion candidate	True	not-started	
skills/buster/plugins/axe/tsconfig.json	ba08836536894747f56fdb173b6b95fbcd901356	173	implementation-or-test-data	context: not an editorial deletion candidate	True	not-started	
skills/buster/plugins/container-build/README.md	91287231cb898ac8b9bb982b6bfb6ce8f06f904a	711	component-or-root-documentation	in-scope	True	not-started	
skills/buster/plugins/container-build/package.json	507b8566f26668490e494663bf1e90fea21edf6f	247	implementation-or-test-data	context: not an editorial deletion candidate	True	not-started	
skills/buster/plugins/container-build/plugin.json	e248dcfef812653469e8e1b28fb5002868311f22	849	implementation-or-test-data	context: not an editorial deletion candidate	True	not-started	
skills/buster/plugins/container-build/schemas/config.schema.json	6c42f37648c8044ea7b54034d069020691b74558	1470	implementation-or-test-data	context: not an editorial deletion candidate	True	not-started	
skills/buster/plugins/container-build/src/provider.js	9f794dd1664d2021ccc3ad88fd7ffeff2bf9ad08	7616	implementation-or-test-data	context: not an editorial deletion candidate	True	not-started	
skills/buster/plugins/container-build/tests/deadline.test.mts	b6ed3cc3fda22a3d0ae098a0c8812af7489ff1cc	5113	implementation-or-test-data	context: not an editorial deletion candidate	True	not-started	
skills/buster/plugins/container-build/tests/live-function.test.ts	7a83c942d65b7d1728934368b21d656582a2c90b	2555	implementation-or-test-data	context: not an editorial deletion candidate	True	not-started	
skills/buster/plugins/container-build/tsconfig.json	8f2de29b6bbee3d7ce15fa1876ccd6736c76c859	173	implementation-or-test-data	context: not an editorial deletion candidate	True	not-started	
skills/buster/plugins/coverage-budget/README.md	19e8de10d116e6299225703c0d2c025469444f74	704	component-or-root-documentation	in-scope	True	not-started	
skills/buster/plugins/coverage-budget/package.json	c28d77a6806c25a006d35253da11dd5363447cad	205	implementation-or-test-data	context: not an editorial deletion candidate	True	not-started	
skills/buster/plugins/coverage-budget/plugin.json	dada001e1c1517281c2b4cfe5e237524644ca846	1405	implementation-or-test-data	context: not an editorial deletion candidate	True	not-started	
skills/buster/plugins/coverage-budget/schemas/config.schema.json	297aa92fd09cb9ef2101f3f006cce09f19d022b4	253	implementation-or-test-data	context: not an editorial deletion candidate	True	not-started	
skills/buster/plugins/coverage-budget/src/provider.js	4bc82c6b056755527151c18671e4aa657ea9e3b0	5671	implementation-or-test-data	context: not an editorial deletion candidate	True	not-started	
skills/buster/plugins/coverage-budget/tests/live-function.test.ts	9ba23fd354337f56d935a31e46fb08d512f22c56	2642	implementation-or-test-data	context: not an editorial deletion candidate	True	not-started	
skills/buster/plugins/coverage-budget/tsconfig.json	ba08836536894747f56fdb173b6b95fbcd901356	173	implementation-or-test-data	context: not an editorial deletion candidate	True	not-started	
skills/buster/plugins/demo-auth-smoke/README.md	907d52c8077304be58298fd274cd9d7d32215454	2250	component-or-root-documentation	in-scope	True	not-started	
skills/buster/plugins/demo-auth-smoke/package.json	c787895bebcdc9c99a2e30f03a9b13b1b2af8db1	401	implementation-or-test-data	context: not an editorial deletion candidate	True	not-started	
skills/buster/plugins/demo-auth-smoke/plugin.json	0a77955e1b02da10b599649d4ef3b74881f9b0e2	1503	implementation-or-test-data	context: not an editorial deletion candidate	True	not-started	
skills/buster/plugins/demo-auth-smoke/schemas/config.schema.json	e63bc86746cc6e7258b40031ae96726b3e399d1e	1677	implementation-or-test-data	context: not an editorial deletion candidate	True	not-started	
skills/buster/plugins/demo-auth-smoke/src/protocol.js	183567cd9520a7de3882eb8ae9ec90b57f9e3b91	7645	implementation-or-test-data	context: not an editorial deletion candidate	True	not-started	
skills/buster/plugins/demo-auth-smoke/src/provider.js	ac77b3b806ed77dc45220fe7ee0ac2d5a6c60462	4645	implementation-or-test-data	context: not an editorial deletion candidate	True	not-started	
skills/buster/plugins/demo-auth-smoke/tsconfig.json	6667d244521f42462d85e51ab79dd56e233c47d6	152	implementation-or-test-data	context: not an editorial deletion candidate	True	not-started	
skills/buster/plugins/direct-command/README.md	8d46293022b9410e5999c1ca03af9a0496950c01	987	component-or-root-documentation	in-scope	True	not-started	
skills/buster/plugins/direct-command/package.json	22953eb9c3d9457bfdc3d4b4fdf0241aaa91e7fa	426	implementation-or-test-data	context: not an editorial deletion candidate	True	not-started	
skills/buster/plugins/direct-command/plugin.json	f4dad31e2a3d8922d1aa99882bd6b649d98bfecd	4181	implementation-or-test-data	context: not an editorial deletion candidate	True	not-started	
skills/buster/plugins/direct-command/schemas/config.schema.json	133c859244bd149cec39ab748772550e7938e2b0	2602	implementation-or-test-data	context: not an editorial deletion candidate	True	not-started	
skills/buster/plugins/direct-command/src/provider.js	aa2a9a78930fec61fdf360be81c00a162082c848	11557	implementation-or-test-data	context: not an editorial deletion candidate	True	not-started	
skills/buster/plugins/direct-command/tests/live-function.test.ts	0852a9113d82b702a862ddf57e9b39bd4f02f061	2931	implementation-or-test-data	context: not an editorial deletion candidate	True	not-started	
skills/buster/plugins/direct-command/tsconfig.json	ba08836536894747f56fdb173b6b95fbcd901356	173	implementation-or-test-data	context: not an editorial deletion candidate	True	not-started	
skills/buster/plugins/http/README.md	aedae4c0d895ee7ceace9bc6861b81573a4c1267	633	component-or-root-documentation	in-scope	True	not-started	
skills/buster/plugins/http/package.json	e50b0bc19f47cb489ac19b3bf62d9f576727ad70	327	implementation-or-test-data	context: not an editorial deletion candidate	True	not-started	
skills/buster/plugins/http/plugin.json	160e9ee1c544c34516d4fbd4dfe8311e1ea51ced	1053	implementation-or-test-data	context: not an editorial deletion candidate	True	not-started	
skills/buster/plugins/http/schemas/config.schema.json	fabfe623defabe8ccc5a2c613338df62effe03dd	1166	implementation-or-test-data	context: not an editorial deletion candidate	True	not-started	
skills/buster/plugins/http/src/provider.js	b9873c4dc5e6aedfd826e5c5bd2c31a6dad548d7	10394	implementation-or-test-data	context: not an editorial deletion candidate	True	not-started	
skills/buster/plugins/http/tsconfig.json	ba08836536894747f56fdb173b6b95fbcd901356	173	implementation-or-test-data	context: not an editorial deletion candidate	True	not-started	
skills/buster/plugins/junit-report-adapter/README.md	5aa5b59948c56b47e56fd2d37011f95b755220b3	1830	component-or-root-documentation	in-scope	True	not-started	
skills/buster/plugins/junit-report-adapter/package.json	8c6378ff82e3711abda6b3bd4d119f19d0462bad	206	implementation-or-test-data	context: not an editorial deletion candidate	True	not-started	
skills/buster/plugins/junit-report-adapter/plugin.json	a03d8d971188a987dc4107482c4dd0bc4563d8d2	460	implementation-or-test-data	context: not an editorial deletion candidate	True	not-started	
skills/buster/plugins/junit-report-adapter/src/adapter.js	8002e521e0aed7c0c788c3d982fe55c0cb016d58	14799	implementation-or-test-data	context: not an editorial deletion candidate	True	not-started	
skills/buster/plugins/junit-report-adapter/tests/adapter.test.mjs	e9cc45d29e1ca916af237ea59174753cad48ae94	7003	implementation-or-test-data	context: not an editorial deletion candidate	True	not-started	
skills/buster/plugins/junit-report-adapter/tests/live-function.test.ts	275a78d2669033df9c2a20e686967357b4ad8453	154	implementation-or-test-data	context: not an editorial deletion candidate	True	not-started	
skills/buster/plugins/junit-report-adapter/tsconfig.json	0c1f3aae2467649986c92b4475435ad766455506	181	implementation-or-test-data	context: not an editorial deletion candidate	True	not-started	
skills/buster/plugins/kubernetes-fixture/README.md	6bfc6ff0dc8302dae76be8cba5d2a0d801cb7b82	1140	component-or-root-documentation	in-scope	True	not-started	
skills/buster/plugins/kubernetes-fixture/package.json	cb6cef8a26bd84ffa64695ce944d0923f0ff75f9	213	implementation-or-test-data	context: not an editorial deletion candidate	True	not-started	
skills/buster/plugins/kubernetes-fixture/plugin.json	6b174b4684d2ea724c076fb105d0cd1515fc5e89	1607	implementation-or-test-data	context: not an editorial deletion candidate	True	not-started	
skills/buster/plugins/kubernetes-fixture/schemas/config.schema.json	f00f12aeff5ba1412169cd592ac12799317ea5f2	1842	implementation-or-test-data	context: not an editorial deletion candidate	True	not-started	
skills/buster/plugins/kubernetes-fixture/src/provider.js	4e4082471c98d570b92a0d69446890981602ca3a	10049	implementation-or-test-data	context: not an editorial deletion candidate	True	not-started	
skills/buster/plugins/kubernetes-fixture/tests/live-function.test.ts	74b06fd0542345a1edf8984186185028cc297dc8	2190	implementation-or-test-data	context: not an editorial deletion candidate	True	not-started	
skills/buster/plugins/kubernetes-fixture/tsconfig.json	ba08836536894747f56fdb173b6b95fbcd901356	173	implementation-or-test-data	context: not an editorial deletion candidate	True	not-started	
skills/buster/plugins/lighthouse/README.md	67ea04b3855cc794faac61a40e9e62c13b0ba119	744	component-or-root-documentation	in-scope	True	not-started	
skills/buster/plugins/lighthouse/package.json	51e30f91dd4e69c519801d8eaff60b982ca63c12	199	implementation-or-test-data	context: not an editorial deletion candidate	True	not-started	
skills/buster/plugins/lighthouse/plugin.json	0f29387e2f9f1cbae5baa4de8a5fbb45c4f18e81	971	implementation-or-test-data	context: not an editorial deletion candidate	True	not-started	
skills/buster/plugins/lighthouse/schemas/config.schema.json	66ef7074dc7a3f40d73bd42e3622d0806661f1a4	1721	implementation-or-test-data	context: not an editorial deletion candidate	True	not-started	
skills/buster/plugins/lighthouse/src/provider.js	decb063e1d34b5a9ff7887e9a4245c081c532437	12828	implementation-or-test-data	context: not an editorial deletion candidate	True	not-started	
skills/buster/plugins/lighthouse/tests/live-function.test.ts	58e27394bb40f71afad1fd0460180f01c79a011f	5817	implementation-or-test-data	context: not an editorial deletion candidate	True	not-started	
skills/buster/plugins/lighthouse/tsconfig.json	7db81d6df0e3677dd28dddfc89f9355f5bf93328	152	implementation-or-test-data	context: not an editorial deletion candidate	True	not-started	
skills/buster/plugins/openapi/README.md	06f470523218ea4a4ea799eec67050fbc4129c33	1686	component-or-root-documentation	in-scope	True	not-started	
skills/buster/plugins/openapi/package.json	e2b0b1c7785850d6d13ef1f3d0b1c20837d76dc9	231	implementation-or-test-data	context: not an editorial deletion candidate	True	not-started	
skills/buster/plugins/openapi/plugin.json	551c7255da953db54f0d6d6225a90c9300c74574	892	implementation-or-test-data	context: not an editorial deletion candidate	True	not-started	
skills/buster/plugins/openapi/schemas/config.schema.json	0bd76f1df4177071033575957ec199e26080944d	1932	implementation-or-test-data	context: not an editorial deletion candidate	True	not-started	
skills/buster/plugins/openapi/src/provider.js	a89cef2ef9045b0b17ed2e2256fcfc9b785b39a8	22774	implementation-or-test-data	context: not an editorial deletion candidate	True	not-started	
skills/buster/plugins/openapi/src/schema-support.js	c3e807428b0e79ce60b9d70e855ab152b6bc91cf	3986	implementation-or-test-data	context: not an editorial deletion candidate	True	not-started	
skills/buster/plugins/openapi/tests/live-function.test.ts	466d2a5890c77670a90d6ad2be73d71a8eab804d	18356	implementation-or-test-data	context: not an editorial deletion candidate	True	not-started	
skills/buster/plugins/openapi/tests/remediation.test.ts	18a4ef7225446ecc3886782eed3966c2ff4a799a	5659	implementation-or-test-data	context: not an editorial deletion candidate	True	not-started	
skills/buster/plugins/openapi/tsconfig.json	ba08836536894747f56fdb173b6b95fbcd901356	173	implementation-or-test-data	context: not an editorial deletion candidate	True	not-started	
skills/buster/plugins/playwright/README.md	c730182f589d634b42d22745ad0a83692db4c0eb	1010	component-or-root-documentation	in-scope	True	not-started	
skills/buster/plugins/playwright/package.json	3b8e895632098d662f512d75b92e5f6aa4b18f69	271	implementation-or-test-data	context: not an editorial deletion candidate	True	not-started	
skills/buster/plugins/playwright/plugin.json	388393ca587bbc93aaadc0d9255194663dd9baaa	978	implementation-or-test-data	context: not an editorial deletion candidate	True	not-started	
skills/buster/plugins/playwright/schemas/config.schema.json	cc78cef3674c2bda1dbc5d3620443148a5d58c06	1251	implementation-or-test-data	context: not an editorial deletion candidate	True	not-started	
skills/buster/plugins/playwright/src/provider.js	21658d58c73b3aecbf1474f536f3e1555dae3e4e	12626	implementation-or-test-data	context: not an editorial deletion candidate	True	not-started	
skills/buster/plugins/playwright/tests/fixture/playwright.config.ts	e8cead9d44943445d370783ddb5b793628de21ad	362	implementation-or-test-data	context: not an editorial deletion candidate	True	not-started	
skills/buster/plugins/playwright/tests/fixture/specs/home.spec.ts	171722f71b76eaadb49e31a357cac179b76df996	443	implementation-or-test-data	context: not an editorial deletion candidate	True	not-started	
skills/buster/plugins/playwright/tests/live-function.test.ts	9fcdfc4ec5948f279a375247a3cc186f40730721	9142	implementation-or-test-data	context: not an editorial deletion candidate	True	not-started	
skills/buster/plugins/playwright/tsconfig.json	ba08836536894747f56fdb173b6b95fbcd901356	173	implementation-or-test-data	context: not an editorial deletion candidate	True	not-started	
skills/buster/plugins/security-providers/README.md	e0315df2551b0ceec149ba80f65bbba036b007af	1189	component-or-root-documentation	in-scope	True	not-started	
skills/buster/plugins/security-providers/package.json	ed95f223c4074899a2cc42aedbd50183d3e8c3fc	235	implementation-or-test-data	context: not an editorial deletion candidate	True	not-started	
skills/buster/plugins/security-providers/plugin.json	090ebb66c06c0ebf9f1c17f210b57a3ff1f56831	3239	implementation-or-test-data	context: not an editorial deletion candidate	True	not-started	
skills/buster/plugins/security-providers/schemas/dependency.schema.json	25accdf132b155a853699cd4f3a6a40935b20964	1074	implementation-or-test-data	context: not an editorial deletion candidate	True	not-started	
skills/buster/plugins/security-providers/schemas/headers.schema.json	b4aea5c9c7c096c9ea2b59d11a0d8b2b21aeb3f9	2210	implementation-or-test-data	context: not an editorial deletion candidate	True	not-started	
skills/buster/plugins/security-providers/schemas/image.schema.json	44af10d62b6f6d253cf3b377fb0cd77132c791bc	967	implementation-or-test-data	context: not an editorial deletion candidate	True	not-started	
skills/buster/plugins/security-providers/schemas/kubernetes-policy.schema.json	fe03707374d06544f94cdd004e0dfe989e57a35a	935	implementation-or-test-data	context: not an editorial deletion candidate	True	not-started	
skills/buster/plugins/security-providers/schemas/kubernetes-runtime.schema.json	fe03707374d06544f94cdd004e0dfe989e57a35a	935	implementation-or-test-data	context: not an editorial deletion candidate	True	not-started	
skills/buster/plugins/security-providers/src/common.js	7c9c814b2ccd037649b7b6c84b136336d3a500f1	6590	implementation-or-test-data	context: not an editorial deletion candidate	True	not-started	
skills/buster/plugins/security-providers/src/database-evidence.js	e881da1ed010fa2561b1addd1751411555dc388c	1997	implementation-or-test-data	context: not an editorial deletion candidate	True	not-started	
skills/buster/plugins/security-providers/src/dependency.js	72d2d43e97ef858fda568963e580e12beb4ec0c8	2639	implementation-or-test-data	context: not an editorial deletion candidate	True	not-started	
skills/buster/plugins/security-providers/src/headers.js	c397d42b9348d6fc958efb04b3258bfdc7c974e7	7515	implementation-or-test-data	context: not an editorial deletion candidate	True	not-started	
skills/buster/plugins/security-providers/src/image.js	2a8b07bf87326a8c86bd96c453170158ad931da9	2674	implementation-or-test-data	context: not an editorial deletion candidate	True	not-started	
skills/buster/plugins/security-providers/src/kubernetes-policy.js	89779d802c80cd067b25e4de18e4250916de2bf5	2689	implementation-or-test-data	context: not an editorial deletion candidate	True	not-started	
skills/buster/plugins/security-providers/src/kubernetes-runtime.js	06a0ff600ce3f7647f15db2f1fbd7dccf8860832	3726	implementation-or-test-data	context: not an editorial deletion candidate	True	not-started	
skills/buster/plugins/security-providers/tests/database-freshness.test.mts	6bc01100cbaa84194f4ee0baa06fc5ff334ff16e	6425	implementation-or-test-data	context: not an editorial deletion candidate	True	not-started	
skills/buster/plugins/security-providers/tests/live-function.test.ts	e24f57991ae227fdc7e35e84795fceb7821f3c40	10602	implementation-or-test-data	context: not an editorial deletion candidate	True	not-started	
skills/buster/plugins/security-providers/tsconfig.json	ba08836536894747f56fdb173b6b95fbcd901356	173	implementation-or-test-data	context: not an editorial deletion candidate	True	not-started	
skills/buster/plugins/size-budget/README.md	de09b8261e6b7f3dd3b6a6978222f352e7404b60	405	component-or-root-documentation	in-scope	True	not-started	
skills/buster/plugins/size-budget/package.json	3e4882b5279a9393ded8802ac9116cf24f353b03	211	implementation-or-test-data	context: not an editorial deletion candidate	True	not-started	
skills/buster/plugins/size-budget/plugin.json	b01c6220d55f555fbab3538a434402450652947e	1532	implementation-or-test-data	context: not an editorial deletion candidate	True	not-started	
skills/buster/plugins/size-budget/schemas/config.schema.json	6e3156b5ed0d7b7cb91472bd4fea703dc2c728db	1237	implementation-or-test-data	context: not an editorial deletion candidate	True	not-started	
skills/buster/plugins/size-budget/src/provider.js	8409386a0433ff4bedabc2d7063c4a4010780a9e	19188	implementation-or-test-data	context: not an editorial deletion candidate	True	not-started	
skills/buster/plugins/size-budget/tests/live-function.test.ts	036e450be2fd6ec81138288406b360b5bfee7519	8583	implementation-or-test-data	context: not an editorial deletion candidate	True	not-started	
skills/buster/plugins/size-budget/tsconfig.json	ba08836536894747f56fdb173b6b95fbcd901356	173	implementation-or-test-data	context: not an editorial deletion candidate	True	not-started	
skills/buster/plugins/tailscale-exposure/README.md	e391a29014388ff2e51cafef93489fb994d04515	1644	component-or-root-documentation	in-scope	True	not-started	
skills/buster/plugins/tailscale-exposure/package.json	85e270401698b0ef54b345af4d11fc42a67ac0e3	203	implementation-or-test-data	context: not an editorial deletion candidate	True	not-started	
skills/buster/plugins/tailscale-exposure/plugin.json	2e131871c0deb25e3734044ba673d4578d2fe38e	933	implementation-or-test-data	context: not an editorial deletion candidate	True	not-started	
skills/buster/plugins/tailscale-exposure/schemas/config.schema.json	f892121733eac88145651e91ec22d98bc7f138cd	597	implementation-or-test-data	context: not an editorial deletion candidate	True	not-started	
skills/buster/plugins/tailscale-exposure/src/provider.js	3540cd8c41d7c19a63dd5f9b02b6d5cf33df4c0c	6876	implementation-or-test-data	context: not an editorial deletion candidate	True	not-started	
skills/buster/plugins/tailscale-exposure/tests/live-function.test.ts	5ecf9329f0d5d0ddfacd8258655401a4e1b32b27	2205	implementation-or-test-data	context: not an editorial deletion candidate	True	not-started	
skills/buster/plugins/tailscale-exposure/tsconfig.json	ba08836536894747f56fdb173b6b95fbcd901356	173	implementation-or-test-data	context: not an editorial deletion candidate	True	not-started	
skills/buster/plugins/visual/README.md	493c065301fa819a6a15329fa5d47c55a4c0356e	1103	component-or-root-documentation	in-scope	True	not-started	
skills/buster/plugins/visual/package.json	c60939c1078e617648e9034a69fa19e3b44dbfe4	188	implementation-or-test-data	context: not an editorial deletion candidate	True	not-started	
skills/buster/plugins/visual/plugin.json	5159ad09433e9e2c6f8c28cfd5b31938e4913eb0	991	implementation-or-test-data	context: not an editorial deletion candidate	True	not-started	
skills/buster/plugins/visual/schemas/config.schema.json	2355dadfb892253d03a97e6e6efb059d55c29344	1577	implementation-or-test-data	context: not an editorial deletion candidate	True	not-started	
skills/buster/plugins/visual/src/browser-identity.js	29cc46a761f37a11160819e84ee0b3d148dca2f4	1003	implementation-or-test-data	context: not an editorial deletion candidate	True	not-started	
skills/buster/plugins/visual/src/provider.js	6ad4f432ebbfe95b45d6a70ab35c4422789e0b3e	17703	implementation-or-test-data	context: not an editorial deletion candidate	True	not-started	
skills/buster/plugins/visual/tests/browser-identity.test.mjs	589198f509dac49a129e709b94c0ec39483fafde	3836	implementation-or-test-data	context: not an editorial deletion candidate	True	not-started	
skills/buster/plugins/visual/tests/live-function.test.ts	85e06eaa0cc952c1ecf72c7df10588e35aea5a6a	14010	implementation-or-test-data	context: not an editorial deletion candidate	True	not-started	
skills/buster/plugins/visual/tsconfig.json	7db81d6df0e3677dd28dddfc89f9355f5bf93328	152	implementation-or-test-data	context: not an editorial deletion candidate	True	not-started	
skills/buster/runtime.ts	d8e20ba161cc159494255ec316562ccbb282dd83	186	implementation-or-test-data	context: not an editorial deletion candidate	True	not-started	
skills/common/plugin-runtime/contracts/plugin-system/v2/README.md	551a7ff9af9d637d6dc1f5f8db20eb47d2ef2180	2814	component-or-root-documentation	in-scope	True	not-started	
skills/common/plugin-runtime/contracts/plugin-system/v2/plugin-system-v2.schema.json	edf1a4c58cf50de9eadf163181b65cc4a7ec4e52	46877	implementation-or-test-data	context: not an editorial deletion candidate	True	not-started	
skills/common/plugin-runtime/foundation/BOUNDARIES.md	40713a623d2dafd885ce77f461e65a61eb65a74e	218	component-or-root-documentation	in-scope	True	not-started	
skills/common/plugin-runtime/foundation/artifacts/README.md	6084d20a58bc72c3ff6b6fe9726cecb642c7af5e	104	component-or-root-documentation	in-scope	True	not-started	
skills/common/plugin-runtime/foundation/config/README.md	ee60e37d88aba4ebc8365fe4306883478b23d8c1	2157	component-or-root-documentation	in-scope	True	not-started	
skills/common/plugin-runtime/foundation/config/platform.schema.json	6a2492b0bdac0b9886b7a7d6ef0a9e552443a497	3144	implementation-or-test-data	context: not an editorial deletion candidate	True	not-started	
skills/common/plugin-runtime/foundation/config/platform.ts	b9a28c6e89a9799cf76800bee1e7f340de677914	2983	implementation-or-test-data	context: not an editorial deletion candidate	True	not-started	
skills/common/plugin-runtime/foundation/config/published-pair.ts	1c64dcee1822637764a326ef389e06ca262d7f90	7731	implementation-or-test-data	context: not an editorial deletion candidate	True	not-started	
skills/common/plugin-runtime/foundation/isolation/cgroup.ts	61bf97064b9d420af416a01b22f5e2e6a161bd42	3176	implementation-or-test-data	context: not an editorial deletion candidate	True	not-started	
skills/common/plugin-runtime/foundation/isolation/child.mjs	88f2496845ad72b2dc7c3c85ab27c03dab460e97	2924	implementation-or-test-data	context: not an editorial deletion candidate	True	not-started	
skills/common/plugin-runtime/foundation/isolation/memory-limit.ts	d2b8709945ace95bdd6416e7d80a8dd136642e6f	1403	implementation-or-test-data	context: not an editorial deletion candidate	True	not-started	
skills/common/plugin-runtime/foundation/isolation/protocol.ts	fa7350d7a7d2df048a8e6ff43a5d49954963179e	1769	implementation-or-test-data	context: not an editorial deletion candidate	True	not-started	
skills/common/plugin-runtime/foundation/isolation/runner.ts	2d7e6372c194d170968ea7a9b77270e2e999d528	3532	implementation-or-test-data	context: not an editorial deletion candidate	True	not-started	
skills/common/plugin-runtime/foundation/isolation/sandbox.c	68d5092c25ad3e128e10897bec925e96ccaba164	17937	implementation-or-test-data	context: not an editorial deletion candidate	False	not-started	
skills/common/plugin-runtime/foundation/isolation/session.ts	6545649712e4ead753d1c3019b502a7d947510e0	8056	implementation-or-test-data	context: not an editorial deletion candidate	True	not-started	
skills/common/plugin-runtime/foundation/observability/README.md	7a20ff95498acb19a7996918a91dc2a34698931c	2665	component-or-root-documentation	in-scope	True	not-started	
skills/common/plugin-runtime/foundation/observability/admission-retirement.ts	ac0b3139873e992551760b7f66e999549086a948	9069	implementation-or-test-data	context: not an editorial deletion candidate	True	not-started	
skills/common/plugin-runtime/foundation/observability/attempt-projection.ts	1daaaad1cffb0ce2d99a2d79e0729f19c0ef5a67	12302	implementation-or-test-data	context: not an editorial deletion candidate	True	not-started	
skills/common/plugin-runtime/foundation/observability/attempt-replay.ts	dd829e2313f460a788d431126a33223c2991c9bd	8053	implementation-or-test-data	context: not an editorial deletion candidate	True	not-started	
skills/common/plugin-runtime/foundation/observability/clawdeck-view.ts	82516bc01dbb0b005ff603526011553cdbea1793	3676	implementation-or-test-data	context: not an editorial deletion candidate	True	not-started	
skills/common/plugin-runtime/foundation/observability/durable-attempts.ts	5edc636396388da2adfd92e6918b67554505734d	30761	implementation-or-test-data	context: not an editorial deletion candidate	True	not-started	
skills/common/plugin-runtime/foundation/observability/durable-blob-read.ts	f7b8cce8b854810abfab5e34218b956310a64716	3231	implementation-or-test-data	context: not an editorial deletion candidate	True	not-started	
skills/common/plugin-runtime/foundation/observability/durable-delivery.ts	af17eda18b8eb8d1eec0da37adc25cf359b449f7	30682	implementation-or-test-data	context: not an editorial deletion candidate	True	not-started	
skills/common/plugin-runtime/foundation/observability/durable-records.ts	5d8f3781def731adbfa96c065d2db750b767f325	15550	implementation-or-test-data	context: not an editorial deletion candidate	True	not-started	
skills/common/plugin-runtime/foundation/observability/hash-journal.ts	4e932a74145c830fe9e6122b89a0f8b7c5a0c090	1457	implementation-or-test-data	context: not an editorial deletion candidate	True	not-started	
skills/common/plugin-runtime/foundation/observability/record-retirement.ts	36f4ed6c4573dc1186a46ae7f395adc673ecfc1f	7745	implementation-or-test-data	context: not an editorial deletion candidate	True	not-started	
skills/common/plugin-runtime/foundation/observability/replay-validation.ts	a8df8bc6c55ef988461317c5b43e3735e420a06d	8140	implementation-or-test-data	context: not an editorial deletion candidate	True	not-started	
skills/common/plugin-runtime/foundation/package.json	8ff3b650657b58e900b96f2b59f988ba2d7bba97	778	implementation-or-test-data	context: not an editorial deletion candidate	True	not-started	
skills/common/plugin-runtime/foundation/packages/README.md	27ef967ad54037fe9744d1af2194d157193be8db	1059	component-or-root-documentation	in-scope	True	not-started	
skills/common/plugin-runtime/foundation/packages/install.ts	429d8b681694c2389eab973b909fa97290947ab2	9506	implementation-or-test-data	context: not an editorial deletion candidate	True	not-started	
skills/common/plugin-runtime/foundation/processes/linux-process-group.ts	012209f0d190376a26cedf7c9d280fea019933dd	2096	implementation-or-test-data	context: not an editorial deletion candidate	True	not-started	
skills/common/plugin-runtime/foundation/registry/README.md	1e948f1200f0e95a3810de6ae8f642ccf224a45a	3596	component-or-root-documentation	in-scope	True	not-started	
skills/common/plugin-runtime/foundation/registry/activation.ts	0353b917f3b0563b809117094a932637d33ff932	5690	implementation-or-test-data	context: not an editorial deletion candidate	True	not-started	
skills/common/plugin-runtime/foundation/registry/build.ts	37743d454b4266178997ac4f1cdd4993baddcde6	16293	implementation-or-test-data	context: not an editorial deletion candidate	True	not-started	
skills/common/plugin-runtime/foundation/registry/capabilities.ts	83547ab2f40e50c4b009d0c8295c1c12091e1441	9110	implementation-or-test-data	context: not an editorial deletion candidate	True	not-started	
skills/common/plugin-runtime/foundation/registry/capability-vocabulary.ts	a41534245bc565e52271bcc5a25c7b1862d6c907	9371	implementation-or-test-data	context: not an editorial deletion candidate	True	not-started	
skills/common/plugin-runtime/foundation/registry/configuration.ts	0f205d6ce849a8280f2cc7e9bd98e70e8e0b811e	4047	implementation-or-test-data	context: not an editorial deletion candidate	True	not-started	
skills/common/plugin-runtime/foundation/registry/digest.ts	ecd69bbcbffdae73a64ce0870861b3e609810c8f	1051	implementation-or-test-data	context: not an editorial deletion candidate	True	not-started	
skills/common/plugin-runtime/foundation/registry/discovery.ts	8f1e3773ad2d17a18b812ad68ee9ee7f86d98eab	5825	implementation-or-test-data	context: not an editorial deletion candidate	True	not-started	
skills/common/plugin-runtime/foundation/registry/errors.ts	0fa336a66bd0d1edbb7a853b23d45d83bf95d557	1305	implementation-or-test-data	context: not an editorial deletion candidate	True	not-started	
skills/common/plugin-runtime/foundation/registry/frozen-map.ts	c044014d77cad9ac82cc72b27ea55b8a641c6a8f	878	implementation-or-test-data	context: not an editorial deletion candidate	True	not-started	
skills/common/plugin-runtime/foundation/registry/frozen-set.ts	474cc41bdf7da0b4d3e6a8aea7105ca6363f09ed	1567	implementation-or-test-data	context: not an editorial deletion candidate	True	not-started	
skills/common/plugin-runtime/foundation/registry/import-audit-child.mjs	072a284cbaa1d5219293d02df29498d19905c70d	5525	implementation-or-test-data	context: not an editorial deletion candidate	True	not-started	
skills/common/plugin-runtime/foundation/registry/import-audit.ts	55d8f23f9b50e2bf4d043e62b07cc7439631a7e8	2691	implementation-or-test-data	context: not an editorial deletion candidate	True	not-started	
skills/common/plugin-runtime/foundation/registry/schema.ts	07fa3b03201678871727afc38150412cef0d0c74	5817	implementation-or-test-data	context: not an editorial deletion candidate	True	not-started	
skills/common/plugin-runtime/foundation/registry/types.ts	a130999139ba7646dd239ac3cbc4a547563c2e80	2895	implementation-or-test-data	context: not an editorial deletion candidate	True	not-started	
skills/common/plugin-runtime/package.json	5549506e36f4b00d64dc7538bfed71a51454bb13	80	implementation-or-test-data	context: not an editorial deletion candidate	True	not-started	
skills/common/plugin-runtime/sdk/README.md	f575b936266ac2d14312f85555c54890af7c0b10	3405	component-or-root-documentation	in-scope	True	not-started	
skills/common/plugin-runtime/sdk/package.json	5479e15c52973321cb38a01ada2865d1405bdd93	342	implementation-or-test-data	context: not an editorial deletion candidate	True	not-started	
skills/common/plugin-runtime/sdk/src/artifact-json.ts	e4fde65cd774172616f37315c7db57b7ca916cb9	1295	implementation-or-test-data	context: not an editorial deletion candidate	True	not-started	
skills/common/plugin-runtime/sdk/src/generated/contracts.ts	3e12ac562e0d641426ae264ec812a44a93ba906d	18480	implementation-or-test-data	context: not an editorial deletion candidate	False	not-started	
skills/common/plugin-runtime/sdk/src/index.ts	7d968addc53991fe35a7ee6c0d56f0c2e91dc4bf	964	implementation-or-test-data	context: not an editorial deletion candidate	True	not-started	
skills/common/plugin-runtime/sdk/src/review-cache-profile.ts	0c74d5adc3cc30eace8e9fe78a86a3800b8d2997	909	implementation-or-test-data	context: not an editorial deletion candidate	True	not-started	
skills/common/plugin-runtime/sdk/src/review-subject.ts	224908b3742c358b324acd00710bd09ddb554ed9	6169	implementation-or-test-data	context: not an editorial deletion candidate	True	not-started	
skills/common/plugin-runtime/sdk/src/runtime-agent-task.ts	537f229f91a43266a3969df5e3c8a77d00beb21a	1570	implementation-or-test-data	context: not an editorial deletion candidate	True	not-started	
skills/common/plugin-runtime/sdk/src/runtime-dispatch-profile.ts	c3839b6204e177a030b6680624ddf77d50270219	1767	implementation-or-test-data	context: not an editorial deletion candidate	True	not-started	
skills/common/plugin-runtime/sdk/src/runtime-workspace.ts	cf2c35dd314056116a5ceee00c4950cc9cc76bf4	2117	implementation-or-test-data	context: not an editorial deletion candidate	True	not-started	
skills/common/plugin-runtime/sdk/src/runtime.ts	98efcd15a2b22a1c52c3e01ff02f31cf2a34414f	5515	implementation-or-test-data	context: not an editorial deletion candidate	True	not-started	
skills/common/plugin-runtime/sdk/src/source-approval.ts	6ee25ecdd54f3c41490cbead83048ec30bfc51c3	7005	implementation-or-test-data	context: not an editorial deletion candidate	True	not-started	
skills/common/plugin-runtime/sdk/src/source-preflight.ts	a76bb3848f27d786c8b762bbf76414a02fbc5eac	2539	implementation-or-test-data	context: not an editorial deletion candidate	True	not-started	
skills/common/plugin-runtime/sdk/src/source-revision.ts	84e486fa74ad659648a96ce097d8ff6498078d15	3848	implementation-or-test-data	context: not an editorial deletion candidate	True	not-started	
skills/common/plugin-runtime/sdk/src/testing/index.ts	4712a2f8951a0cc32c97cfcf777010abdeec3322	129	implementation-or-test-data	context: not an editorial deletion candidate	True	not-started	
skills/common/plugin-runtime/sdk/src/values.ts	8c929f75a7eb22830fffc39347f541ffc8d89eb6	5155	implementation-or-test-data	context: not an editorial deletion candidate	True	not-started	
skills/common/plugin-runtime/sdk/tests/values.test.ts	5fbef36fbf66bb6e87a2196411220ab4d9c1154b	1837	implementation-or-test-data	context: not an editorial deletion candidate	True	not-started	
skills/common/plugin-runtime/sdk/tsconfig.build.json	7b924c110a3f566c62dc11be05ce07e529d90957	482	implementation-or-test-data	context: not an editorial deletion candidate	True	not-started	
skills/common/plugin-runtime/tsconfig.json	b3cace72be0fe4c143c8cd51f893b189c8d2a85e	315	implementation-or-test-data	context: not an editorial deletion candidate	True	not-started	
skills/common/plugins/README.md	695438ac96dd54196da0fc3d99544db9c4198e2a	774	component-or-root-documentation	in-scope	True	not-started	
skills/common/plugins/agent-observability/README.md	73b34687c9e1f7f124fed472f5a4b7210f838148	429	component-or-root-documentation	in-scope	True	not-started	
skills/common/plugins/agent-observability/package.json	d905b0805c265da35a4e2a52f39bfc005dbc146b	369	implementation-or-test-data	context: not an editorial deletion candidate	True	not-started	
skills/common/plugins/agent-observability/plugin.json	341d40f4a337c1731fd3e3b0b00d82ff8862f165	2305	implementation-or-test-data	context: not an editorial deletion candidate	True	not-started	
skills/common/plugins/agent-observability/schemas/checkpoint.schema.json	776b3acc60227144c7db863e48b256ab22be0fbf	232	implementation-or-test-data	context: not an editorial deletion candidate	True	not-started	
skills/common/plugins/agent-observability/schemas/config.schema.json	b64e6a45b21bb628c2d293832617d0a07f316ea1	104	implementation-or-test-data	context: not an editorial deletion candidate	True	not-started	
skills/common/plugins/agent-observability/src/observers.ts	493f6b2aa0f2a609eb24c4e54ef89d08b76d98b3	1353	implementation-or-test-data	context: not an editorial deletion candidate	True	not-started	
skills/common/plugins/agent-observability/tests/live-function.test.ts	5e17932ac1e4ceeecfe470e4b88e019b08f51a05	4131	implementation-or-test-data	context: not an editorial deletion candidate	True	not-started	
skills/common/plugins/agent-observability/tests/observers.unit.test.mjs	f53c59b0e180fe3ec21a9ceb36ee07aa76657811	1000	implementation-or-test-data	context: not an editorial deletion candidate	True	not-started	
skills/common/plugins/agent-observability/tests/package-boundary.test.mjs	59060f87f0a926b162f8284cd92fe2c8d8e2a6e0	425	implementation-or-test-data	context: not an editorial deletion candidate	True	not-started	
skills/common/plugins/agent-observability/tests/parity.test.ts	b89dd00b8212e07e0ebe860d67d23b958ddc40b0	1644	implementation-or-test-data	context: not an editorial deletion candidate	True	not-started	
skills/common/plugins/agent-observability/tsconfig.json	b67479e670cb8e2d453cb4bc8e27cfec919d6562	215	implementation-or-test-data	context: not an editorial deletion candidate	True	not-started	
skills/common/plugins/artifact-store/README.md	f7ff456f92ab5c56c574c705ab63ff539ecc2795	3649	component-or-root-documentation	in-scope	True	not-started	
skills/common/plugins/artifact-store/package.json	c769d0bd2e34c9741e96cd406d3b5365d38bd2fd	337	implementation-or-test-data	context: not an editorial deletion candidate	True	not-started	
skills/common/plugins/artifact-store/plugin.json	6713443db8f7bd720d6fde746ba90fdca92edb1b	443	implementation-or-test-data	context: not an editorial deletion candidate	True	not-started	
skills/common/plugins/artifact-store/schemas/config.schema.json	ddf3f637ccc8daf954b1a677e17bf4c95d6e020d	452	implementation-or-test-data	context: not an editorial deletion candidate	True	not-started	
skills/common/plugins/artifact-store/src/adapter.ts	d04ece2de321114b7eb3d8f6f69e9e2377968730	8486	implementation-or-test-data	context: not an editorial deletion candidate	True	not-started	
skills/common/plugins/artifact-store/tests/live-function.test.ts	cc104d0d05fc97be9016d0546c0e8ba0a7319215	8169	implementation-or-test-data	context: not an editorial deletion candidate	True	not-started	
skills/common/plugins/artifact-store/tests/package-boundary.test.mjs	76d8b135ed9b488a1b49f12e8d7eae3cafd9ccb8	412	implementation-or-test-data	context: not an editorial deletion candidate	True	not-started	
skills/common/plugins/artifact-store/tsconfig.json	b67479e670cb8e2d453cb4bc8e27cfec919d6562	215	implementation-or-test-data	context: not an editorial deletion candidate	True	not-started	
skills/common/plugins/command-runner/README.md	376ee888ce6afe196915ff022b115c4b9942326e	2633	component-or-root-documentation	in-scope	True	not-started	
skills/common/plugins/command-runner/package.json	ef94663300eb4d66763aad2e63a8f88621afef23	497	implementation-or-test-data	context: not an editorial deletion candidate	True	not-started	
skills/common/plugins/command-runner/plugin.json	5a4e3dacc54802617256963af62b4e76c56eaaec	410	implementation-or-test-data	context: not an editorial deletion candidate	True	not-started	
skills/common/plugins/command-runner/schemas/config.schema.json	aa7ab10472116d10bcea5d7460a5541562ba4a64	1137	implementation-or-test-data	context: not an editorial deletion candidate	True	not-started	
skills/common/plugins/command-runner/src/adapter.ts	b7a2a8ad89b1919112107ee726e27ba2996142c0	4977	implementation-or-test-data	context: not an editorial deletion candidate	True	not-started	
skills/common/plugins/command-runner/src/cgroup.ts	aa26e4cd271d0ffa4d7fdbf92090239e38a13ed5	2396	implementation-or-test-data	context: not an editorial deletion candidate	True	not-started	
skills/common/plugins/command-runner/src/execution.ts	ade36d40eac6014ca6fc3028499457660e908c59	5879	implementation-or-test-data	context: not an editorial deletion candidate	True	not-started	
skills/common/plugins/command-runner/src/process-facts.ts	9181aadb28632927bdb251f10fb95cfca0e15f56	2963	implementation-or-test-data	context: not an editorial deletion candidate	True	not-started	
skills/common/plugins/command-runner/src/process-group.ts	718d97dbf44698672015ce2c4cb38687986b4b50	3183	implementation-or-test-data	context: not an editorial deletion candidate	True	not-started	
skills/common/plugins/command-runner/src/runner.ts	f03c94a9221dd91726d095ad99268d38b249e6bc	5057	implementation-or-test-data	context: not an editorial deletion candidate	True	not-started	
skills/common/plugins/command-runner/src/types.ts	07828b8403d6c8ae3de0f2ef45c5e45858e1d9e4	1531	implementation-or-test-data	context: not an editorial deletion candidate	True	not-started	
skills/common/plugins/command-runner/tests/live-function.test.ts	9d450784ace7d586b19173d2ecbed4599f4544e5	5772	implementation-or-test-data	context: not an editorial deletion candidate	True	not-started	
skills/common/plugins/command-runner/tests/package-boundary.test.mjs	9db0f9582106781f1edd5be98c2dc89692674e46	637	implementation-or-test-data	context: not an editorial deletion candidate	True	not-started	
skills/common/plugins/command-runner/tests/process-group-exit.test.ts	78c9f01136d9eb8b618d6ae8587653b010e6eac6	3174	implementation-or-test-data	context: not an editorial deletion candidate	True	not-started	
skills/common/plugins/command-runner/tests/process-group.test.ts	8c011f6704f6dacd4b79de36fd5e4c0eeef840dd	3910	implementation-or-test-data	context: not an editorial deletion candidate	True	not-started	
skills/common/plugins/command-runner/tsconfig.json	b67479e670cb8e2d453cb4bc8e27cfec919d6562	215	implementation-or-test-data	context: not an editorial deletion candidate	True	not-started	
skills/common/plugins/git-workspace/README.md	9e1c3728a8ea41d8db5d634cf3ddfac11d76dc15	2207	component-or-root-documentation	in-scope	True	not-started	
skills/common/plugins/git-workspace/package.json	bad52f3e82397f9fc23238e34725de2cdc3ad85a	335	implementation-or-test-data	context: not an editorial deletion candidate	True	not-started	
skills/common/plugins/git-workspace/plugin.json	4518b76dab6a9eeec88417df47592c2e95b222d2	505	implementation-or-test-data	context: not an editorial deletion candidate	True	not-started	
skills/common/plugins/git-workspace/schemas/config.schema.json	1da3dd546becfbc62c1ea1b03307b183078c0cba	1075	implementation-or-test-data	context: not an editorial deletion candidate	True	not-started	
skills/common/plugins/git-workspace/src/adapter.ts	f9e743b4519c67fcd5ef85ae6cf6d96980ac8777	1595	implementation-or-test-data	context: not an editorial deletion candidate	True	not-started	
skills/common/plugins/git-workspace/src/operations.ts	fcc404dfcfbe0a6ab98184310d7252e690ba0552	9732	implementation-or-test-data	context: not an editorial deletion candidate	True	not-started	
skills/common/plugins/git-workspace/src/review-source.ts	6e309bf71fef02113d9dd8add224e5787542c057	4754	implementation-or-test-data	context: not an editorial deletion candidate	True	not-started	
skills/common/plugins/git-workspace/src/runner.ts	3d060e590ea15cec94d6f18a29943d4ddab22c68	4472	implementation-or-test-data	context: not an editorial deletion candidate	True	not-started	
skills/common/plugins/git-workspace/src/values.ts	7f8ec79d3115f05d8ca9a8bf1e9132b36b3a8977	5830	implementation-or-test-data	context: not an editorial deletion candidate	True	not-started	
skills/common/plugins/git-workspace/src/workspace-ownership.ts	acac01e55f00fa27f22dc77f3062fa7a4c16e97d	2206	implementation-or-test-data	context: not an editorial deletion candidate	True	not-started	
skills/common/plugins/git-workspace/tests/live-function.test.ts	9a8314e252f7fbefaf30a7b37383dd87f825cbd5	12606	implementation-or-test-data	context: not an editorial deletion candidate	True	not-started	
skills/common/plugins/git-workspace/tests/package-boundary.test.mjs	2098e63f8b49a2bedc9dc3b6ca44eb40cf885042	966	implementation-or-test-data	context: not an editorial deletion candidate	True	not-started	
skills/common/plugins/git-workspace/tests/sync-disposition.test.ts	d57dee58ad0de7bf34af5f91a4569ba50c814751	2726	implementation-or-test-data	context: not an editorial deletion candidate	True	not-started	
skills/common/plugins/git-workspace/tsconfig.json	b67479e670cb8e2d453cb4bc8e27cfec919d6562	215	implementation-or-test-data	context: not an editorial deletion candidate	True	not-started	
skills/common/plugins/network-http/README.md	0f5d32d4c42bb411758d4f0a8a72209a8fde7d70	1313	component-or-root-documentation	in-scope	True	not-started	
skills/common/plugins/network-http/package.json	6434b784593143706e9444e8ec5c155e41c53259	327	implementation-or-test-data	context: not an editorial deletion candidate	True	not-started	
skills/common/plugins/network-http/plugin.json	c354c118e690a8264a8a7b56f962d9aae6714d3e	402	implementation-or-test-data	context: not an editorial deletion candidate	True	not-started	
skills/common/plugins/network-http/schemas/config.schema.json	02b9e9052e4c6fa5c680bcb33169c3edd438d351	747	implementation-or-test-data	context: not an editorial deletion candidate	True	not-started	
skills/common/plugins/network-http/src/adapter.ts	1bf50aa8c56786c2cc12c3eb929607dbce7a33c5	6527	implementation-or-test-data	context: not an editorial deletion candidate	True	not-started	
skills/common/plugins/network-http/tests/live-function.test.ts	1e48bbfcf591e5d6dbf4876426c03f6f327f32a5	3851	implementation-or-test-data	context: not an editorial deletion candidate	True	not-started	
skills/common/plugins/network-http/tests/package-boundary.test.mjs	c9fc9b57c5845f0afa4c5a1cb9d3396cbda1d3e3	407	implementation-or-test-data	context: not an editorial deletion candidate	True	not-started	
skills/common/plugins/network-http/tests/streaming.test.ts	efbf8689ebb066f6e9571770a476d015e3316e2b	4505	implementation-or-test-data	context: not an editorial deletion candidate	True	not-started	
skills/common/plugins/network-http/tsconfig.json	1cbf1645188f20ed8a9991226b3fe23666179ca1	137	implementation-or-test-data	context: not an editorial deletion candidate	True	not-started	
skills/common/plugins/notification-observer/README.md	ca81027c16c69afa4bae05831f764440f1db3650	1217	component-or-root-documentation	in-scope	True	not-started	
skills/common/plugins/notification-observer/package.json	034a14e73b16b3a3a603ae180579879780e9d1e6	370	implementation-or-test-data	context: not an editorial deletion candidate	True	not-started	
skills/common/plugins/notification-observer/plugin.json	388560f27ab9c84956f9878840e017c692842b47	1610	implementation-or-test-data	context: not an editorial deletion candidate	True	not-started	
skills/common/plugins/notification-observer/schemas/checkpoint.schema.json	776b3acc60227144c7db863e48b256ab22be0fbf	232	implementation-or-test-data	context: not an editorial deletion candidate	True	not-started	
skills/common/plugins/notification-observer/schemas/config.schema.json	405706d751352f085afcc4054b33b0abc5e07310	842	implementation-or-test-data	context: not an editorial deletion candidate	True	not-started	
skills/common/plugins/notification-observer/src/observer.ts	fa1be22e1f4543f4c5b31b224fb5e64ca1a4ad85	8594	implementation-or-test-data	context: not an editorial deletion candidate	True	not-started	
skills/common/plugins/notification-observer/tests/live-function.test.ts	9ffd812ed9db9bcb44e9ad394767e2c037463ebc	7245	implementation-or-test-data	context: not an editorial deletion candidate	True	not-started	
skills/common/plugins/notification-observer/tests/observer.unit.test.mjs	9239de699aa4a3b7bd2211f1d68bf4c2dddb8bb4	1575	implementation-or-test-data	context: not an editorial deletion candidate	True	not-started	
skills/common/plugins/notification-observer/tests/package-boundary.test.mjs	af8e9070fbae6c8b2a7978233a320f87209e0135	471	implementation-or-test-data	context: not an editorial deletion candidate	True	not-started	
skills/common/plugins/notification-observer/tests/parity.test.ts	dc61b9a5535c6bb0d63ba9861e8fb6b3c1f7b7cb	2910	implementation-or-test-data	context: not an editorial deletion candidate	True	not-started	
skills/common/plugins/notification-observer/tsconfig.json	1cbf1645188f20ed8a9991226b3fe23666179ca1	137	implementation-or-test-data	context: not an editorial deletion candidate	True	not-started	
skills/common/plugins/openclaw-agent-events/README.md	ce80d5b4001052383e98f76c46d59c198e3a3377	1569	component-or-root-documentation	in-scope	True	not-started	
skills/common/plugins/openclaw-agent-events/package.json	777d885dba355be98108ab9123dff82b2bd2a2bd	304	implementation-or-test-data	context: not an editorial deletion candidate	True	not-started	
skills/common/plugins/openclaw-agent-events/plugin.json	ac6f90bccd0602dc3b33ec0e6799b99610b6d0dc	423	implementation-or-test-data	context: not an editorial deletion candidate	True	not-started	
skills/common/plugins/openclaw-agent-events/schemas/config.schema.json	c15b3969656b3ae1453cea7e6a6d86b375f5aa63	1026	implementation-or-test-data	context: not an editorial deletion candidate	True	not-started	
skills/common/plugins/openclaw-agent-events/src/adapter.ts	106fcbf6cc5bebeda4462b5b623c1112d2d94b84	5856	implementation-or-test-data	context: not an editorial deletion candidate	True	not-started	
skills/common/plugins/openclaw-agent-events/src/ingress-queue.ts	35916eb4120482d3665778bccc407aa6edb5aeea	3150	implementation-or-test-data	context: not an editorial deletion candidate	True	not-started	
skills/common/plugins/openclaw-agent-events/tests/live-function.test.ts	4e7f8b9d8776c160b6c039396e15b0f2f45cc068	5044	implementation-or-test-data	context: not an editorial deletion candidate	True	not-started	
skills/common/plugins/openclaw-agent-events/tests/package-boundary.test.mjs	08ee4bdc0fb81b3206432dc7c47dc6dca2964d49	471	implementation-or-test-data	context: not an editorial deletion candidate	True	not-started	
skills/common/plugins/openclaw-agent-events/tsconfig.json	b67479e670cb8e2d453cb4bc8e27cfec919d6562	215	implementation-or-test-data	context: not an editorial deletion candidate	True	not-started	
skills/common/plugins/openclaw-agent-observer/.gitignore	e08e9320ab149ccaf29229da946b55a0321a1488	35	implementation-or-test-data	context: not an editorial deletion candidate	False	not-started	
skills/common/plugins/openclaw-agent-observer/README.md	bab2d0ae53a61418629cc635a918047d3ff05abd	1187	component-or-root-documentation	in-scope	True	not-started	
skills/common/plugins/openclaw-agent-observer/openclaw.plugin.json	8f2f256766179316551cf237adf8f4b85a3caac4	1255	implementation-or-test-data	context: not an editorial deletion candidate	True	not-started	
skills/common/plugins/openclaw-agent-observer/package-lock.json	de7693a5b87d479f1d0f05666c9af7ebc1082328	1474	implementation-or-test-data	context: not an editorial deletion candidate	False	not-started	
skills/common/plugins/openclaw-agent-observer/package.json	74be94c2fd0022dbdac3415fa4a8cec79964ed65	1072	implementation-or-test-data	context: not an editorial deletion candidate	True	not-started	
skills/common/plugins/openclaw-agent-observer/scripts/build.mjs	8b763b350476f9a0dd452a853ff460289c3b9b57	1737	implementation-or-test-data	context: not an editorial deletion candidate	True	not-started	
skills/common/plugins/openclaw-agent-observer/scripts/sync-contract.mjs	e51f4f5f235ec489233966aec12e38e5663b9be8	1231	implementation-or-test-data	context: not an editorial deletion candidate	True	not-started	
skills/common/plugins/openclaw-agent-observer/src/config.ts	f24ab827f7dd4bf5bf3d9867fb8d4ca7aff9ebb6	5592	implementation-or-test-data	context: not an editorial deletion candidate	True	not-started	
skills/common/plugins/openclaw-agent-observer/src/diagnostics.ts	4a8bb77b133ec356069c244dbb2170305acea6ab	1643	implementation-or-test-data	context: not an editorial deletion candidate	True	not-started	
skills/common/plugins/openclaw-agent-observer/src/hook-normalizers.ts	03ae329cf0d961584f0012003e9d4cde8df324fb	7930	implementation-or-test-data	context: not an editorial deletion candidate	True	not-started	
skills/common/plugins/openclaw-agent-observer/src/hook-payloads.ts	6d6dd738f84eda7b898c26753dfa4565fc0ba4b9	8674	implementation-or-test-data	context: not an editorial deletion candidate	True	not-started	
skills/common/plugins/openclaw-agent-observer/src/hook-values.ts	aeaef5832cc1e0d2f525f5fbb39d95380ce82269	6565	implementation-or-test-data	context: not an editorial deletion candidate	True	not-started	
skills/common/plugins/openclaw-agent-observer/src/index.ts	f4a76971bb6b904045bf6f6c1ed05a694d1c5f27	11118	implementation-or-test-data	context: not an editorial deletion candidate	True	not-started	
skills/common/plugins/openclaw-agent-observer/src/observer-support.ts	19afca4493cb077f486b49e5cc38425f19a4f981	4336	implementation-or-test-data	context: not an editorial deletion candidate	True	not-started	
skills/common/plugins/openclaw-agent-observer/src/plugin-api.ts	3d02e0c6fe034d5953e0d7331ad2be8e2dc8df9f	1625	implementation-or-test-data	context: not an editorial deletion candidate	True	not-started	
skills/common/plugins/openclaw-agent-observer/src/redis-transport.ts	7721b96136a5029c4ff9ec2eb7779f0a3ec37af0	6418	implementation-or-test-data	context: not an editorial deletion candidate	True	not-started	
skills/common/plugins/openclaw-agent-observer/src/redis-writer-types.ts	72c567951eda4dad13b3ec2e41c4243d6f36fb43	1389	implementation-or-test-data	context: not an editorial deletion candidate	True	not-started	
skills/common/plugins/openclaw-agent-observer/src/redis-writer.ts	520c1ab358b353da801ab695d5e7b31b8a5bdbfe	10071	implementation-or-test-data	context: not an editorial deletion candidate	True	not-started	
skills/common/plugins/openclaw-agent-observer/tests/clean-build.test.mjs	ea9b76ab79ae7defd4776fc460281d82a7935dc8	3390	implementation-or-test-data	context: not an editorial deletion candidate	True	not-started	
skills/common/plugins/openclaw-agent-observer/tests/config.test.mjs	9494e34cd90cf57dfc80430bd4b37a6f8d3a6665	1758	implementation-or-test-data	context: not an editorial deletion candidate	True	not-started	
skills/common/plugins/openclaw-agent-observer/tests/live-function.test.ts	07225681270a067780ba29baf2116ee4c0fee4fb	3436	implementation-or-test-data	context: not an editorial deletion candidate	True	not-started	
skills/common/plugins/openclaw-agent-observer/tests/package-boundary.test.mjs	ca697b5c837e24e4b949f40075704f5f4a716f72	1352	implementation-or-test-data	context: not an editorial deletion candidate	True	not-started	
skills/common/plugins/openclaw-agent-observer/tests/remediation.test.ts	7afbbc3994449fe0164be28a820165745da77ee4	5173	implementation-or-test-data	context: not an editorial deletion candidate	True	not-started	
skills/common/plugins/openclaw-agent-observer/tsconfig.build.json	243b1b1aef9e7e8f9d65e46809bd1c735699b0a2	282	implementation-or-test-data	context: not an editorial deletion candidate	True	not-started	
skills/common/plugins/openclaw-agent-observer/tsconfig.json	d8eaaab875ea55fd9db0d772b14297db445d1881	158	implementation-or-test-data	context: not an editorial deletion candidate	True	not-started	
skills/common/plugins/operator-messaging/README.md	ed52fbd6e3640a89896bd90758501287de4cf762	4482	component-or-root-documentation	in-scope	True	not-started	
skills/common/plugins/operator-messaging/package.json	ccb6d9e73d21feedd8557bf8cb186b74eb5dfe27	341	implementation-or-test-data	context: not an editorial deletion candidate	True	not-started	
skills/common/plugins/operator-messaging/plugin.json	a932569e03574a5c1e85192a71f032cc2d837941	498	implementation-or-test-data	context: not an editorial deletion candidate	True	not-started	
skills/common/plugins/operator-messaging/schemas/config.schema.json	9624317df0954c27813eac026a548ef08fea5f23	2194	implementation-or-test-data	context: not an editorial deletion candidate	True	not-started	
skills/common/plugins/operator-messaging/schemas/payload.schema.json	236cf1e34acb98e17d9235cd9a31202e7868d3aa	2230	implementation-or-test-data	context: not an editorial deletion candidate	True	not-started	
skills/common/plugins/operator-messaging/src/adapter.ts	d23551fcba09563de21fbeadb10f8ac090da531e	8102	implementation-or-test-data	context: not an editorial deletion candidate	True	not-started	
skills/common/plugins/operator-messaging/src/config.ts	1aeb5b8bb4f9f970fdbef6a71dafd4b85844be11	5731	implementation-or-test-data	context: not an editorial deletion candidate	True	not-started	
skills/common/plugins/operator-messaging/src/delivery-projection.ts	812219e708bc2f0ce8b547f7df6b9c4a2accaa36	10652	implementation-or-test-data	context: not an editorial deletion candidate	True	not-started	
skills/common/plugins/operator-messaging/src/delivery-records.ts	1eab1a28018df360b39088dfe01824a6a7fd5f0f	8118	implementation-or-test-data	context: not an editorial deletion candidate	True	not-started	
skills/common/plugins/operator-messaging/src/discord-payload.ts	545322f8683cb768d624c20702446e8c01860b41	1603	implementation-or-test-data	context: not an editorial deletion candidate	True	not-started	
skills/common/plugins/operator-messaging/src/discord-receipt.ts	2475778b92f5b877b7aa26e6a53996e674ccd151	2290	implementation-or-test-data	context: not an editorial deletion candidate	True	not-started	
skills/common/plugins/operator-messaging/src/payload.ts	564362d8f3a17d11bc490cef7c259392db44688d	6511	implementation-or-test-data	context: not an editorial deletion candidate	True	not-started	
skills/common/plugins/operator-messaging/src/receiver.ts	289191794120646161c2d48d9a897518df283055	1663	implementation-or-test-data	context: not an editorial deletion candidate	True	not-started	
skills/common/plugins/operator-messaging/tests/live-function.test.ts	8ed97204c6b0760b1c2c8b05a7f435b2a7e36456	17785	implementation-or-test-data	context: not an editorial deletion candidate	True	not-started	
skills/common/plugins/operator-messaging/tests/package-boundary.test.mjs	3b125dbc931f5061d568a17a3624ccdfa116e771	1477	implementation-or-test-data	context: not an editorial deletion candidate	True	not-started	
skills/common/plugins/operator-messaging/tsconfig.json	1cbf1645188f20ed8a9991226b3fe23666179ca1	137	implementation-or-test-data	context: not an editorial deletion candidate	True	not-started	
skills/common/plugins/prompt-contract/README.md	16b24287367cdb7767dd2411b550d100c8ccd3d0	1151	component-or-root-documentation	in-scope	True	not-started	
skills/common/plugins/prompt-contract/package.json	61d5c0ca4c3db0a0c34f4de4487e7b2aecf807e3	240	implementation-or-test-data	context: not an editorial deletion candidate	True	not-started	
skills/common/plugins/prompt-contract/src/index.ts	d2d3a30c401ff833ec4f8bbd5082d4846e73b97f	6518	implementation-or-test-data	context: not an editorial deletion candidate	True	not-started	
skills/common/plugins/prompt-contract/tests/live-function.test.ts	97a1a254e56b335fbf472c8907fd01e020c559c3	4069	implementation-or-test-data	context: not an editorial deletion candidate	True	not-started	
skills/common/plugins/prompt-contract/tsconfig.json	b67479e670cb8e2d453cb4bc8e27cfec919d6562	215	implementation-or-test-data	context: not an editorial deletion candidate	True	not-started	
skills/common/plugins/redis-transport/README.md	61c2b123bf43cdbd627484f8fae379b150e8a8a9	1981	component-or-root-documentation	in-scope	True	not-started	
skills/common/plugins/redis-transport/package.json	7bfb4e5c69f916b8942bf150ae390aa494b52a94	297	implementation-or-test-data	context: not an editorial deletion candidate	True	not-started	
skills/common/plugins/redis-transport/plugin.json	7f4795499af7c766713bae38071f4e0b4cb37bb2	744	implementation-or-test-data	context: not an editorial deletion candidate	True	not-started	
skills/common/plugins/redis-transport/schemas/config.schema.json	7a2bcc753f2643221614e9fb3b079e45c422aa2c	614	implementation-or-test-data	context: not an editorial deletion candidate	True	not-started	
skills/common/plugins/redis-transport/src/adapter.ts	d062459c5143abe1cd347acbf9b5108deffd7ad9	4404	implementation-or-test-data	context: not an editorial deletion candidate	True	not-started	
skills/common/plugins/redis-transport/src/exchange.ts	04773edf200eefdc79ca9dbfa79e6c604e54a8fd	2131	implementation-or-test-data	context: not an editorial deletion candidate	True	not-started	
skills/common/plugins/redis-transport/src/resp.ts	022f1e24e92e18aac26a9c6b7b5e0353d7abe074	3544	implementation-or-test-data	context: not an editorial deletion candidate	True	not-started	
skills/common/plugins/redis-transport/src/stream-identity.ts	25f2a5f68c75f3df427ccc24910f52ca47d06da6	496	implementation-or-test-data	context: not an editorial deletion candidate	True	not-started	
skills/common/plugins/redis-transport/tests/live-function.test.ts	5f195f5ccf0654d8f34f7cd3b99719e5f5abb1a1	2515	implementation-or-test-data	context: not an editorial deletion candidate	True	not-started	
skills/common/plugins/redis-transport/tests/package-boundary.test.ts	58078bc96efafb4090f97263249a113f48eaf2dc	647	implementation-or-test-data	context: not an editorial deletion candidate	True	not-started	
skills/common/plugins/redis-transport/tsconfig.json	b67479e670cb8e2d453cb4bc8e27cfec919d6562	215	implementation-or-test-data	context: not an editorial deletion candidate	True	not-started	
skills/common/plugins/runtime-dispatch/README.md	71d0ec0073566d8b0838ed05e2af83b8851bebf8	2857	component-or-root-documentation	in-scope	True	not-started	
skills/common/plugins/runtime-dispatch/package.json	81d251432596d0b1d4fa88a126e6a574de48df8e	410	implementation-or-test-data	context: not an editorial deletion candidate	True	not-started	
skills/common/plugins/runtime-dispatch/plugin.json	c2eaa833c95e24d49da28df4edbca12a2b08717b	822	implementation-or-test-data	context: not an editorial deletion candidate	True	not-started	
skills/common/plugins/runtime-dispatch/schemas/config.schema.json	4f54ddb8378faaead10b0ae0829360912be89dd5	1286	implementation-or-test-data	context: not an editorial deletion candidate	True	not-started	
skills/common/plugins/runtime-dispatch/schemas/openclaw-config.schema.json	9133b86345a3d57bafc7a6df1cb0ad284a4649f4	2661	implementation-or-test-data	context: not an editorial deletion candidate	True	not-started	
skills/common/plugins/runtime-dispatch/src/adapter.ts	713f666ae36bf73823b63fb299db450386effb62	7189	implementation-or-test-data	context: not an editorial deletion candidate	True	not-started	
skills/common/plugins/runtime-dispatch/src/dispatch-adapter.ts	e374868e08b5680c882368299820a5425befccfe	1278	implementation-or-test-data	context: not an editorial deletion candidate	True	not-started	
skills/common/plugins/runtime-dispatch/src/openclaw-adapter.ts	9da2a2dab147b587f7a2ac2c380179b35bf665f5	1193	implementation-or-test-data	context: not an editorial deletion candidate	True	not-started	
skills/common/plugins/runtime-dispatch/src/openclaw-cleanup.ts	e8eb4a55d1a514af6738720073972cd5779a95f3	3730	implementation-or-test-data	context: not an editorial deletion candidate	True	not-started	
skills/common/plugins/runtime-dispatch/src/openclaw-config.ts	c5d9fdcf8b8fdb3ea0217093f236f3ffc4f24b2f	6531	implementation-or-test-data	context: not an editorial deletion candidate	True	not-started	
skills/common/plugins/runtime-dispatch/src/openclaw-response.ts	8bf5f8219b5aaff399952113f2d8e5a8ae61c421	3610	implementation-or-test-data	context: not an editorial deletion candidate	True	not-started	
skills/common/plugins/runtime-dispatch/src/openclaw-result.ts	5420e8fd9d173e4abe80c82bea2fd9549a6bc5e6	6651	implementation-or-test-data	context: not an editorial deletion candidate	True	not-started	
skills/common/plugins/runtime-dispatch/src/openclaw-session.ts	bcdcb875206496b899cf245d6342c9678e655ad4	15618	implementation-or-test-data	context: not an editorial deletion candidate	True	not-started	
skills/common/plugins/runtime-dispatch/src/openclaw.ts	a937c58ad59e57c7a972a59714c343def66e3f00	18385	implementation-or-test-data	context: not an editorial deletion candidate	True	not-started	
skills/common/plugins/runtime-dispatch/src/result-persistence.ts	d1816884c166e0c143bb72507e701c1ca792f34a	4992	implementation-or-test-data	context: not an editorial deletion candidate	True	not-started	
skills/common/plugins/runtime-dispatch/src/workspace-target.ts	fc262e23960b6a54b69a41494c34390434b47e31	1804	implementation-or-test-data	context: not an editorial deletion candidate	True	not-started	
skills/common/plugins/runtime-dispatch/tests/live-function.test.ts	34115d27bc679a9bd0829d8cdcbd934f44ec41e3	24011	implementation-or-test-data	context: not an editorial deletion candidate	True	not-started	
skills/common/plugins/runtime-dispatch/tests/package-boundary.test.mjs	45f27f4c70ff5e7748782a8e3043a986ede08093	464	implementation-or-test-data	context: not an editorial deletion candidate	True	not-started	
skills/common/plugins/runtime-dispatch/tsconfig.json	1cbf1645188f20ed8a9991226b3fe23666179ca1	137	implementation-or-test-data	context: not an editorial deletion candidate	True	not-started	
skills/common/plugins/secret-resolver/README.md	39e395a464162f33258f73927747bdfd8bf4ad11	338	component-or-root-documentation	in-scope	True	not-started	
skills/common/plugins/secret-resolver/package.json	6fa7e24d3097f850fbb93d8326b625c1ecc80d1b	298	implementation-or-test-data	context: not an editorial deletion candidate	True	not-started	
skills/common/plugins/secret-resolver/plugin.json	85cbb401cd879cd3965fa4d5302a8796b6f785ad	408	implementation-or-test-data	context: not an editorial deletion candidate	True	not-started	
skills/common/plugins/secret-resolver/schemas/config.schema.json	98fd00ff61e4f905e8f423cbc4c7212a546de04e	249	implementation-or-test-data	context: not an editorial deletion candidate	True	not-started	
skills/common/plugins/secret-resolver/src/adapter.ts	6c583c7c4ece58a3ca34bd06ea7d429606c82895	1168	implementation-or-test-data	context: not an editorial deletion candidate	True	not-started	
skills/common/plugins/secret-resolver/tests/live-function.test.ts	04b5a4b1ff8ef0fd5b59590177ef809cfd773c9e	1664	implementation-or-test-data	context: not an editorial deletion candidate	True	not-started	
skills/common/plugins/secret-resolver/tests/package-boundary.test.mjs	807c360d12ecfc30ab70944722f894fd062bf968	402	implementation-or-test-data	context: not an editorial deletion candidate	True	not-started	
skills/common/plugins/secret-resolver/tsconfig.json	1cbf1645188f20ed8a9991226b3fe23666179ca1	137	implementation-or-test-data	context: not an editorial deletion candidate	True	not-started	
skills/common/plugins/state-store/README.md	6b25cce06eca72bc78b0f0af5544579ddd4e5a75	616	component-or-root-documentation	in-scope	True	not-started	
skills/common/plugins/state-store/package.json	23b196c59a9d53cd97b90fe1fabea21169de5c72	334	implementation-or-test-data	context: not an editorial deletion candidate	True	not-started	
skills/common/plugins/state-store/plugin.json	3ca64ece3954adde0eae68e907749c982c1025f2	424	implementation-or-test-data	context: not an editorial deletion candidate	True	not-started	
skills/common/plugins/state-store/schemas/config.schema.json	9536f03f42363325cae02c5ab4fa40440dd7899e	379	implementation-or-test-data	context: not an editorial deletion candidate	True	not-started	
skills/common/plugins/state-store/src/adapter.ts	1990f8fa83e544f7bde1fb9be604c28f55c61682	4151	implementation-or-test-data	context: not an editorial deletion candidate	True	not-started	
skills/common/plugins/state-store/tests/live-function.test.ts	932a0ffe3216ca331538e0b2eb3eb620a0eded2a	3139	implementation-or-test-data	context: not an editorial deletion candidate	True	not-started	
skills/common/plugins/state-store/tests/package-boundary.test.mjs	737f1d8aacdf45d86e6ba3691156eff14beb0e7d	400	implementation-or-test-data	context: not an editorial deletion candidate	True	not-started	
skills/common/plugins/state-store/tsconfig.json	b67479e670cb8e2d453cb4bc8e27cfec919d6562	215	implementation-or-test-data	context: not an editorial deletion candidate	True	not-started	
skills/common/plugins/telemetry-observer/README.md	ccc5061b5fe32fa9d9972cbe72832cbd6f2dda39	447	component-or-root-documentation	in-scope	True	not-started	
skills/common/plugins/telemetry-observer/package.json	53bc51dc60525c8ff3e1ceabfae47051992c9f85	330	implementation-or-test-data	context: not an editorial deletion candidate	True	not-started	
skills/common/plugins/telemetry-observer/plugin.json	d49a9268bb2d05c12232f3ee9356f3eb26546b4e	1390	implementation-or-test-data	context: not an editorial deletion candidate	True	not-started	
skills/common/plugins/telemetry-observer/schemas/checkpoint.schema.json	776b3acc60227144c7db863e48b256ab22be0fbf	232	implementation-or-test-data	context: not an editorial deletion candidate	True	not-started	
skills/common/plugins/telemetry-observer/schemas/config.schema.json	b64e6a45b21bb628c2d293832617d0a07f316ea1	104	implementation-or-test-data	context: not an editorial deletion candidate	True	not-started	
skills/common/plugins/telemetry-observer/src/observer.ts	5fd3438ea43ced4ba3d2c04250bc3055c00f0d48	1040	implementation-or-test-data	context: not an editorial deletion candidate	True	not-started	
skills/common/plugins/telemetry-observer/tests/live-function.test.ts	2dde61cecac5e961d4c430aa8c1b0cf9eb5b90e8	1937	implementation-or-test-data	context: not an editorial deletion candidate	True	not-started	
skills/common/plugins/telemetry-observer/tests/package-boundary.test.mjs	af55663ee792f5fd90fe8f279c339101cfe3b02e	408	implementation-or-test-data	context: not an editorial deletion candidate	True	not-started	
skills/common/plugins/telemetry-observer/tests/parity.test.ts	87e39916dc5bc43faa5a28e7db26768164c5343b	1235	implementation-or-test-data	context: not an editorial deletion candidate	True	not-started	
skills/common/plugins/telemetry-observer/tsconfig.json	1cbf1645188f20ed8a9991226b3fe23666179ca1	137	implementation-or-test-data	context: not an editorial deletion candidate	True	not-started	
skills/common/plugins/telemetry-store/README.md	d327b92f552261c9df8b54aecc9cd05ca15f0484	2339	component-or-root-documentation	in-scope	True	not-started	
skills/common/plugins/telemetry-store/package.json	50ec3c351090d54f6b508aa30871938f5db60acd	425	implementation-or-test-data	context: not an editorial deletion candidate	True	not-started	
skills/common/plugins/telemetry-store/plugin.json	a3660f75ce48c31988926ce55e1ac869d3fb8397	412	implementation-or-test-data	context: not an editorial deletion candidate	True	not-started	
skills/common/plugins/telemetry-store/schemas/config.schema.json	f3a1a5f758679e6f83fe33c3af40793d8b065ccf	380	implementation-or-test-data	context: not an editorial deletion candidate	True	not-started	
skills/common/plugins/telemetry-store/src/adapter.ts	a906566c739f386e9c395967859420c1e212aa81	2189	implementation-or-test-data	context: not an editorial deletion candidate	True	not-started	
skills/common/plugins/telemetry-store/src/projection.ts	a7486013a0edcfd2b29188713de0419dbdc62348	4807	implementation-or-test-data	context: not an editorial deletion candidate	True	not-started	
skills/common/plugins/telemetry-store/tests/live-function.test.ts	8c7e64f371496e119530f2a7831d1394937f922e	2414	implementation-or-test-data	context: not an editorial deletion candidate	True	not-started	
skills/common/plugins/telemetry-store/tests/package-boundary.test.mjs	80627750e3fba63fd4b1630fecf5e52a0c9a67a0	403	implementation-or-test-data	context: not an editorial deletion candidate	True	not-started	
skills/common/plugins/telemetry-store/tsconfig.json	1cbf1645188f20ed8a9991226b3fe23666179ca1	137	implementation-or-test-data	context: not an editorial deletion candidate	True	not-started	
skills/common/plugins/transport-publisher/README.md	de6a7965027a0e3ceb1dc3e18e22f38d5031b68c	1529	component-or-root-documentation	in-scope	True	not-started	
skills/common/plugins/transport-publisher/package.json	cdca428be0e5a0a17ccbf99b581ac70d5b9de4a4	383	implementation-or-test-data	context: not an editorial deletion candidate	True	not-started	
skills/common/plugins/transport-publisher/plugin.json	ac241127ee8124277587eec02517d9d319ba8e10	473	implementation-or-test-data	context: not an editorial deletion candidate	True	not-started	
skills/common/plugins/transport-publisher/schemas/config.schema.json	f1593528b6fe43e63acca3ab4459b7cb322d3a9e	1175	implementation-or-test-data	context: not an editorial deletion candidate	True	not-started	
skills/common/plugins/transport-publisher/schemas/publish.schema.json	61a4fef486e1daa58da07a90aa07da6e9fb38f57	213	implementation-or-test-data	context: not an editorial deletion candidate	True	not-started	
skills/common/plugins/transport-publisher/schemas/receipt.schema.json	008d937d7b2210645fcad559dc7eef3e7327d415	541	implementation-or-test-data	context: not an editorial deletion candidate	True	not-started	
skills/common/plugins/transport-publisher/src/adapter.ts	afc0656773f1286ac70160b267bd082513901b05	14846	implementation-or-test-data	context: not an editorial deletion candidate	True	not-started	
skills/common/plugins/transport-publisher/tests/config-validation.test.mjs	4498872029f81eb223a87d276da4fd77f996d218	1766	implementation-or-test-data	context: not an editorial deletion candidate	True	not-started	
skills/common/plugins/transport-publisher/tests/live-function.test.ts	b051ad2a6ddc5dbc7785f9c10df0b1fd2f9605c2	15636	implementation-or-test-data	context: not an editorial deletion candidate	True	not-started	
skills/common/plugins/transport-publisher/tests/package-boundary.test.mjs	944ce39de0c725f4bb218ecc8112e6d1cf19d6a7	534	implementation-or-test-data	context: not an editorial deletion candidate	True	not-started	
skills/common/plugins/transport-publisher/tsconfig.json	b67479e670cb8e2d453cb4bc8e27cfec919d6562	215	implementation-or-test-data	context: not an editorial deletion candidate	True	not-started	
skills/common/plugins/wait-store/README.md	93b05d95f1b343d29bacea829174ee208b04bc6f	704	component-or-root-documentation	in-scope	True	not-started	
skills/common/plugins/wait-store/package.json	74ef0c02dc93e08d2ff8cb0df626695f22d7bb36	333	implementation-or-test-data	context: not an editorial deletion candidate	True	not-started	
skills/common/plugins/wait-store/plugin.json	4e48241e949f8b8664098241a5037ffd9bf17370	400	implementation-or-test-data	context: not an editorial deletion candidate	True	not-started	
skills/common/plugins/wait-store/schemas/config.schema.json	9536f03f42363325cae02c5ab4fa40440dd7899e	379	implementation-or-test-data	context: not an editorial deletion candidate	True	not-started	
skills/common/plugins/wait-store/src/adapter.ts	df38667e64c2bba1578750a90cefb806a0e8a53e	10329	implementation-or-test-data	context: not an editorial deletion candidate	True	not-started	
skills/common/plugins/wait-store/tests/live-function.test.ts	ca51f1cb72d1e9f695128ebcf31fb6d1dc64cd95	5992	implementation-or-test-data	context: not an editorial deletion candidate	True	not-started	
skills/common/plugins/wait-store/tests/package-boundary.test.mjs	466f06c1b1c507abf64d2309b0da3e57b9497b59	640	implementation-or-test-data	context: not an editorial deletion candidate	True	not-started	
skills/common/plugins/wait-store/tsconfig.json	1cbf1645188f20ed8a9991226b3fe23666179ca1	137	implementation-or-test-data	context: not an editorial deletion candidate	True	not-started	
skills/nova/core/BOUNDARIES.md	4ab4f0f7b7b33cd4db18585c59249dda083575fb	148	component-or-root-documentation	in-scope	True	not-started	
skills/nova/core/cli.ts	08700f001afa73dadf523e1c48e6fdfd9e206cf5	3180	implementation-or-test-data	context: not an editorial deletion candidate	True	not-started	
skills/nova/core/effects/README.md	77fbf4934f90d9a21c86b90d93926ce98249b306	2908	component-or-root-documentation	in-scope	True	not-started	
skills/nova/core/effects/contracts.ts	4921e82c1db86500022b1bdca23c011e226c0218	1478	implementation-or-test-data	context: not an editorial deletion candidate	True	not-started	
skills/nova/core/effects/coordinator.ts	687cca4537209dd1c0cbb5f9ed1b66e7d3f1b630	4133	implementation-or-test-data	context: not an editorial deletion candidate	True	not-started	
skills/nova/core/effects/dependency-identity.ts	1fdff52e67be877d858745970ed80e46220c91af	3443	implementation-or-test-data	context: not an editorial deletion candidate	True	not-started	
skills/nova/core/effects/dependency-journal.ts	56dd9e2832d8c5a8c980b1163ad8ef5c43433770	6212	implementation-or-test-data	context: not an editorial deletion candidate	True	not-started	
skills/nova/core/effects/durable-invocation.ts	2c8092ed17cf76cb00ca1949efb18042d0217577	8768	implementation-or-test-data	context: not an editorial deletion candidate	True	not-started	
skills/nova/core/effects/identity.ts	63d55306b4c870f904cb6c8c6ce0cf95929e4666	2416	implementation-or-test-data	context: not an editorial deletion candidate	True	not-started	
skills/nova/core/effects/journal.ts	c17cbe961426e5fd87facb492b20d867c2eb9473	10322	implementation-or-test-data	context: not an editorial deletion candidate	True	not-started	
skills/nova/core/effects/locks.ts	7510861e0dd2cb1ce7aa53f38a004c29e1e124bd	10476	implementation-or-test-data	context: not an editorial deletion candidate	True	not-started	
skills/nova/core/effects/memory-locks.ts	1e5f1ed2f8df96a951c1819d0781282d3c40825f	2178	implementation-or-test-data	context: not an editorial deletion candidate	True	not-started	
skills/nova/core/effects/resource-acquisition.ts	67fc84d2a191a4d3260dd14b5b4df67bb2ec945a	1599	implementation-or-test-data	context: not an editorial deletion candidate	True	not-started	
skills/nova/core/execution/CAPABILITIES.md	34ee8c401f5e7ac629be234c473d8fe35928802c	4030	component-or-root-documentation	in-scope	True	not-started	
skills/nova/core/execution/README.md	87836091c04757405c97713caabe7409caf580d2	1834	component-or-root-documentation	in-scope	True	not-started	
skills/nova/core/execution/adapter-invocation-phase.ts	57f3be49d3ac855f305ba773fc4096e166106691	2283	implementation-or-test-data	context: not an editorial deletion candidate	True	not-started	
skills/nova/core/execution/adapter-startup.ts	7c79ce675992d47b2dab22d7ac011f82ccd83468	14779	implementation-or-test-data	context: not an editorial deletion candidate	True	not-started	
skills/nova/core/execution/adapter-support.ts	752b9246a6331fe2b31d5cc00a859a15aa0ce910	2122	implementation-or-test-data	context: not an editorial deletion candidate	True	not-started	
skills/nova/core/execution/adapters.ts	bff298de0453beb8fe5ffe2913940f4a9080bfc0	6610	implementation-or-test-data	context: not an editorial deletion candidate	True	not-started	
skills/nova/core/execution/administrative-repair.ts	d93dbd46ad1a50fcb8b005ebc85151ccd8cdcfff	2372	implementation-or-test-data	context: not an editorial deletion candidate	True	not-started	
skills/nova/core/execution/artifact-checkpoints.ts	2185e067c03789d7cb51a5411b5db74368d7ca82	6682	implementation-or-test-data	context: not an editorial deletion candidate	True	not-started	
skills/nova/core/execution/authorization.ts	92aeec58392efda18fe50465487d86ccce61b070	10287	implementation-or-test-data	context: not an editorial deletion candidate	True	not-started	
skills/nova/core/execution/context.ts	c204e00de9c6dbd012259b7e551e6b7cb3be420d	2782	implementation-or-test-data	context: not an editorial deletion candidate	True	not-started	
skills/nova/core/execution/effect-recovery.ts	17d7cacdc3c76653d97920d84fb15445b4fe16ad	2098	implementation-or-test-data	context: not an editorial deletion candidate	True	not-started	
skills/nova/core/execution/engine-admin.ts	b20a8fefdc8aafd33e7e751211a47f76b25dcb9a	13717	implementation-or-test-data	context: not an editorial deletion candidate	True	not-started	
skills/nova/core/execution/engine-run.ts	8cbeab01a0e9df8ad70eaeea2c363239f62df5a4	11148	implementation-or-test-data	context: not an editorial deletion candidate	True	not-started	
skills/nova/core/execution/engine-runtime.ts	c0422a3bfa1ded55cacf951ab4d9dc29c3cf0354	7930	implementation-or-test-data	context: not an editorial deletion candidate	True	not-started	
skills/nova/core/execution/engine-snapshots.ts	1a1344a8b178f6ce14d6810ed97b9ff0444fee69	12185	implementation-or-test-data	context: not an editorial deletion candidate	True	not-started	
skills/nova/core/execution/engine.ts	b7d7fac92bb9241401a8b29d8d5779b54f2a7fd0	2798	implementation-or-test-data	context: not an editorial deletion candidate	True	not-started	
skills/nova/core/execution/graph-build.ts	e90d68c5f4d39790aa95d1edfccd82ec59b4f9ca	6850	implementation-or-test-data	context: not an editorial deletion candidate	True	not-started	
skills/nova/core/execution/graph-repair-budget.ts	6ee1834b43dc804bc03d32c6de27df00fb26aebd	2150	implementation-or-test-data	context: not an editorial deletion candidate	True	not-started	
skills/nova/core/execution/graph.ts	002aeaaa928380736d8e10d3c816e2d2222d3cc1	5121	implementation-or-test-data	context: not an editorial deletion candidate	True	not-started	
skills/nova/core/execution/lease.ts	126eeb69733ddc2038701391a0e95ce296926f37	1089	implementation-or-test-data	context: not an editorial deletion candidate	True	not-started	
skills/nova/core/execution/pipeline-loop.ts	5a6dc9e642a4e38f305ce14921b4a10c14482aba	10717	implementation-or-test-data	context: not an editorial deletion candidate	True	not-started	
skills/nova/core/execution/run-decisions.ts	2d6c86ddf09fc04957b6e37a3576e9fe4e06e3b4	9555	implementation-or-test-data	context: not an editorial deletion candidate	True	not-started	
skills/nova/core/execution/run-mutation.ts	505a3a34266a83ff7d0c6ecf2e47ca41ee9ca585	1470	implementation-or-test-data	context: not an editorial deletion candidate	True	not-started	
skills/nova/core/execution/run-root.ts	07e7d3612a4ca1fbfccb34598f0480def2cb9d6b	3400	implementation-or-test-data	context: not an editorial deletion candidate	True	not-started	
skills/nova/core/execution/runner.ts	36909821577ebbae3a8257c1d513f7066f2162d2	6254	implementation-or-test-data	context: not an editorial deletion candidate	True	not-started	
skills/nova/core/execution/stage-executor.ts	be58e5b409f65f2cd945d71b661e670d7f917ac9	11002	implementation-or-test-data	context: not an editorial deletion candidate	True	not-started	
skills/nova/core/lifecycle/README.md	72d6c3bf6012b7aef5e7716e5c65bc3701a0d677	2337	component-or-root-documentation	in-scope	True	not-started	
skills/nova/core/lifecycle/recovery-state.ts	aa4e57283bb70622f01385d1654938e9deb08d88	8082	implementation-or-test-data	context: not an editorial deletion candidate	True	not-started	
skills/nova/core/lifecycle/recovery.ts	c02571c4b1e26a94e730d0d0b889c97d565b4b2e	2614	implementation-or-test-data	context: not an editorial deletion candidate	True	not-started	
skills/nova/core/lifecycle/reducer.ts	0982f190222618795011e82ff892ecc1873ba902	6305	implementation-or-test-data	context: not an editorial deletion candidate	True	not-started	
skills/nova/core/lifecycle/remediation.ts	a9797eed624d10b8eb3f675d6108932d3bb78090	3024	implementation-or-test-data	context: not an editorial deletion candidate	True	not-started	
skills/nova/core/lifecycle/repair-authorization.ts	4260eecf3b0fbeb5c25e4a27fafb48f3d500f77b	2060	implementation-or-test-data	context: not an editorial deletion candidate	True	not-started	
skills/nova/core/lifecycle/repair-budget.ts	70b69cb0fa657f280741395bb01a5f948f407da8	7232	implementation-or-test-data	context: not an editorial deletion candidate	True	not-started	
skills/nova/core/lifecycle/repair-projection.ts	b4bc9588529e4bf324ae3b2eb7308c5ffdf737c1	7300	implementation-or-test-data	context: not an editorial deletion candidate	True	not-started	
skills/nova/core/lifecycle/wait-request.ts	56c61640805ac9714c53c14638049f7d1e285650	1211	implementation-or-test-data	context: not an editorial deletion candidate	True	not-started	
skills/nova/core/observability/reconciler.ts	bacfb9dd95716947bccf0a71d41110576712dc52	13645	implementation-or-test-data	context: not an editorial deletion candidate	True	not-started	
skills/nova/core/package.json	0c8801ce1c2fa83491e58e9f17946669b92b10aa	562	implementation-or-test-data	context: not an editorial deletion candidate	True	not-started	
skills/nova/core/src/index.ts	8b3c87c44e6f06a8ac9bedfbdca2133ffcca7016	6217	implementation-or-test-data	context: not an editorial deletion candidate	True	not-started	
skills/nova/core/state/README.md	3bbe7e0059c246164d675c314957d0cb9796e11c	2917	component-or-root-documentation	in-scope	True	not-started	
skills/nova/core/state/file-mutex.ts	fdb21bad9870a7aeca7791cd556dddd29bcaf003	1347	implementation-or-test-data	context: not an editorial deletion candidate	True	not-started	
skills/nova/core/state/journal.ts	7ada254d9be68d75068aef652c27b009facb183a	7287	implementation-or-test-data	context: not an editorial deletion candidate	True	not-started	
skills/nova/core/state/json-value.ts	a0b5fb5bd66e6ea1fbc1cb0bcd013884ce8cbb96	2828	implementation-or-test-data	context: not an editorial deletion candidate	True	not-started	
skills/nova/core/state/plugins.ts	b41ebc0f1e3411c021a278a69293ac5b35added3	5124	implementation-or-test-data	context: not an editorial deletion candidate	True	not-started	
skills/nova/core/state/read-run-evidence.ts	a8d2e34707856034fe172f5f1a6f8a75dd6af36f	15217	implementation-or-test-data	context: not an editorial deletion candidate	True	not-started	
skills/nova/core/telemetry/README.md	078569dc40b2d2aea39c4d55c3f0fe42a2924f8b	869	component-or-root-documentation	in-scope	True	not-started	
skills/nova/core/telemetry/audit.ts	fdbafb468737c80a328714c0fcb27c459032726a	1573	implementation-or-test-data	context: not an editorial deletion candidate	True	not-started	
skills/nova/core/telemetry/observer-delivery.ts	bd0ccabd60facff46fdbf6c13631a4010f87c5e4	4097	implementation-or-test-data	context: not an editorial deletion candidate	True	not-started	
skills/nova/core/telemetry/observer-recovery.ts	534d3860476364d22f74c83827c3042b21bf8782	6615	implementation-or-test-data	context: not an editorial deletion candidate	True	not-started	
skills/nova/core/telemetry/observers.ts	5431febba9c100fe449a445a1f6d7270dc993bc7	8491	implementation-or-test-data	context: not an editorial deletion candidate	True	not-started	
skills/nova/core/test-gates/deadline.ts	245e21852c344143aa8510eb650b18d181609a4c	2088	implementation-or-test-data	context: not an editorial deletion candidate	True	not-started	
skills/nova/core/test-gates/dispatch-operation.ts	049ee22f09bddbed82e000694616e8707807d317	5223	implementation-or-test-data	context: not an editorial deletion candidate	True	not-started	
skills/nova/core/test-gates/dispatch-projection.ts	ecf0ee067be5dbc80bffecb65b9d35db8d1907cc	4009	implementation-or-test-data	context: not an editorial deletion candidate	True	not-started	
skills/nova/core/test-gates/http-response.ts	cf62de89d55438158272cc1d607d3a520e075007	2038	implementation-or-test-data	context: not an editorial deletion candidate	True	not-started	
skills/nova/core/test-gates/pipeline.ts	c507cc903597a251ee951d0eb6cdb6fe273dbec2	4042	implementation-or-test-data	context: not an editorial deletion candidate	True	not-started	
skills/nova/core/test-gates/production.ts	c8acb53cf8493f1282d8d8374acff9050dcf4f64	5504	implementation-or-test-data	context: not an editorial deletion candidate	True	not-started	
skills/nova/core/test-gates/remote-dispatch-store.ts	aa1d7b9470a6a541cfb5254cb37fbf563b568dcb	9555	implementation-or-test-data	context: not an editorial deletion candidate	True	not-started	
skills/nova/core/test-gates/remote-dispatch.ts	78e3fd12a7cae69f155f68770663fb05e8f29e98	9549	implementation-or-test-data	context: not an editorial deletion candidate	True	not-started	
skills/nova/core/test-gates/remote-gate-cli.ts	e5834cc44600d7ed4d6cc9333a22a8bc413a6e4a	2077	implementation-or-test-data	context: not an editorial deletion candidate	True	not-started	
skills/nova/core/test-gates/remote-result-authority.ts	8b3fbdb13bf746d7cec982425a4382f71b2fee38	11333	implementation-or-test-data	context: not an editorial deletion candidate	True	not-started	
skills/nova/core/test-gates/remote-result-import.ts	34c815c870e3f8d75560e2c08162704994569d1d	14590	implementation-or-test-data	context: not an editorial deletion candidate	True	not-started	
skills/nova/core/test-gates/resolver.ts	4ba279012ff408857ea4175e8eb376cd0741e0c2	42270	implementation-or-test-data	context: not an editorial deletion candidate	True	not-started	
skills/nova/core/test-gates/runtime-config.ts	87fd0849685ef35a971844fb4971624373f0a7fa	4909	implementation-or-test-data	context: not an editorial deletion candidate	True	not-started	
skills/nova/core/test-gates/secure-endpoint.ts	b0ed7336a278e59b82ada0a254ec36df23a8c2b9	768	implementation-or-test-data	context: not an editorial deletion candidate	True	not-started	
skills/nova/core/test-gates/source-git.ts	863b251421205bfffb030f38989eaab066330537	2712	implementation-or-test-data	context: not an editorial deletion candidate	True	not-started	
skills/nova/core/test-gates/source-process-lifecycle.ts	6a425a6dd6f9dd94b25a92d80f3996bb302022e8	2981	implementation-or-test-data	context: not an editorial deletion candidate	True	not-started	
skills/nova/core/test-gates/source-snapshot.ts	eca6bd5c62e2e0cfacb2f2509593fb5dbf715f74	3429	implementation-or-test-data	context: not an editorial deletion candidate	True	not-started	
skills/nova/core/test-gates/transport-error.ts	e0e89753c91e536478f3648068fb97fcb1b60b25	298	implementation-or-test-data	context: not an editorial deletion candidate	True	not-started	
skills/nova/core/test-gates/types.ts	1ecc8442d808d0768ad14212af3b0e5fafaa52ce	4047	implementation-or-test-data	context: not an editorial deletion candidate	True	not-started	
skills/nova/core/test-gates/verified-output.ts	74de76bb8a98bb6165d0b5a351ff35dc0d220a75	2403	implementation-or-test-data	context: not an editorial deletion candidate	True	not-started	
skills/nova/package.json	76b84e30e2242366883fa4f401d28b3992c5619b	183	implementation-or-test-data	context: not an editorial deletion candidate	True	not-started	
skills/nova/pipeline.ts	91f429bfc44b0b8efe7fd5e95b258d049089b518	406	implementation-or-test-data	context: not an editorial deletion candidate	True	not-started	
skills/nova/plugins/README.nova.md	689ef90cd8a364cebbf68e4e8675f445a4ee4bfb	345	component-or-root-documentation	in-scope	True	not-started	
skills/nova/plugins/architecture-validator/README.md	2f6b75b996575f0b5e70b9d6701edc18069efdba	1711	component-or-root-documentation	in-scope	True	not-started	
skills/nova/plugins/architecture-validator/package.json	367646e9738681d5b6a283ecb152d0925fb1769a	341	implementation-or-test-data	context: not an editorial deletion candidate	True	not-started	
skills/nova/plugins/architecture-validator/plugin.json	5abf5a52c64d5e5b1a664e7bb9fba3909af7efed	621	implementation-or-test-data	context: not an editorial deletion candidate	True	not-started	
skills/nova/plugins/architecture-validator/schemas/config.schema.json	7796250b5c9e52474b0fd6f81e32866e4e75040a	224	implementation-or-test-data	context: not an editorial deletion candidate	True	not-started	
skills/nova/plugins/architecture-validator/schemas/input.schema.json	ad8969415fe573003e233a393fd933dc0dffb001	1704	implementation-or-test-data	context: not an editorial deletion candidate	True	not-started	
skills/nova/plugins/architecture-validator/schemas/result.schema.json	7c18eefa1a9ba02bed78725c32f1faf24c915de3	164	implementation-or-test-data	context: not an editorial deletion candidate	True	not-started	
skills/nova/plugins/architecture-validator/src/output.ts	d267f0a14f8c78149878450c58d151eb722d0554	4063	implementation-or-test-data	context: not an editorial deletion candidate	True	not-started	
skills/nova/plugins/architecture-validator/src/protocol.ts	a072f24bc126ae48af23c7fff64f0bc6095ffb60	2886	implementation-or-test-data	context: not an editorial deletion candidate	True	not-started	
skills/nova/plugins/architecture-validator/src/stage.ts	f6a9b7cdc09efaa4d05039af6e7c26edeefc4d2a	3204	implementation-or-test-data	context: not an editorial deletion candidate	True	not-started	
skills/nova/plugins/architecture-validator/tests/live-function.test.ts	2fdb4679cd19760ba322118f59cc0c99db19fd86	5456	implementation-or-test-data	context: not an editorial deletion candidate	True	not-started	
skills/nova/plugins/architecture-validator/tests/package-boundary.test.mjs	2d989b9d73eaa48e24f98559b0d5a116151b0877	423	implementation-or-test-data	context: not an editorial deletion candidate	True	not-started	
skills/nova/plugins/architecture-validator/tests/protocol.unit.test.ts	53f351a029244784e56bc24bfdaf5821cbf7b819	2438	implementation-or-test-data	context: not an editorial deletion candidate	True	not-started	
skills/nova/plugins/architecture-validator/tsconfig.json	b67479e670cb8e2d453cb4bc8e27cfec919d6562	215	implementation-or-test-data	context: not an editorial deletion candidate	True	not-started	
skills/nova/plugins/blueprint-sync/README.md	0cc49f126fe0006166ad19bfa3a9aeca532074a7	1001	component-or-root-documentation	in-scope	True	not-started	
skills/nova/plugins/blueprint-sync/package.json	e301f1ab11a8c8bb9521f869205d63053ed35e4b	297	implementation-or-test-data	context: not an editorial deletion candidate	True	not-started	
skills/nova/plugins/blueprint-sync/plugin.json	1d272a98161168bb68a52d81d0a5ea932d41d2c4	614	implementation-or-test-data	context: not an editorial deletion candidate	True	not-started	
skills/nova/plugins/blueprint-sync/schemas/config.schema.json	b64e6a45b21bb628c2d293832617d0a07f316ea1	104	implementation-or-test-data	context: not an editorial deletion candidate	True	not-started	
skills/nova/plugins/blueprint-sync/schemas/input.schema.json	5dbc6b373196d8d3e3f7c3585df94fbd4436438f	1191	implementation-or-test-data	context: not an editorial deletion candidate	True	not-started	
skills/nova/plugins/blueprint-sync/schemas/result.schema.json	7c18eefa1a9ba02bed78725c32f1faf24c915de3	164	implementation-or-test-data	context: not an editorial deletion candidate	True	not-started	
skills/nova/plugins/blueprint-sync/src/stage.ts	389e72cb3ff28d7fb40ac943b6920d95e0533f59	3870	implementation-or-test-data	context: not an editorial deletion candidate	True	not-started	
skills/nova/plugins/blueprint-sync/tests/live-function.test.ts	fc49280f93bcb8a88cc0458dabfe846973a87fd0	5071	implementation-or-test-data	context: not an editorial deletion candidate	True	not-started	
skills/nova/plugins/blueprint-sync/tests/package-boundary.test.mjs	fd046e23136d7fa9b1d7a7d16e60e6ea892617e3	428	implementation-or-test-data	context: not an editorial deletion candidate	True	not-started	
skills/nova/plugins/blueprint-sync/tsconfig.json	b67479e670cb8e2d453cb4bc8e27cfec919d6562	215	implementation-or-test-data	context: not an editorial deletion candidate	True	not-started	
skills/nova/plugins/buster-quality-gate/README.md	b8528df29ba25096298471d02cf21cf2d77d82fc	616	component-or-root-documentation	in-scope	True	not-started	
skills/nova/plugins/buster-quality-gate/package.json	8bb84edb11aa3f3fbea82c682d167db296810f8b	417	implementation-or-test-data	context: not an editorial deletion candidate	True	not-started	
skills/nova/plugins/buster-quality-gate/plugin.json	54d5e1da6ce98c09baf0743bd8c0bc9816422cf4	613	implementation-or-test-data	context: not an editorial deletion candidate	True	not-started	
skills/nova/plugins/buster-quality-gate/schemas/config.schema.json	f99cee438201a66212a1c5ba5874d5a14c58f8f6	357	implementation-or-test-data	context: not an editorial deletion candidate	True	not-started	
skills/nova/plugins/buster-quality-gate/schemas/input.schema.json	e8c36cac40eac68b80addaa585897b80e3ddcc6d	2405	implementation-or-test-data	context: not an editorial deletion candidate	True	not-started	
skills/nova/plugins/buster-quality-gate/schemas/result.schema.json	7c18eefa1a9ba02bed78725c32f1faf24c915de3	164	implementation-or-test-data	context: not an editorial deletion candidate	True	not-started	
skills/nova/plugins/buster-quality-gate/src/protocol.ts	ee9926e77cccb63f2b0fcdf9e74953da84bf2db9	4132	implementation-or-test-data	context: not an editorial deletion candidate	True	not-started	
skills/nova/plugins/buster-quality-gate/src/stage.ts	18d523c5b080d4ce0aeb2f604ef9d7fbb7753486	5052	implementation-or-test-data	context: not an editorial deletion candidate	True	not-started	
skills/nova/plugins/buster-quality-gate/tests/live-function.test.ts	3c25db1bd3339f31282764e1d6f4280bf2295c7c	6691	implementation-or-test-data	context: not an editorial deletion candidate	True	not-started	
skills/nova/plugins/buster-quality-gate/tests/package-boundary.test.mjs	fc186224a1622eda10af2e40ef7b403bdbf932f5	986	implementation-or-test-data	context: not an editorial deletion candidate	True	not-started	
skills/nova/plugins/buster-quality-gate/tests/protocol.test.ts	ec9a18c46fb1be4a3876bcd3b6ceb1b56e6c0224	1512	implementation-or-test-data	context: not an editorial deletion candidate	True	not-started	
skills/nova/plugins/buster-quality-gate/tests/suite-first.test.ts	aec3caafc1a4a0ee1b798450f200be61459cf733	1316	implementation-or-test-data	context: not an editorial deletion candidate	True	not-started	
skills/nova/plugins/buster-quality-gate/tsconfig.json	b67479e670cb8e2d453cb4bc8e27cfec919d6562	215	implementation-or-test-data	context: not an editorial deletion candidate	True	not-started	
skills/nova/plugins/case-study/README.md	e6d240db53c6262e0dc83a852ba053a27f38f4aa	3223	component-or-root-documentation	in-scope	True	not-started	
skills/nova/plugins/case-study/package.json	b32eebbcf66251b0bae8593015fd3ec8363359ff	325	implementation-or-test-data	context: not an editorial deletion candidate	True	not-started	
skills/nova/plugins/case-study/plugin.json	4391d7c9bbb43ad018fd1f7433e6fb94eb0b8765	578	implementation-or-test-data	context: not an editorial deletion candidate	True	not-started	
skills/nova/plugins/case-study/schemas/config.schema.json	bb7f9084781fec5f8ab64243e25771a81d6262b3	180	implementation-or-test-data	context: not an editorial deletion candidate	True	not-started	
skills/nova/plugins/case-study/schemas/input.schema.json	5f3102aaf9fc708ea2e48fc9e1b45b16b090e7c8	1335	implementation-or-test-data	context: not an editorial deletion candidate	True	not-started	
skills/nova/plugins/case-study/schemas/result.schema.json	7c18eefa1a9ba02bed78725c32f1faf24c915de3	164	implementation-or-test-data	context: not an editorial deletion candidate	True	not-started	
skills/nova/plugins/case-study/src/protocol.ts	5efd817d073c6d097352bd4c415ae6387002c845	5223	implementation-or-test-data	context: not an editorial deletion candidate	True	not-started	
skills/nova/plugins/case-study/src/stage.ts	08328b76d187fe54dca4152501faf913dffa870f	2618	implementation-or-test-data	context: not an editorial deletion candidate	True	not-started	
skills/nova/plugins/case-study/tests/live-function.test.ts	701b2910c5b615d2dc4733edb2e6c10eeb5d3a4a	793	implementation-or-test-data	context: not an editorial deletion candidate	True	not-started	
skills/nova/plugins/case-study/tests/package-boundary.test.mjs	48d97ceab277f11a21fc5b780af55272d86bd91d	742	implementation-or-test-data	context: not an editorial deletion candidate	True	not-started	
skills/nova/plugins/case-study/tests/protocol.test.mjs	cd8c0f466491082b464b89583021ef1d4fd8151f	2168	implementation-or-test-data	context: not an editorial deletion candidate	True	not-started	
skills/nova/plugins/case-study/tsconfig.json	b67479e670cb8e2d453cb4bc8e27cfec919d6562	215	implementation-or-test-data	context: not an editorial deletion candidate	True	not-started	
skills/nova/plugins/delivery-lint/README.md	05c58ab19616fd4d304a43fc0aec69550e404c82	2827	component-or-root-documentation	in-scope	True	not-started	
skills/nova/plugins/delivery-lint/fixtures/passing.json	f86dc1546f9beb3d14411a16b3a49722b87f0449	249	test-fixture	excluded from editorial migration; preserve test behavior and inspect dependencies	False	not-started	
skills/nova/plugins/delivery-lint/fixtures/remediation.json	a2360ec0ac7a3d79c48ef966387967e2b453fd9c	316	test-fixture	excluded from editorial migration; preserve test behavior and inspect dependencies	False	not-started	
skills/nova/plugins/delivery-lint/package.json	a90bc3d3786453fb8650032881aeb92748a86b45	296	implementation-or-test-data	context: not an editorial deletion candidate	True	not-started	
skills/nova/plugins/delivery-lint/plugin.json	78c3fe87fc70ecaec231415fac29f7e504c90da7	551	implementation-or-test-data	context: not an editorial deletion candidate	True	not-started	
skills/nova/plugins/delivery-lint/schemas/config.schema.json	e5e26642e655e8e16ef5b065865cf84fd32ef72f	117	implementation-or-test-data	context: not an editorial deletion candidate	True	not-started	
skills/nova/plugins/delivery-lint/schemas/input.schema.json	9ce1d41973657ccb5a8ea0cc28bf2fdb866a372a	499	implementation-or-test-data	context: not an editorial deletion candidate	True	not-started	
skills/nova/plugins/delivery-lint/schemas/result.schema.json	9f6fc892577076f02bd74614b80c5503e0162c83	173	implementation-or-test-data	context: not an editorial deletion candidate	True	not-started	
skills/nova/plugins/delivery-lint/src/dockerfile.ts	ebac72803a1715cbd026f67969b4128a40cf8923	4313	implementation-or-test-data	context: not an editorial deletion candidate	True	not-started	
skills/nova/plugins/delivery-lint/src/stage.ts	a25d37e8286c0da377573d37c2a9c00a8f3e7ae1	5119	implementation-or-test-data	context: not an editorial deletion candidate	True	not-started	
skills/nova/plugins/delivery-lint/tests/live-function.test.ts	fb87625788a974f2cd300c3abd7a5127eaba7de4	7823	implementation-or-test-data	context: not an editorial deletion candidate	True	not-started	
skills/nova/plugins/delivery-lint/tests/package-boundary.test.mjs	168142cc4c70780326bccfa64222dda172244897	1054	implementation-or-test-data	context: not an editorial deletion candidate	True	not-started	
skills/nova/plugins/delivery-lint/tsconfig.json	b67479e670cb8e2d453cb4bc8e27cfec919d6562	215	implementation-or-test-data	context: not an editorial deletion candidate	True	not-started	
skills/nova/plugins/demo-handoff/README.md	92afcb144cd5a92edf10825ad81b4a450dea844d	4864	component-or-root-documentation	in-scope	True	not-started	
skills/nova/plugins/demo-handoff/package.json	f859cf6f8eefb5d7c2e7d615cac0cf6ef724b179	440	implementation-or-test-data	context: not an editorial deletion candidate	True	not-started	
skills/nova/plugins/demo-handoff/plugin.json	59e2fe5e65b0fb9a9a19ff8fd784a3d2504b96e8	1679	implementation-or-test-data	context: not an editorial deletion candidate	True	not-started	
skills/nova/plugins/demo-handoff/schemas/adapter.schema.json	bc8c90535bd9ffdbb14eff2cde2c17c6f564138d	1338	implementation-or-test-data	context: not an editorial deletion candidate	True	not-started	
skills/nova/plugins/demo-handoff/schemas/candidate.schema.json	a1a60ba73262cb10592afbeef6f7c1c6956b64a1	729	implementation-or-test-data	context: not an editorial deletion candidate	True	not-started	
skills/nova/plugins/demo-handoff/schemas/delivery.schema.json	702545d0282fb3309c9294afdf094adbd3f89356	286	implementation-or-test-data	context: not an editorial deletion candidate	True	not-started	
skills/nova/plugins/demo-handoff/schemas/empty.schema.json	e5e26642e655e8e16ef5b065865cf84fd32ef72f	117	implementation-or-test-data	context: not an editorial deletion candidate	True	not-started	
skills/nova/plugins/demo-handoff/schemas/ready.schema.json	e5e84e516aa885d80c60586336016dff74d9b9a5	411	implementation-or-test-data	context: not an editorial deletion candidate	True	not-started	
skills/nova/plugins/demo-handoff/schemas/result.schema.json	9f6fc892577076f02bd74614b80c5503e0162c83	173	implementation-or-test-data	context: not an editorial deletion candidate	True	not-started	
skills/nova/plugins/demo-handoff/src/adapter.ts	2aad57f2f6256bdcd9bbded33bc8c870e07f208b	6529	implementation-or-test-data	context: not an editorial deletion candidate	True	not-started	
skills/nova/plugins/demo-handoff/src/binding.ts	7fa0b710d2220526f562b115d3b7f8c65ec1bc9f	4343	implementation-or-test-data	context: not an editorial deletion candidate	True	not-started	
skills/nova/plugins/demo-handoff/src/candidate.ts	c9852136495ddda4acfd31c79f0206000204ddae	1499	implementation-or-test-data	context: not an editorial deletion candidate	True	not-started	
skills/nova/plugins/demo-handoff/src/controller-client.ts	b711c8631eba989b53c553a4ff3bcb85499b12f3	3384	implementation-or-test-data	context: not an editorial deletion candidate	True	not-started	
skills/nova/plugins/demo-handoff/src/delivery.ts	796997ff5422197bec780bfb28644144c2251a50	1119	implementation-or-test-data	context: not an editorial deletion candidate	True	not-started	
skills/nova/plugins/demo-handoff/src/protocol.ts	de47fa9e0ae1c9be95c8c5896629c485b1f588e6	3683	implementation-or-test-data	context: not an editorial deletion candidate	True	not-started	
skills/nova/plugins/demo-handoff/src/ready.ts	379d76612dab44137263514de4d2a22b595b89f2	1211	implementation-or-test-data	context: not an editorial deletion candidate	True	not-started	
skills/nova/plugins/demo-handoff/tests/compiler.test.mjs	8ea31aca617f9ee09c9423acdd76ddcc4e54b784	4613	implementation-or-test-data	context: not an editorial deletion candidate	True	not-started	
skills/nova/plugins/demo-handoff/tests/controller-client.test.mts	cbe34eaf8f34b9c926916a43c282e920a761e9a2	2782	implementation-or-test-data	context: not an editorial deletion candidate	True	not-started	
skills/nova/plugins/demo-handoff/tests/handoff.test.mts	9bc8c70c5fa0cc9531a3c873e0c5804622db9816	16885	implementation-or-test-data	context: not an editorial deletion candidate	True	not-started	
skills/nova/plugins/demo-handoff/tsconfig.json	b67479e670cb8e2d453cb4bc8e27cfec919d6562	215	implementation-or-test-data	context: not an editorial deletion candidate	True	not-started	
skills/nova/plugins/human-approval/README.md	2e5cea6fd399b95b1142454e4bf2c0440db86d7e	2037	component-or-root-documentation	in-scope	True	not-started	
skills/nova/plugins/human-approval/package.json	50b6e78022ad5f61bee76593c1f82f5a25b1227a	416	implementation-or-test-data	context: not an editorial deletion candidate	True	not-started	
skills/nova/plugins/human-approval/plugin.json	f21d937d95348e699be09b8eb69dd6ec52c21c87	1073	implementation-or-test-data	context: not an editorial deletion candidate	True	not-started	
skills/nova/plugins/human-approval/schemas/architecture-input.schema.json	071e395288d78a6a47128eb447c1e31dd6fd75a7	696	implementation-or-test-data	context: not an editorial deletion candidate	True	not-started	
skills/nova/plugins/human-approval/schemas/config.schema.json	427fc2becb498feb4e74ad5986eb49b781afd9c4	640	implementation-or-test-data	context: not an editorial deletion candidate	True	not-started	
skills/nova/plugins/human-approval/schemas/input.schema.json	441a28204dc4411a3bde1fa30dd1be7722155d49	333	implementation-or-test-data	context: not an editorial deletion candidate	True	not-started	
skills/nova/plugins/human-approval/schemas/result.schema.json	7c18eefa1a9ba02bed78725c32f1faf24c915de3	164	implementation-or-test-data	context: not an editorial deletion candidate	True	not-started	
skills/nova/plugins/human-approval/src/approval.ts	4896f4e904d494a9768dee52627a279b061577a9	6813	implementation-or-test-data	context: not an editorial deletion candidate	True	not-started	
skills/nova/plugins/human-approval/src/architecture-approval.ts	f751a9043f1d03ff75caef8552ec98c5a6dd5dbb	7384	implementation-or-test-data	context: not an editorial deletion candidate	True	not-started	
skills/nova/plugins/human-approval/src/stage.ts	348c6a8addbda7db88fc1a892c6ed9884be7c6cb	1845	implementation-or-test-data	context: not an editorial deletion candidate	True	not-started	
skills/nova/plugins/human-approval/tests/approval.unit.test.mjs	25b7a2ba45456523605046e9fa97cf00beafa335	3481	implementation-or-test-data	context: not an editorial deletion candidate	True	not-started	
skills/nova/plugins/human-approval/tests/live-function.test.ts	96daeea3f98499a89057b2d729976c06e914fcac	9169	implementation-or-test-data	context: not an editorial deletion candidate	True	not-started	
skills/nova/plugins/human-approval/tests/package-boundary.test.mjs	77d399970f7d71511c9e049387a77b439fcaf7c7	1589	implementation-or-test-data	context: not an editorial deletion candidate	True	not-started	
skills/nova/plugins/human-approval/tsconfig.json	1cbf1645188f20ed8a9991226b3fe23666179ca1	137	implementation-or-test-data	context: not an editorial deletion candidate	True	not-started	
skills/nova/plugins/implementation-agent/README.md	9bc80f025bdf35c32ac2918d10423f44da44f857	1947	component-or-root-documentation	in-scope	True	not-started	
skills/nova/plugins/implementation-agent/package.json	f7f323e07592c07b70f731cd45872a328580d75f	334	implementation-or-test-data	context: not an editorial deletion candidate	True	not-started	
skills/nova/plugins/implementation-agent/plugin.json	0a04c0f781065e9bdbb6d5b4bb10dc7174084c81	696	implementation-or-test-data	context: not an editorial deletion candidate	True	not-started	
skills/nova/plugins/implementation-agent/schemas/config.schema.json	7796250b5c9e52474b0fd6f81e32866e4e75040a	224	implementation-or-test-data	context: not an editorial deletion candidate	True	not-started	
skills/nova/plugins/implementation-agent/schemas/input.schema.json	721a622d78d6922e5d933f7e44499c655b8dd550	2210	implementation-or-test-data	context: not an editorial deletion candidate	True	not-started	
skills/nova/plugins/implementation-agent/schemas/result.schema.json	7c18eefa1a9ba02bed78725c32f1faf24c915de3	164	implementation-or-test-data	context: not an editorial deletion candidate	True	not-started	
skills/nova/plugins/implementation-agent/src/protocol.ts	60973a5b07bb222557a9f1e9e95a7391c609a3ac	7464	implementation-or-test-data	context: not an editorial deletion candidate	True	not-started	
skills/nova/plugins/implementation-agent/src/repair-evidence.ts	d9ab054f543a345c0ff946b82be0b6ec60745a9c	2793	implementation-or-test-data	context: not an editorial deletion candidate	True	not-started	
skills/nova/plugins/implementation-agent/src/stage.ts	a65c1354fac7aeac8cdacab29192021fa3d3e707	9062	implementation-or-test-data	context: not an editorial deletion candidate	True	not-started	
skills/nova/plugins/implementation-agent/src/workspace.ts	d159943eec8e3e0f77ab80d16ccae50c1424a25f	558	implementation-or-test-data	context: not an editorial deletion candidate	True	not-started	
skills/nova/plugins/implementation-agent/tests/live-function.test.ts	1fd3e27762bf6fde3dca9bc4974600d06b1ee79b	12999	implementation-or-test-data	context: not an editorial deletion candidate	True	not-started	
skills/nova/plugins/implementation-agent/tests/package-boundary.test.mjs	c5b681382125ccef2ff3b55b5ec36d71112d8bf5	477	implementation-or-test-data	context: not an editorial deletion candidate	True	not-started	
skills/nova/plugins/implementation-agent/tests/protocol.test.ts	b575adc713992a06051317054fea26bcf1daec87	1753	implementation-or-test-data	context: not an editorial deletion candidate	True	not-started	
skills/nova/plugins/implementation-agent/tsconfig.json	1cbf1645188f20ed8a9991226b3fe23666179ca1	137	implementation-or-test-data	context: not an editorial deletion candidate	True	not-started	
skills/nova/plugins/lint/README.md	5a11387b21f51052cbf43c439ae5ecf01acd4eb6	5513	component-or-root-documentation	in-scope	True	not-started	
skills/nova/plugins/lint/package.json	9bde43b1242f6186dbc444ac09b8c797b63b5d55	608	implementation-or-test-data	context: not an editorial deletion candidate	True	not-started	
skills/nova/plugins/lint/plugin.json	4dc9eafe4c5e540092a3cb31027c2482b1df9719	1226	implementation-or-test-data	context: not an editorial deletion candidate	True	not-started	
skills/nova/plugins/lint/schemas/adapter-config.schema.json	6784539847348e8437d0f3b6f788c5ba2bd6412f	523	implementation-or-test-data	context: not an editorial deletion candidate	True	not-started	
skills/nova/plugins/lint/schemas/config.schema.json	a5c576ffb23794f8de688f39ab02898a54566c14	429	implementation-or-test-data	context: not an editorial deletion candidate	True	not-started	
skills/nova/plugins/lint/schemas/input.schema.json	3b8efab526bfe6ddbf0c683e87e6a4fde71175fb	1481	implementation-or-test-data	context: not an editorial deletion candidate	True	not-started	
skills/nova/plugins/lint/schemas/result.schema.json	7c18eefa1a9ba02bed78725c32f1faf24c915de3	164	implementation-or-test-data	context: not an editorial deletion candidate	True	not-started	
skills/nova/plugins/lint/src/adapter.ts	2c8d5a62b270d4200cd2632273d1423c2016a958	3275	implementation-or-test-data	context: not an editorial deletion candidate	True	not-started	
skills/nova/plugins/lint/src/candidate.ts	e513337856202c157322b4b8fb3e599a49a432e0	1513	implementation-or-test-data	context: not an editorial deletion candidate	True	not-started	
skills/nova/plugins/lint/src/engine/architecture-tools.ts	1d768c6fb48000ef80c4b52a4457f8698eaa53da	11604	implementation-or-test-data	context: not an editorial deletion candidate	True	not-started	
skills/nova/plugins/lint/src/engine/constants.ts	3c885f326a2bfd438a1f74619160b9fcd05ca1a3	109	implementation-or-test-data	context: not an editorial deletion candidate	True	not-started	
skills/nova/plugins/lint/src/engine/container-yaml-tools.ts	e8b9c41687c2b429c5c26977c03ef667732b46a0	7066	implementation-or-test-data	context: not an editorial deletion candidate	True	not-started	
skills/nova/plugins/lint/src/engine/discovery.ts	75bfad4241453d2fbe91aecbdd0a26baaf758a3b	8109	implementation-or-test-data	context: not an editorial deletion candidate	True	not-started	
skills/nova/plugins/lint/src/engine/evidence-file-partition.ts	599bb1ddbf13d0635d64cdf94c4a8bb0c4ba786e	2040	implementation-or-test-data	context: not an editorial deletion candidate	True	not-started	
skills/nova/plugins/lint/src/engine/execution.ts	c23cae4a9bb7706aed9a427f848ae7fd20b1392a	3180	implementation-or-test-data	context: not an editorial deletion candidate	True	not-started	
skills/nova/plugins/lint/src/engine/finding-fingerprints.ts	b6e4312af5e9d25fa381061d1680b6ee64b51601	2325	implementation-or-test-data	context: not an editorial deletion candidate	True	not-started	
skills/nova/plugins/lint/src/engine/go-terraform-tools.ts	c86b3257465654739c169c35979e5635b3250171	112	implementation-or-test-data	context: not an editorial deletion candidate	True	not-started	
skills/nova/plugins/lint/src/engine/go-tools.ts	9abb56cfabff5d692962cd01ee983473dbcf38ea	13971	implementation-or-test-data	context: not an editorial deletion candidate	True	not-started	
skills/nova/plugins/lint/src/engine/helm-render.ts	d7078b34b71f009554fe1b2a1484631d1bb33389	705	implementation-or-test-data	context: not an editorial deletion candidate	True	not-started	
skills/nova/plugins/lint/src/engine/index.ts	a170a941424d01b9b4639ae320336c4a90018e00	6167	implementation-or-test-data	context: not an editorial deletion candidate	True	not-started	
skills/nova/plugins/lint/src/engine/kubeconform-tool.ts	f3828ddf77beb2fd30fd840571e7a29ccceb218a	6632	implementation-or-test-data	context: not an editorial deletion candidate	True	not-started	
skills/nova/plugins/lint/src/engine/kubernetes-manifests.ts	5eb0dbb7391c1eff7a0a2f037f468b76d888cb0f	7774	implementation-or-test-data	context: not an editorial deletion candidate	True	not-started	
skills/nova/plugins/lint/src/engine/kubernetes-policy-pack.ts	bdaeff0d2a0f0a1fa120514cda337a496b7b6d96	6832	implementation-or-test-data	context: not an editorial deletion candidate	True	not-started	
skills/nova/plugins/lint/src/engine/kubernetes-policy-tools.ts	566a8f5c72367935ebbd2269f065075d3dd94c59	9053	implementation-or-test-data	context: not an editorial deletion candidate	True	not-started	
skills/nova/plugins/lint/src/engine/kubernetes-security-tools.ts	d032b87dec00878efd47a8e6d59c53b9c8fd71bc	5123	implementation-or-test-data	context: not an editorial deletion candidate	True	not-started	
skills/nova/plugins/lint/src/engine/lint-governance.ts	90063faa6ee4ef000995b469517a2dcef8aae9a4	4869	implementation-or-test-data	context: not an editorial deletion candidate	True	not-started	
skills/nova/plugins/lint/src/engine/linux-process-group.ts	a2a9b389570c4071ce44639f6e383f343a4bfbc6	2783	implementation-or-test-data	context: not an editorial deletion candidate	True	not-started	
skills/nova/plugins/lint/src/engine/openapi-tool.ts	63ebcddcb11815649f1cb2d2df90b77c30ff08a0	3902	implementation-or-test-data	context: not an editorial deletion candidate	True	not-started	
skills/nova/plugins/lint/src/engine/output.ts	f1a27de15c8503c29ccbde35889278093101b72d	731	implementation-or-test-data	context: not an editorial deletion candidate	True	not-started	
skills/nova/plugins/lint/src/engine/parsers.ts	c896530f81feef794007add3a8ffa5a4d5ff9306	277	implementation-or-test-data	context: not an editorial deletion candidate	True	not-started	
skills/nova/plugins/lint/src/engine/paths.ts	ce50c2a704c08daf7e2addd19d19b814ad57a2eb	1964	implementation-or-test-data	context: not an editorial deletion candidate	True	not-started	
skills/nova/plugins/lint/src/engine/policy-paths.ts	7093d5f6c07a32a2d59b61b7b8f6aecb1302c999	4839	implementation-or-test-data	context: not an editorial deletion candidate	True	not-started	
skills/nova/plugins/lint/src/engine/policy-patterns.ts	77a213853d935bb19b9eda1db48c8567d9287e7d	1312	implementation-or-test-data	context: not an editorial deletion candidate	True	not-started	
skills/nova/plugins/lint/src/engine/policy-validation.ts	c6ba1ad08020961347d59509a1d88313e06462ca	1836	implementation-or-test-data	context: not an editorial deletion candidate	True	not-started	
skills/nova/plugins/lint/src/engine/policy-version.ts	8e254e959b453686bace24e89b86a61d4f3d8713	69	implementation-or-test-data	context: not an editorial deletion candidate	True	not-started	
skills/nova/plugins/lint/src/engine/policy.ts	df359ead80c31b174686df605bf3299710c9d30d	19438	implementation-or-test-data	context: not an editorial deletion candidate	True	not-started	
skills/nova/plugins/lint/src/engine/process-termination.ts	fcfe4397f328f18e4b9e458819050ebaa3254942	2598	implementation-or-test-data	context: not an editorial deletion candidate	True	not-started	
skills/nova/plugins/lint/src/engine/process.ts	a2a7c73e8aaa80fbcab7381636721a25a28ed64c	3114	implementation-or-test-data	context: not an editorial deletion candidate	True	not-started	
skills/nova/plugins/lint/src/engine/report-contract.ts	400e002440e257f83d9dd736b3d6bfa84c7414f5	14404	implementation-or-test-data	context: not an editorial deletion candidate	True	not-started	
skills/nova/plugins/lint/src/engine/report.ts	7012da2b9e806f845b00c9ae81d02b07d0d8add0	11216	implementation-or-test-data	context: not an editorial deletion candidate	True	not-started	
skills/nova/plugins/lint/src/engine/terraform-tools.ts	5c482605f37f8bbb663ba5ae9f2066f2dbf8337a	9271	implementation-or-test-data	context: not an editorial deletion candidate	True	not-started	
skills/nova/plugins/lint/src/engine/tool-registry-core.ts	03a7589cc980caa32e5a75b3808c3d1cf6396821	5174	implementation-or-test-data	context: not an editorial deletion candidate	True	not-started	
skills/nova/plugins/lint/src/engine/tool-registry-dependency-tools.ts	5af90dfea21fb9bf53588e63f1ba6f5df643ddfe	2388	implementation-or-test-data	context: not an editorial deletion candidate	True	not-started	
skills/nova/plugins/lint/src/engine/tool-registry-language-tools.ts	a6c86129d63a5686f2bec5e2468260d7dd98d4d9	10979	implementation-or-test-data	context: not an editorial deletion candidate	True	not-started	
skills/nova/plugins/lint/src/engine/tool-registry-semgrep.ts	07fbed4f98583c0a9f14d04723905dbe348f197e	3333	implementation-or-test-data	context: not an editorial deletion candidate	True	not-started	
skills/nova/plugins/lint/src/engine/tool-registry.ts	1e54c0ea3cf59174062d29d10aade7028f5f74ea	947	implementation-or-test-data	context: not an editorial deletion candidate	True	not-started	
skills/nova/plugins/lint/src/engine/tool-summary.ts	e9fdfc0be6d00e4adc0be68dbb8d29a665fe68d7	767	implementation-or-test-data	context: not an editorial deletion candidate	True	not-started	
skills/nova/plugins/lint/src/request.ts	cead739e5a29c385b1eed282f00a23e11e2676b1	2289	implementation-or-test-data	context: not an editorial deletion candidate	True	not-started	
skills/nova/plugins/lint/src/stage.ts	20d4b52041981bac65bbed722a02b6bd992ce10f	4003	implementation-or-test-data	context: not an editorial deletion candidate	True	not-started	
skills/nova/plugins/lint/src/support/optional-absence.ts	1ebfd670c179c9b3604570df34bec8fd7ce5d1ad	113	implementation-or-test-data	context: not an editorial deletion candidate	True	not-started	
skills/nova/plugins/lint/src/support/value-boundary.ts	96dcc243492f638208b47cb5e68cbe6be433200e	125	implementation-or-test-data	context: not an editorial deletion candidate	True	not-started	
skills/nova/plugins/lint/tests/adapter-boundary.test.mjs	ca851e7338b79780427753ea5af324663311c0a9	2255	implementation-or-test-data	context: not an editorial deletion candidate	True	not-started	
skills/nova/plugins/lint/tests/discovery.test.mjs	5b28735d48ef263e3d1e265286dcfed11121c860	6250	implementation-or-test-data	context: not an editorial deletion candidate	True	not-started	
skills/nova/plugins/lint/tests/eslint-discipline.test.mjs	6f4fa40b98da7928e49ae2b92eae64dfbc089d0e	2202	implementation-or-test-data	context: not an editorial deletion candidate	True	not-started	
skills/nova/plugins/lint/tests/eslint-type-evidence.test.mjs	e6f0881c848d74425e580ff094ed9e465a45ee07	9901	implementation-or-test-data	context: not an editorial deletion candidate	True	not-started	
skills/nova/plugins/lint/tests/live-function.test.ts	2d49e83d757f8512b025c436f25539f02a459df6	9490	implementation-or-test-data	context: not an editorial deletion candidate	True	not-started	
skills/nova/plugins/lint/tests/package-boundary.test.mjs	7b9bc3a0f71fe26a451dd199a36e772fadf5448e	1846	implementation-or-test-data	context: not an editorial deletion candidate	True	not-started	
skills/nova/plugins/lint/tests/remediation.test.mjs	75aa3da0a7a6468f763ea7844a5114964657460e	12488	implementation-or-test-data	context: not an editorial deletion candidate	True	not-started	
skills/nova/plugins/lint/tests/stage.unit.test.mjs	83a89cf2e859777b4ec7a3309930871691159ad2	981	implementation-or-test-data	context: not an editorial deletion candidate	True	not-started	
skills/nova/plugins/lint/tsconfig.json	b67479e670cb8e2d453cb4bc8e27cfec919d6562	215	implementation-or-test-data	context: not an editorial deletion candidate	True	not-started	
skills/nova/plugins/pipeline-review/README.md	b14656eecceb15bc79082dac1092031fcbf8f336	3229	component-or-root-documentation	in-scope	True	not-started	
skills/nova/plugins/pipeline-review/package.json	25740912a276a2e212d2988184cbd660b284457d	412	implementation-or-test-data	context: not an editorial deletion candidate	True	not-started	
skills/nova/plugins/pipeline-review/plugin.json	cf57789c706e83b7f3c52d9ae84494a80108148b	892	implementation-or-test-data	context: not an editorial deletion candidate	True	not-started	
skills/nova/plugins/pipeline-review/schemas/config.schema.json	7796250b5c9e52474b0fd6f81e32866e4e75040a	224	implementation-or-test-data	context: not an editorial deletion candidate	True	not-started	
skills/nova/plugins/pipeline-review/schemas/evidence-config.schema.json	f2c184aa55c38680bfa94a7d18a0b677ecca7f72	682	implementation-or-test-data	context: not an editorial deletion candidate	True	not-started	
skills/nova/plugins/pipeline-review/schemas/input.schema.json	5f3102aaf9fc708ea2e48fc9e1b45b16b090e7c8	1335	implementation-or-test-data	context: not an editorial deletion candidate	True	not-started	
skills/nova/plugins/pipeline-review/schemas/result.schema.json	7c18eefa1a9ba02bed78725c32f1faf24c915de3	164	implementation-or-test-data	context: not an editorial deletion candidate	True	not-started	
skills/nova/plugins/pipeline-review/src/evidence-adapter.ts	827503b18ab792bfab93f4e90d6543029ac2d633	3858	implementation-or-test-data	context: not an editorial deletion candidate	True	not-started	
skills/nova/plugins/pipeline-review/src/evidence-bundle.ts	c57707d072082df2f31fd9b304e68c3cf6b92a5c	5615	implementation-or-test-data	context: not an editorial deletion candidate	True	not-started	
skills/nova/plugins/pipeline-review/src/protocol.ts	39b9f5de2545e05b5203f4797fc0b8c6237bf9a2	5871	implementation-or-test-data	context: not an editorial deletion candidate	True	not-started	
skills/nova/plugins/pipeline-review/src/stage.ts	17288886cdc6fcbadc03236e67631fdbd8e22106	2662	implementation-or-test-data	context: not an editorial deletion candidate	True	not-started	
skills/nova/plugins/pipeline-review/tests/live-function.test.ts	e8e953fdd328da4b0bec9f4e13893df3af4204fa	817	implementation-or-test-data	context: not an editorial deletion candidate	True	not-started	
skills/nova/plugins/pipeline-review/tests/package-boundary.test.mjs	70ede75fd377e58e56ee5ec92fe6af214351644a	752	implementation-or-test-data	context: not an editorial deletion candidate	True	not-started	
skills/nova/plugins/pipeline-review/tests/protocol.test.mjs	37efa3c5a3b6a44cff273c2b2ae4d3a350c57da3	2181	implementation-or-test-data	context: not an editorial deletion candidate	True	not-started	
skills/nova/plugins/pipeline-review/tsconfig.json	b67479e670cb8e2d453cb4bc8e27cfec919d6562	215	implementation-or-test-data	context: not an editorial deletion candidate	True	not-started	
skills/nova/plugins/preflight-contract/README.md	3d7900144d0b11567629ea3f6993a694bf0165e6	3233	component-or-root-documentation	in-scope	True	not-started	
skills/nova/plugins/preflight-contract/package.json	8130823632e7f2f319d0ad95439648ea64280038	342	implementation-or-test-data	context: not an editorial deletion candidate	True	not-started	
skills/nova/plugins/preflight-contract/plugin.json	9154f7532d40bfb7fd683bb9a9bac442979143fb	976	implementation-or-test-data	context: not an editorial deletion candidate	True	not-started	
skills/nova/plugins/preflight-contract/schemas/config.schema.json	b64e6a45b21bb628c2d293832617d0a07f316ea1	104	implementation-or-test-data	context: not an editorial deletion candidate	True	not-started	
skills/nova/plugins/preflight-contract/schemas/input.schema.json	f29fabd728ff6cf1393d10a31937f8ef79fe6b5c	824	implementation-or-test-data	context: not an editorial deletion candidate	True	not-started	
skills/nova/plugins/preflight-contract/schemas/result.schema.json	7c18eefa1a9ba02bed78725c32f1faf24c915de3	164	implementation-or-test-data	context: not an editorial deletion candidate	True	not-started	
skills/nova/plugins/preflight-contract/schemas/source-input.schema.json	e6b7c46b03077d7dc3b6d230392746dfccae49fc	3486	implementation-or-test-data	context: not an editorial deletion candidate	True	not-started	
skills/nova/plugins/preflight-contract/src/declarations.ts	88eb0026f6c2486cc61ed8ea226283fd0b9d7ca6	3315	implementation-or-test-data	context: not an editorial deletion candidate	True	not-started	
skills/nova/plugins/preflight-contract/src/source-stage.ts	f31b6cb616502d6b6979cc22359ed273a4a5828e	2775	implementation-or-test-data	context: not an editorial deletion candidate	True	not-started	
skills/nova/plugins/preflight-contract/src/stage.ts	8bceffeb4e73cf3e5d0a540049caa53cd04a6fb3	3920	implementation-or-test-data	context: not an editorial deletion candidate	True	not-started	
skills/nova/plugins/preflight-contract/tests/declarations.unit.test.mjs	58110331cc1e2f8a3e8b747653435c4e90597787	1519	implementation-or-test-data	context: not an editorial deletion candidate	True	not-started	
skills/nova/plugins/preflight-contract/tests/live-function.test.ts	cc1c209bd9cf011d6ef35a258e33693860f344e2	6849	implementation-or-test-data	context: not an editorial deletion candidate	True	not-started	
skills/nova/plugins/preflight-contract/tests/package-boundary.test.mjs	7cc7d560f90e1a012f438e22f9aa34f1b22fbe80	661	implementation-or-test-data	context: not an editorial deletion candidate	True	not-started	
skills/nova/plugins/preflight-contract/tsconfig.json	b67479e670cb8e2d453cb4bc8e27cfec919d6562	215	implementation-or-test-data	context: not an editorial deletion candidate	True	not-started	
skills/nova/plugins/prism-design/README.md	f07772f293742ea0e54f71d9436d42563113524f	1374	component-or-root-documentation	in-scope	True	not-started	
skills/nova/plugins/prism-design/package.json	a9b3425cb1035b7a408663db2ad9b76137521fd4	441	implementation-or-test-data	context: not an editorial deletion candidate	True	not-started	
skills/nova/plugins/prism-design/plugin.json	ba089bd65fee89d526a9775bff89bedaf863f72d	482	implementation-or-test-data	context: not an editorial deletion candidate	True	not-started	
skills/nova/plugins/prism-design/schemas/config.schema.json	6edcb498115dab969286ffcf03fb488b5e246b58	352	implementation-or-test-data	context: not an editorial deletion candidate	True	not-started	
skills/nova/plugins/prism-design/schemas/input.schema.json	07c8235e3299ae08f41b73b140b679a5f9edbba8	605	implementation-or-test-data	context: not an editorial deletion candidate	True	not-started	
skills/nova/plugins/prism-design/schemas/result.schema.json	a0357e384d9513f9df2bdc5f4b08a5e523643bf3	344	implementation-or-test-data	context: not an editorial deletion candidate	True	not-started	
skills/nova/plugins/prism-design/src/architecture.ts	c14d5b08e42b9d220d2caaba32b433c8fcc98abb	1868	implementation-or-test-data	context: not an editorial deletion candidate	True	not-started	
skills/nova/plugins/prism-design/src/archive.ts	4c4da4e38e14f5674078b409dda1ec6b055c96df	6220	implementation-or-test-data	context: not an editorial deletion candidate	True	not-started	
skills/nova/plugins/prism-design/src/stage.ts	f83185a369daeefb4a094bc7a3a3c9c12f6cb60d	6162	implementation-or-test-data	context: not an editorial deletion candidate	True	not-started	
skills/nova/plugins/prism-design/tests/live-function.test.ts	9f97d4dd11f3d6b4dd050b90857ee8a1e3c755f4	699	implementation-or-test-data	context: not an editorial deletion candidate	True	not-started	
skills/nova/plugins/prism-design/tsconfig.json	806f26b89aaf59df5901f55dc0d616abd213376b	105	implementation-or-test-data	context: not an editorial deletion candidate	True	not-started	
skills/nova/plugins/project-summary/README.md	38cf98df5fa7dc4ba56c183858a6bff0749c6c21	2210	component-or-root-documentation	in-scope	True	not-started	
skills/nova/plugins/project-summary/package.json	5e92fbb6cd4d9653e2b4b18f7e388416864a2052	473	implementation-or-test-data	context: not an editorial deletion candidate	True	not-started	
skills/nova/plugins/project-summary/plugin.json	15462967b41c8de7e2f269d95c54d7450341753f	551	implementation-or-test-data	context: not an editorial deletion candidate	True	not-started	
skills/nova/plugins/project-summary/schemas/config.schema.json	1722bee132e0b8f36e4dca4db0fff3d39d2da2e0	229	implementation-or-test-data	context: not an editorial deletion candidate	True	not-started	
skills/nova/plugins/project-summary/schemas/input.schema.json	540d6fd673cb523d40e2f46a0397a7810b3429a6	2210	implementation-or-test-data	context: not an editorial deletion candidate	True	not-started	
skills/nova/plugins/project-summary/schemas/result.schema.json	7c18eefa1a9ba02bed78725c32f1faf24c915de3	164	implementation-or-test-data	context: not an editorial deletion candidate	True	not-started	
skills/nova/plugins/project-summary/src/review-semantics.ts	431d8028f4eb8ba773f7a624c7b29585d456e986	2988	implementation-or-test-data	context: not an editorial deletion candidate	True	not-started	
skills/nova/plugins/project-summary/src/stage.ts	c087c38c6e00a5936587e045ba0f3ca2baf3fbe7	1731	implementation-or-test-data	context: not an editorial deletion candidate	True	not-started	
skills/nova/plugins/project-summary/src/summary.ts	b2df32e923c9e4d2faadf0fa5fe88149873515af	11669	implementation-or-test-data	context: not an editorial deletion candidate	True	not-started	
skills/nova/plugins/project-summary/tests/live-function.test.ts	f3f043930cf0640614a99b998a46fdde37e75712	4762	implementation-or-test-data	context: not an editorial deletion candidate	True	not-started	
skills/nova/plugins/project-summary/tests/package-boundary.test.mjs	e6b0d64fd0721ca54bf3334ee01f1d357e28b2c4	745	implementation-or-test-data	context: not an editorial deletion candidate	True	not-started	
skills/nova/plugins/project-summary/tsconfig.json	b67479e670cb8e2d453cb4bc8e27cfec919d6562	215	implementation-or-test-data	context: not an editorial deletion candidate	True	not-started	
skills/nova/plugins/remote-test-gate/README.md	80fff4188a82105a542baed96ef6a9b31a66006d	248	component-or-root-documentation	in-scope	True	not-started	
skills/nova/plugins/remote-test-gate/package.json	27d24160e5a414f6fc5fee1865ee70de023ad188	439	implementation-or-test-data	context: not an editorial deletion candidate	True	not-started	
skills/nova/plugins/remote-test-gate/plugin.json	2e7cfe82b621c121adbb3b853983bb256d604297	745	implementation-or-test-data	context: not an editorial deletion candidate	True	not-started	
skills/nova/plugins/remote-test-gate/schemas/config.schema.json	ad23e4c4b1822df8fd1b5a3accd75f52179ec947	1166	implementation-or-test-data	context: not an editorial deletion candidate	True	not-started	
skills/nova/plugins/remote-test-gate/schemas/evidence-config.schema.json	64239d87c16d2a26dc9ce9594dca117977cb415d	316	implementation-or-test-data	context: not an editorial deletion candidate	True	not-started	
skills/nova/plugins/remote-test-gate/src/adapter.ts	4980b15f07481bb4075c745aeb781f4b3bad2224	7110	implementation-or-test-data	context: not an editorial deletion candidate	True	not-started	
skills/nova/plugins/remote-test-gate/src/demo-evidence.ts	6a8a0f7a2db144ca1f77ffc36fe49f4cd1336884	6112	implementation-or-test-data	context: not an editorial deletion candidate	True	not-started	
skills/nova/plugins/remote-test-gate/src/demo-source-links.ts	8cf1ef71367662f04260dc8eddcd72f3b296e473	2180	implementation-or-test-data	context: not an editorial deletion candidate	True	not-started	
skills/nova/plugins/remote-test-gate/src/evidence-adapter.ts	1b84fea555d057554168df8e39aa44070e8a71f5	5391	implementation-or-test-data	context: not an editorial deletion candidate	True	not-started	
skills/nova/plugins/remote-test-gate/tests/demo-import-fixture.ts	7d8370fd05df0c4fd753677e93e5bc4a34240573	7985	implementation-or-test-data	context: not an editorial deletion candidate	True	not-started	
skills/nova/plugins/remote-test-gate/tests/evidence-projection.test.ts	7fa05f8e682f373bcf870abb0c34a008117475ec	11261	implementation-or-test-data	context: not an editorial deletion candidate	True	not-started	
skills/nova/plugins/remote-test-gate/tests/live-function.test.ts	fd17034d03cd345172b849abc2f2e9e828507d4c	223	implementation-or-test-data	context: not an editorial deletion candidate	True	not-started	
skills/nova/plugins/remote-test-gate/tsconfig.json	425924a45d776fbefc896b6b11fa096f86d915b1	138	implementation-or-test-data	context: not an editorial deletion candidate	True	not-started	
skills/nova/plugins/repository-adapter/README.md	7f5da1d8bbdfeadbd19c220fb5574f443aaeda7a	2528	component-or-root-documentation	in-scope	True	not-started	
skills/nova/plugins/repository-adapter/package.json	e36b5bdc088d195e4e66607c60f9de1b3e2c9fc7	335	implementation-or-test-data	context: not an editorial deletion candidate	True	not-started	
skills/nova/plugins/repository-adapter/plugin.json	796ce0cd1487291c879ecfb524a654c4b755ec09	421	implementation-or-test-data	context: not an editorial deletion candidate	True	not-started	
skills/nova/plugins/repository-adapter/schemas/config.schema.json	b86aa35fdf2fdd96f288b766de45bc2e3440456c	438	implementation-or-test-data	context: not an editorial deletion candidate	True	not-started	
skills/nova/plugins/repository-adapter/src/adapter.ts	41604200cf2bf1840aba593bfa785decacb70af3	4414	implementation-or-test-data	context: not an editorial deletion candidate	True	not-started	
skills/nova/plugins/repository-adapter/src/repository-file.ts	ea6af34e3716fc06ee592b5de828cbe354869a30	3348	implementation-or-test-data	context: not an editorial deletion candidate	True	not-started	
skills/nova/plugins/repository-adapter/src/revision-parsers.ts	6357008bb015e1abd81629a892541d65d6dd93f2	3370	implementation-or-test-data	context: not an editorial deletion candidate	True	not-started	
skills/nova/plugins/repository-adapter/src/revision-reader.ts	0e03d114c8aaeb20fde3a8d47e0d84c96c50f815	17116	implementation-or-test-data	context: not an editorial deletion candidate	True	not-started	
skills/nova/plugins/repository-adapter/tests/live-function.test.ts	fd382f45a40097d3a0306fbc8acfd579f3421aa9	10042	implementation-or-test-data	context: not an editorial deletion candidate	True	not-started	
skills/nova/plugins/repository-adapter/tests/package-boundary.test.mjs	f4857b0df32c0652554d26acb80c9720770a973f	1123	implementation-or-test-data	context: not an editorial deletion candidate	True	not-started	
skills/nova/plugins/repository-adapter/tests/path-safety.test.ts	51e5e118e4e20c66eff743ceeeb2db44887a7f1b	1799	implementation-or-test-data	context: not an editorial deletion candidate	True	not-started	
skills/nova/plugins/repository-adapter/tsconfig.json	b67479e670cb8e2d453cb4bc8e27cfec919d6562	215	implementation-or-test-data	context: not an editorial deletion candidate	True	not-started	
skills/nova/plugins/review/README.md	ee97b73ea5ed84cbae71b8c634db761c2cb11150	16012	component-or-root-documentation	in-scope	True	not-started	
skills/nova/plugins/review/package.json	517dea0d1d679f25d1f7b3592152478fecb020a7	4100	implementation-or-test-data	context: not an editorial deletion candidate	True	not-started	
skills/nova/plugins/review/plugin.json	fbd1a1eed4b32738563e194325325582994e5273	1684	implementation-or-test-data	context: not an editorial deletion candidate	True	not-started	
skills/nova/plugins/review/schemas/config.schema.json	bad167551ade63f2f4661c8622447c49e3c68f10	15917	implementation-or-test-data	context: not an editorial deletion candidate	True	not-started	
skills/nova/plugins/review/schemas/echo-review-verification.v1.schema.json	d90ca5c2e179ddaf04e5901a6e248cea813c08e8	2937	implementation-or-test-data	context: not an editorial deletion candidate	True	not-started	
skills/nova/plugins/review/schemas/input.schema.json	b1aaf3c0ad828704c1926c298e7f84dd4de0b1d5	2672	implementation-or-test-data	context: not an editorial deletion candidate	True	not-started	
skills/nova/plugins/review/schemas/repository-audit-config.schema.json	34e54b4491535e5dc6c0703226ce67841228a8f8	15784	implementation-or-test-data	context: not an editorial deletion candidate	True	not-started	
skills/nova/plugins/review/schemas/repository-audit-input.schema.json	5fe5e852cfe5ad8e7958dbc2340e7de716143995	4863	implementation-or-test-data	context: not an editorial deletion candidate	True	not-started	
skills/nova/plugins/review/schemas/repository-revalidation-input.schema.json	eee943cf4b10c6ea3a7b2c0bce13d706f3f5c6b9	1696	implementation-or-test-data	context: not an editorial deletion candidate	True	not-started	
skills/nova/plugins/review/schemas/result.schema.json	7c18eefa1a9ba02bed78725c32f1faf24c915de3	164	implementation-or-test-data	context: not an editorial deletion candidate	True	not-started	
skills/nova/plugins/review/schemas/review-bundle.v1.schema.json	b2d483aa7d43e476bdb6685e9bcf3df51335ba9b	11269	implementation-or-test-data	context: not an editorial deletion candidate	True	not-started	
skills/nova/plugins/review/schemas/review-bundle.v2.schema.json	27704260ebd44731df58a8b5b43593d95bf8817a	11269	implementation-or-test-data	context: not an editorial deletion candidate	True	not-started	
skills/nova/plugins/review/schemas/review-policy.v1.schema.json	f4f08b73d594ae81d895ed8739019eabe76848e4	11863	implementation-or-test-data	context: not an editorial deletion candidate	True	not-started	
skills/nova/plugins/review/schemas/review-policy.v2.schema.json	a34d826df62edf9e461c2a5fa2c58a276bc21f61	12815	implementation-or-test-data	context: not an editorial deletion candidate	True	not-started	
skills/nova/plugins/review/schemas/review-report.v1.schema.json	9bae01b2734a9f5ca096658018057311a5e9f778	4892	implementation-or-test-data	context: not an editorial deletion candidate	True	not-started	
skills/nova/plugins/review/schemas/review-report.v2.schema.json	27b6d1158e05f0094a8db2c331c78490211e5fe6	6581	implementation-or-test-data	context: not an editorial deletion candidate	True	not-started	
skills/nova/plugins/review/schemas/review-report.v3.schema.json	b4f86d563e480e21600a433d07f4035599d56c6f	10867	implementation-or-test-data	context: not an editorial deletion candidate	True	not-started	
skills/nova/plugins/review/scripts/evaluate-review-quality.mts	a26eee45dc2c3e8c061d429143e3236433893d7e	16580	implementation-or-test-data	context: not an editorial deletion candidate	True	not-started	
skills/nova/plugins/review/scripts/evaluate-scalable-review.mts	17c467fb0936b42a605199f36bbc9381af1743bf	3237	implementation-or-test-data	context: not an editorial deletion candidate	True	not-started	
skills/nova/plugins/review/scripts/generate-bundle-schema.mjs	6a71c045b82583df4e67bd89cade72e4880eba91	1907	implementation-or-test-data	context: not an editorial deletion candidate	True	not-started	
skills/nova/plugins/review/scripts/generate-policy-schema.mjs	77214bd8363ce7e97333687130620295cfabea07	2680	implementation-or-test-data	context: not an editorial deletion candidate	True	not-started	
skills/nova/plugins/review/scripts/generate-verification-schema.mjs	56d5831c1fe1b09c65a699ef61a9f5a4c9f73d1c	867	implementation-or-test-data	context: not an editorial deletion candidate	True	not-started	
skills/nova/plugins/review/src/echo-context-request-parser.ts	aa921ae7460606d2ec9b3ea4421b451fa1c7490e	3369	implementation-or-test-data	context: not an editorial deletion candidate	True	not-started	
skills/nova/plugins/review/src/echo-evidence-verification.ts	3407c31abac0ec997cf4a8560c6d1ce2551903d3	1009	implementation-or-test-data	context: not an editorial deletion candidate	True	not-started	
skills/nova/plugins/review/src/echo-review-contract.ts	4a44fd4c1f41d7196c805295516bb58b2c6562ff	9139	implementation-or-test-data	context: not an editorial deletion candidate	True	not-started	
skills/nova/plugins/review/src/echo-review-parser.ts	e74bfb716482bfaed8aed59295862c9d85af4eb1	11875	implementation-or-test-data	context: not an editorial deletion candidate	True	not-started	
skills/nova/plugins/review/src/echo-review-verification-contract.ts	b8a428f22f0e6e6f77f286db32560b7dcab7acc6	3575	implementation-or-test-data	context: not an editorial deletion candidate	True	not-started	
skills/nova/plugins/review/src/echo-review-verification-parser.ts	b465fe86ba5a29664376725980da55abaa8f20f8	5816	implementation-or-test-data	context: not an editorial deletion candidate	True	not-started	
skills/nova/plugins/review/src/protocol.ts	5a937f4fb513041ac425b4aa1029574f4d760626	4249	implementation-or-test-data	context: not an editorial deletion candidate	True	not-started	
skills/nova/plugins/review/src/repository-audit-cache.ts	4cc3ac73ff4ffff5864b0965320fead0077cc280	6920	implementation-or-test-data	context: not an editorial deletion candidate	True	not-started	
skills/nova/plugins/review/src/repository-audit-results.ts	15afee9ce17e161b52b7cc6800f08234dd77c8f5	11263	implementation-or-test-data	context: not an editorial deletion candidate	True	not-started	
skills/nova/plugins/review/src/repository-audit-stage.ts	bf614a72e281d56ad87d90b2720f9253435f616a	45917	implementation-or-test-data	context: not an editorial deletion candidate	True	not-started	
skills/nova/plugins/review/src/repository-revalidation-contract.ts	aeed37a38c6fcd037df5c84e5583cb6fe9602a7b	8295	implementation-or-test-data	context: not an editorial deletion candidate	True	not-started	
skills/nova/plugins/review/src/repository-revalidation-stage.ts	d4aba3a77868cb56058f002523ef9793faccf365	24044	implementation-or-test-data	context: not an editorial deletion candidate	True	not-started	
skills/nova/plugins/review/src/repository-review-profile.ts	0db3651e219e2dae519e8c7be211925fe67e247b	19954	implementation-or-test-data	context: not an editorial deletion candidate	True	not-started	
skills/nova/plugins/review/src/review-bundle-bounds.ts	e199127a6a436bfa03dfa49cb1567db4fa78a330	4086	implementation-or-test-data	context: not an editorial deletion candidate	True	not-started	
skills/nova/plugins/review/src/review-bundle-contract.ts	a23c61d6d93f118eaad69c9cc7b2bcf3559f1003	6817	implementation-or-test-data	context: not an editorial deletion candidate	True	not-started	
skills/nova/plugins/review/src/review-bundle-parser.ts	d9590eb6a5a17acbaf2214f7522e4053b23ec9b6	10402	implementation-or-test-data	context: not an editorial deletion candidate	True	not-started	
skills/nova/plugins/review/src/review-bundle-snapshot.ts	6ac229eb6ec4657a90f333c1e96b16791ce61ce9	1190	implementation-or-test-data	context: not an editorial deletion candidate	True	not-started	
skills/nova/plugins/review/src/review-bundle-values.ts	fb21f6ab0ea3d1aa746c5da0302d7488a3e02626	3969	implementation-or-test-data	context: not an editorial deletion candidate	True	not-started	
skills/nova/plugins/review/src/review-cluster-contract.ts	f492ad8003a4148fe277e38a1b5d52fc14b62d85	1526	implementation-or-test-data	context: not an editorial deletion candidate	True	not-started	
skills/nova/plugins/review/src/review-cluster-identity.ts	f23871ff8e0878b3a3c030fadcd5a05d1cded5f9	1082	implementation-or-test-data	context: not an editorial deletion candidate	True	not-started	
skills/nova/plugins/review/src/review-cluster-ranking.ts	14dd4e78b25934063c913f95b68a28bcd83ae3e6	2736	implementation-or-test-data	context: not an editorial deletion candidate	True	not-started	
skills/nova/plugins/review/src/review-clustering.ts	f4828d236d7b744f84fb26ac721da47832f2411f	2855	implementation-or-test-data	context: not an editorial deletion candidate	True	not-started	
skills/nova/plugins/review/src/review-completion.ts	91129c9804209dca7028af1eca91089cbd1608e6	904	implementation-or-test-data	context: not an editorial deletion candidate	True	not-started	
skills/nova/plugins/review/src/review-content-cache.ts	8c871bace24f143379b5c5783d0e2a836fee9787	10274	implementation-or-test-data	context: not an editorial deletion candidate	True	not-started	
skills/nova/plugins/review/src/review-context-authority.ts	f88178ef75772d2aba01142e647e841f8746ad3d	2222	implementation-or-test-data	context: not an editorial deletion candidate	True	not-started	
skills/nova/plugins/review/src/review-context-candidates.ts	96e66036411af0a2ebf5227535afe1b4a2bc39f5	12210	implementation-or-test-data	context: not an editorial deletion candidate	True	not-started	
skills/nova/plugins/review/src/review-context-production.ts	2f5a3fcd88dc2b22122c8e971a6aeed398d55b36	12317	implementation-or-test-data	context: not an editorial deletion candidate	True	not-started	
skills/nova/plugins/review/src/review-context-selection.ts	c5529fa125141a3c96c0f677607445d5532469f6	14451	implementation-or-test-data	context: not an editorial deletion candidate	True	not-started	
skills/nova/plugins/review/src/review-coverage.ts	742bf5b104f92516c760e92255de59606c31cea1	1330	implementation-or-test-data	context: not an editorial deletion candidate	True	not-started	
skills/nova/plugins/review/src/review-evaluation-metadata.ts	2fb533f09735e648722b07acb325fe53c7998b28	3594	implementation-or-test-data	context: not an editorial deletion candidate	True	not-started	
skills/nova/plugins/review/src/review-evidence-authority.ts	f15012a5579800a3532d75de094c41ebbd251975	918	implementation-or-test-data	context: not an editorial deletion candidate	True	not-started	
skills/nova/plugins/review/src/review-evidence-encoding.ts	71e346c41cef2ae0e7e65fbadf920a4144878186	614	implementation-or-test-data	context: not an editorial deletion candidate	True	not-started	
skills/nova/plugins/review/src/review-execution-settings.ts	8dfcf13d00f826deb706b58bada57e4a60b87a23	2348	implementation-or-test-data	context: not an editorial deletion candidate	True	not-started	
skills/nova/plugins/review/src/review-fact-extractors.ts	cdbd3842fc951db11105c51504477da2e3abd17c	19262	implementation-or-test-data	context: not an editorial deletion candidate	True	not-started	
skills/nova/plugins/review/src/review-finding-governance.ts	c81ebb6b9064008d48ad730057931a863d1e3949	1926	implementation-or-test-data	context: not an editorial deletion candidate	True	not-started	
skills/nova/plugins/review/src/review-governor-decision.ts	7931e4907ad37c49ff88f0152f80e02ec22a3255	1755	implementation-or-test-data	context: not an editorial deletion candidate	True	not-started	
skills/nova/plugins/review/src/review-governor-history.ts	edeaa72b1ac0a319f1436e5e021f2c13d2244635	4210	implementation-or-test-data	context: not an editorial deletion candidate	True	not-started	
skills/nova/plugins/review/src/review-governor.ts	f2125bd8e98271904eb204a80a49d21308e4f9b5	10166	implementation-or-test-data	context: not an editorial deletion candidate	True	not-started	
skills/nova/plugins/review/src/review-graph.ts	2bfa5c31d62d46f422e3af00dcb77d2ad9a0d8f3	7816	implementation-or-test-data	context: not an editorial deletion candidate	True	not-started	
skills/nova/plugins/review/src/review-hard-limits.ts	cca6116cb77b50625645cf5d30e8328af9138b75	1680	implementation-or-test-data	context: not an editorial deletion candidate	True	not-started	
skills/nova/plugins/review/src/review-import-scanner.ts	faffb3030942267faa58168cd8bcdf7a6284bc56	7318	implementation-or-test-data	context: not an editorial deletion candidate	True	not-started	
skills/nova/plugins/review/src/review-import-syntax.ts	1112fb4aca9af57881a9494eac49da3b37574126	1243	implementation-or-test-data	context: not an editorial deletion candidate	True	not-started	
skills/nova/plugins/review/src/review-invariants.ts	c7c684aeef0440a3e198bd379bfca328cafefde0	1278	implementation-or-test-data	context: not an editorial deletion candidate	True	not-started	
skills/nova/plugins/review/src/review-inventory-lookup.ts	941b9c0637f7b86fd8244bfa7a420ebd95951e90	2617	implementation-or-test-data	context: not an editorial deletion candidate	True	not-started	
skills/nova/plugins/review/src/review-json.ts	bfbf6fca9eacde99b2c3e76bae4d25c03e81ec89	3714	implementation-or-test-data	context: not an editorial deletion candidate	True	not-started	
skills/nova/plugins/review/src/review-local-aliases.ts	ff162a86eb7e96f0d39c5e973c13c020e4a0b240	8410	implementation-or-test-data	context: not an editorial deletion candidate	True	not-started	
skills/nova/plugins/review/src/review-map-artifacts.ts	e777b2d87e9c7b189b1883ad7e3fff5065fbb8e2	4833	implementation-or-test-data	context: not an editorial deletion candidate	True	not-started	
skills/nova/plugins/review/src/review-ordering.ts	f69148dc0843b6eb9d299f34da2e2e2b11c6c1ad	125	implementation-or-test-data	context: not an editorial deletion candidate	True	not-started	
skills/nova/plugins/review/src/review-phase-admission.ts	7a63ce19ac3554f0a177b001e07ec9d1f745e475	647	implementation-or-test-data	context: not an editorial deletion candidate	True	not-started	
skills/nova/plugins/review/src/review-policy-contract.ts	928fb3a81b4e2d6f6782bcc04a99b603462d0f1b	10109	implementation-or-test-data	context: not an editorial deletion candidate	True	not-started	
skills/nova/plugins/review/src/review-policy-parser.ts	322a086035e381faea453705e9fbdab0a8ae318b	14040	implementation-or-test-data	context: not an editorial deletion candidate	True	not-started	
skills/nova/plugins/review/src/review-policy-profiles.ts	c8a04d3321b8fc3bada5d7b6e772c0f8f1261bdb	5284	implementation-or-test-data	context: not an editorial deletion candidate	True	not-started	
skills/nova/plugins/review/src/review-policy-resolver.ts	fd0697c7e001d06929b6b1ebf8172d3a8179f94a	5759	implementation-or-test-data	context: not an editorial deletion candidate	True	not-started	
skills/nova/plugins/review/src/review-preparation.ts	a587b96283bbc80bfb3fcaf7a0a07d049d0ad890	8050	implementation-or-test-data	context: not an editorial deletion candidate	True	not-started	
skills/nova/plugins/review/src/review-prompt-budget.ts	f833aacc28b9982117c240d55d13b4916019fe8c	10587	implementation-or-test-data	context: not an editorial deletion candidate	True	not-started	
skills/nova/plugins/review/src/review-proposal-preflight.ts	7846ca761b69c080cacd65f9b22bb43aa6ff78cf	14916	implementation-or-test-data	context: not an editorial deletion candidate	True	not-started	
skills/nova/plugins/review/src/review-reducer.ts	7a3b20827e1bc6b109a7c8e9ddbaf87dc7f3ffbd	10298	implementation-or-test-data	context: not an editorial deletion candidate	True	not-started	
skills/nova/plugins/review/src/review-reduction-state.ts	5060a9cc24f1994bf197ba35f726ed51b3ed21bf	12379	implementation-or-test-data	context: not an editorial deletion candidate	True	not-started	
skills/nova/plugins/review/src/review-repair-batch.ts	15d27260b3c232dc66cdcdc7b59dda2f10aa63fa	3977	implementation-or-test-data	context: not an editorial deletion candidate	True	not-started	
skills/nova/plugins/review/src/review-report-builder.ts	ca836dac5a686c0c1a075c27b14d79e6e3e9195c	10299	implementation-or-test-data	context: not an editorial deletion candidate	True	not-started	
skills/nova/plugins/review/src/review-report-contract.ts	3f333e8d7bdb43003f8ee1e6f79970c58199dc17	11913	implementation-or-test-data	context: not an editorial deletion candidate	True	not-started	
skills/nova/plugins/review/src/review-report-encoding.ts	bb0ca3341b91dd37cdbf80cae7e31d4ce9579098	829	implementation-or-test-data	context: not an editorial deletion candidate	True	not-started	
skills/nova/plugins/review/src/review-report-flow.ts	351f962a53e840429759f3e3bb51f3ee4028b0ec	4179	implementation-or-test-data	context: not an editorial deletion candidate	True	not-started	
skills/nova/plugins/review/src/review-report-storage.ts	9edd3a7ced07bde6130741177d0afff9c40ce45e	8185	implementation-or-test-data	context: not an editorial deletion candidate	True	not-started	
skills/nova/plugins/review/src/review-repository.ts	3bd6bbb05e351556d13fe34353a060657e845e65	7750	implementation-or-test-data	context: not an editorial deletion candidate	True	not-started	
skills/nova/plugins/review/src/review-runtime-attestation.ts	f69c2fe378cb8ff8245228898cacd0b3bed56c6d	2610	implementation-or-test-data	context: not an editorial deletion candidate	True	not-started	
skills/nova/plugins/review/src/review-scale-slicing.ts	c91b33f7684124e8b0d4ff8b52ae36e1b23ccc74	8408	implementation-or-test-data	context: not an editorial deletion candidate	True	not-started	
skills/nova/plugins/review/src/review-semantic-flow.ts	e46f8d1e7b183e1d6ad114d36d4902c03787daf4	6056	implementation-or-test-data	context: not an editorial deletion candidate	True	not-started	
skills/nova/plugins/review/src/review-semantics.ts	b1770438a6f491991c55fa489f93342040910225	2832	implementation-or-test-data	context: not an editorial deletion candidate	True	not-started	
skills/nova/plugins/review/src/review-slicing.ts	460fc652850cd46fe85552bd633e2303a7330a32	9958	implementation-or-test-data	context: not an editorial deletion candidate	True	not-started	
skills/nova/plugins/review/src/review-snapshot-inventory.ts	3eca5ef62869efe688d88a80742aefbff70d28ee	6412	implementation-or-test-data	context: not an editorial deletion candidate	True	not-started	
skills/nova/plugins/review/src/review-stage-input.ts	f15a970add629e80397c02ce2d854b065266861f	9749	implementation-or-test-data	context: not an editorial deletion candidate	True	not-started	
skills/nova/plugins/review/src/review-stage-result.ts	06e1fd46a0c1233c56cbb875253e5eeb6ea65f91	903	implementation-or-test-data	context: not an editorial deletion candidate	True	not-started	
skills/nova/plugins/review/src/review-stage-verification.ts	4c3a19db4450b5baaa306d06eb02c46b4d545631	14445	implementation-or-test-data	context: not an editorial deletion candidate	True	not-started	
skills/nova/plugins/review/src/review-test-relations.ts	4b130014660e80f478b3b0b25753a68042dd2fe8	1603	implementation-or-test-data	context: not an editorial deletion candidate	True	not-started	
skills/nova/plugins/review/src/review-verdict-policy.ts	161166790b2f3a86dbb4c159543228d72837d8aa	2762	implementation-or-test-data	context: not an editorial deletion candidate	True	not-started	
skills/nova/plugins/review/src/review-verification-reconciliation.ts	abfaf7b672e000d583034639ac44100b49dc9b2b	6182	implementation-or-test-data	context: not an editorial deletion candidate	True	not-started	
skills/nova/plugins/review/src/review-verified-findings.ts	0566a63e19f53480d680798bd2e81810512f4e18	7337	implementation-or-test-data	context: not an editorial deletion candidate	True	not-started	
skills/nova/plugins/review/src/review-verifier.ts	c3b260e39f2c6ea834f79b84e052090e93e27b27	1848	implementation-or-test-data	context: not an editorial deletion candidate	True	not-started	
skills/nova/plugins/review/src/scalable-review-compiler.ts	54029e4b132c7eebe1fbae3ae30ea185ff1e8adb	14567	implementation-or-test-data	context: not an editorial deletion candidate	True	not-started	
skills/nova/plugins/review/src/scalable-review-execution.ts	f18ab82e61c0d923e6c144a782f948f81d10a360	4725	implementation-or-test-data	context: not an editorial deletion candidate	True	not-started	
skills/nova/plugins/review/src/scalable-review-jobs.ts	63eb1709a10474f2d450181d4570fee1d525c1eb	27843	implementation-or-test-data	context: not an editorial deletion candidate	True	not-started	
skills/nova/plugins/review/src/scalable-review-topology.ts	c205cd24505be157a516faeb3409de4f6068c13d	13829	implementation-or-test-data	context: not an editorial deletion candidate	True	not-started	
skills/nova/plugins/review/src/scalable-review-types.ts	44a86e0fd094fa50d8c8d5c9ecdb3eee49648fec	1140	implementation-or-test-data	context: not an editorial deletion candidate	True	not-started	
skills/nova/plugins/review/src/scalable-review-verification-evidence.ts	2934fd146710a006a79afa4eeb557810dacfe08e	1100	implementation-or-test-data	context: not an editorial deletion candidate	True	not-started	
skills/nova/plugins/review/src/scalable-review-verification.ts	e37390d245535eb70540c34935fc115ebca5e67a	20734	implementation-or-test-data	context: not an editorial deletion candidate	True	not-started	
skills/nova/plugins/review/src/simplification-contract.ts	0c6328bdd03760977beb33fc983c94b9c169cb8e	6797	implementation-or-test-data	context: not an editorial deletion candidate	True	not-started	
skills/nova/plugins/review/src/simplification-fact-producer.ts	29f9c590b8e95591be07826a93757b3f57c6bc64	3746	implementation-or-test-data	context: not an editorial deletion candidate	True	not-started	
skills/nova/plugins/review/src/simplification-manifest.ts	955dd56d3421c33766d428b9c614a3e948b1b9f9	3166	implementation-or-test-data	context: not an editorial deletion candidate	True	not-started	
skills/nova/plugins/review/src/simplification-miner.ts	8e2d33c3afdeb80766a6cd12659d727b73c40671	7205	implementation-or-test-data	context: not an editorial deletion candidate	True	not-started	
skills/nova/plugins/review/src/simplification-parser.ts	3dba4adb7fdf6f1a6d4330a2e63aefe70e39e595	9710	implementation-or-test-data	context: not an editorial deletion candidate	True	not-started	
skills/nova/plugins/review/src/simplification-registry.ts	752b6ec935c9d0bf4027d20e838a9cce1611baff	1261	implementation-or-test-data	context: not an editorial deletion candidate	True	not-started	
skills/nova/plugins/review/src/stage.ts	f4c4134a86676299a50255a5f232478d36be3f08	16278	implementation-or-test-data	context: not an editorial deletion candidate	True	not-started	
skills/nova/plugins/review/src/verification-protocol.ts	273f11f1cee17b2748855a29329e2a78e0995c2a	3813	implementation-or-test-data	context: not an editorial deletion candidate	True	not-started	
skills/nova/plugins/review/tests/echo-review-output.unit.test.mjs	613b2b1ebd1d755dfa4d50ed02d699d4b2cac078	5592	implementation-or-test-data	context: not an editorial deletion candidate	True	not-started	
skills/nova/plugins/review/tests/echo-review-verification.unit.test.mjs	2b2d1264a18e923f1b8243f8715c643f4677e7af	2529	implementation-or-test-data	context: not an editorial deletion candidate	True	not-started	
skills/nova/plugins/review/tests/fixtures/legacy-changed-path-schema.json	efa1a2124b7b16f0e16ab58e9a2b5f534d34b4c3	1867	test-fixture	excluded from editorial migration; preserve test behavior and inspect dependencies	False	not-started	
skills/nova/plugins/review/tests/fixtures/legacy-evidence-encoding.json	9aef91d1d0206aaad4ad6456157bd8c932ce2476	3314	test-fixture	excluded from editorial migration; preserve test behavior and inspect dependencies	False	not-started	
skills/nova/plugins/review/tests/fixtures/review-governor.mjs	7c2f93b6aaf9fdceb6cda740d90a958b613e8f09	834	test-fixture	excluded from editorial migration; preserve test behavior and inspect dependencies	False	not-started	
skills/nova/plugins/review/tests/fixtures/review-policy.mjs	b807b01adf38155b956e74ea2445d3a57559c598	1768	test-fixture	excluded from editorial migration; preserve test behavior and inspect dependencies	False	not-started	
skills/nova/plugins/review/tests/fixtures/scalable-review-quality-baseline.json	c93a06e88b7c528d723ec274a0d4289f74eaedbf	1212	test-fixture	excluded from editorial migration; preserve test behavior and inspect dependencies	False	not-started	
skills/nova/plugins/review/tests/fixtures/scalable-review-quality-corpus.json	e131c5131ffaf9e94fd96acb7198255c9e23f707	5494	test-fixture	excluded from editorial migration; preserve test behavior and inspect dependencies	False	not-started	
skills/nova/plugins/review/tests/live-function.test.ts	c7ecb99f6f0b133dc1869bcbe4b702aa03bb1fb8	24780	implementation-or-test-data	context: not an editorial deletion candidate	True	not-started	
skills/nova/plugins/review/tests/package-boundary.test.mjs	5b6b09bc2e0b5ce88b0612b12abb8670e0ecaa67	2062	implementation-or-test-data	context: not an editorial deletion candidate	True	not-started	
skills/nova/plugins/review/tests/protocol.unit.test.mjs	4b1e3e110d137f6847157d3d444d5d26856c3bfe	4405	implementation-or-test-data	context: not an editorial deletion candidate	True	not-started	
skills/nova/plugins/review/tests/remediation.test.mjs	52d2777d0b62a6954381d3ebbbaa671a94905416	8851	implementation-or-test-data	context: not an editorial deletion candidate	True	not-started	
skills/nova/plugins/review/tests/repository-audit-stage.unit.test.mjs	3cac362fa2c92503f486ce61b181f93c20b070ef	17021	implementation-or-test-data	context: not an editorial deletion candidate	True	not-started	
skills/nova/plugins/review/tests/repository-revalidation.unit.test.mjs	5410a92e52413c5a807391e413a88bda90d7b09b	13052	implementation-or-test-data	context: not an editorial deletion candidate	True	not-started	
skills/nova/plugins/review/tests/repository-review-io.test.ts	38ffbde25118e23401074ea2ed7073932ed604aa	12438	implementation-or-test-data	context: not an editorial deletion candidate	True	not-started	
skills/nova/plugins/review/tests/repository-review-profile.unit.test.mjs	f2d9ee785cbeda1cdf565d5cc154d0a8f5a3f23f	5028	implementation-or-test-data	context: not an editorial deletion candidate	True	not-started	
skills/nova/plugins/review/tests/review-bundle-contract.unit.test.mjs	e4c3582977b1b0c9b4d68b624a07f0c68a27ff97	1921	implementation-or-test-data	context: not an editorial deletion candidate	True	not-started	
skills/nova/plugins/review/tests/review-bundle-snapshot.unit.test.mjs	52047447712a67139dcca071a4116994e8b189f5	3062	implementation-or-test-data	context: not an editorial deletion candidate	True	not-started	
skills/nova/plugins/review/tests/review-cluster-contract.unit.test.mjs	3fe375eefaf02885136b34fb9688f890a3046f10	953	implementation-or-test-data	context: not an editorial deletion candidate	True	not-started	
skills/nova/plugins/review/tests/review-cluster-identity.unit.test.mjs	0a3c189c1488bafa490239ed1c7328801dacc529	886	implementation-or-test-data	context: not an editorial deletion candidate	True	not-started	
skills/nova/plugins/review/tests/review-content-cache.unit.test.mjs	663e8bd7d528489a6d28e1593f75d612ece63f2d	4499	implementation-or-test-data	context: not an editorial deletion candidate	True	not-started	
skills/nova/plugins/review/tests/review-context-production.unit.test.mjs	46c9ba5de0f04bd3b5c1826209e863636f6b9105	4578	implementation-or-test-data	context: not an editorial deletion candidate	True	not-started	
skills/nova/plugins/review/tests/review-context-selection.unit.test.mjs	e76c458a8abdedb125f4872944bab6a9068076da	7126	implementation-or-test-data	context: not an editorial deletion candidate	True	not-started	
skills/nova/plugins/review/tests/review-contract-parity.unit.test.mjs	8b666df951c03b751cecde1165e48899154978c1	9355	implementation-or-test-data	context: not an editorial deletion candidate	True	not-started	
skills/nova/plugins/review/tests/review-coverage.test.mts	7859318faa60906c0a1d11f64273dccf52fd27be	4343	implementation-or-test-data	context: not an editorial deletion candidate	True	not-started	
skills/nova/plugins/review/tests/review-decision-matrix.unit.test.mjs	109da4c2c59a6556d5ec848eaa30a93c357702a5	7969	implementation-or-test-data	context: not an editorial deletion candidate	True	not-started	
skills/nova/plugins/review/tests/review-evaluation-metadata.unit.test.mjs	35dcb55fc36e3f8116cc0ff9ba41313d10ed450f	4221	implementation-or-test-data	context: not an editorial deletion candidate	True	not-started	
skills/nova/plugins/review/tests/review-evidence-authority.unit.test.mjs	3b62d49bc61f09d1465415d4e07e977436d978cf	768	implementation-or-test-data	context: not an editorial deletion candidate	True	not-started	
skills/nova/plugins/review/tests/review-evidence-encoding-independent.test.mjs	fc8379b6ebd97b331f21f8f26c42a3547edaa133	8035	implementation-or-test-data	context: not an editorial deletion candidate	True	not-started	
skills/nova/plugins/review/tests/review-evidence-live-locales.test.mjs	dee4ad1e4a05a01ca1eb1919332a328dfa621834	1647	implementation-or-test-data	context: not an editorial deletion candidate	True	not-started	
skills/nova/plugins/review/tests/review-evidence-schema-independent.test.mjs	fd9d09de1f3abec902249385e6fe75f1f940c099	2339	implementation-or-test-data	context: not an editorial deletion candidate	True	not-started	
skills/nova/plugins/review/tests/review-fact-extractors.unit.test.mjs	d9969d23619f650f453b1b53f0aaf7e35fbf7e6a	15729	implementation-or-test-data	context: not an editorial deletion candidate	True	not-started	
skills/nova/plugins/review/tests/review-governor.unit.test.mjs	96a469081dd64b9f4dbaddcd654a33ed13daa6c7	4837	implementation-or-test-data	context: not an editorial deletion candidate	True	not-started	
skills/nova/plugins/review/tests/review-graph.unit.test.mjs	65fa6734c95010b9af628f885bdb50d6a2439407	2580	implementation-or-test-data	context: not an editorial deletion candidate	True	not-started	
skills/nova/plugins/review/tests/review-invariants.unit.test.mjs	5478b91b6fd4ede1812b5249c3fb902ff1ef74ce	2084	implementation-or-test-data	context: not an editorial deletion candidate	True	not-started	
skills/nova/plugins/review/tests/review-map-artifacts.unit.test.mjs	229ea0b2771f88892aeed236462016aa8faf4aa3	1601	implementation-or-test-data	context: not an editorial deletion candidate	True	not-started	
skills/nova/plugins/review/tests/review-policy-contract.unit.test.mjs	041a78af42897ec191398b96358050334f334388	1856	implementation-or-test-data	context: not an editorial deletion candidate	True	not-started	
skills/nova/plugins/review/tests/review-policy-profiles.unit.test.mjs	6b0f2892f406aab2a8faa8e06b818702c1eb82d1	2516	implementation-or-test-data	context: not an editorial deletion candidate	True	not-started	
skills/nova/plugins/review/tests/review-policy-resolver.unit.test.mjs	f07caab54259295c7aaf108de63aaa8f4e04e9e1	3533	implementation-or-test-data	context: not an editorial deletion candidate	True	not-started	
skills/nova/plugins/review/tests/review-prompt-budget.unit.test.mjs	2601691137f1e7aff4d42e7bf7adc1059f82f00f	7104	implementation-or-test-data	context: not an editorial deletion candidate	True	not-started	
skills/nova/plugins/review/tests/review-proposal-preflight.unit.test.mjs	2cd932ff79b300f06da9d936d7e11c40a43a13b7	9730	implementation-or-test-data	context: not an editorial deletion candidate	True	not-started	
skills/nova/plugins/review/tests/review-quality-corpus.unit.test.mjs	e2f681a10b3b826364a10a352f379164fb1ef994	1842	implementation-or-test-data	context: not an editorial deletion candidate	True	not-started	
skills/nova/plugins/review/tests/review-reducer.unit.test.mjs	053e52f5992a53f4ad3d4dc1a93d4d10e2b80525	3849	implementation-or-test-data	context: not an editorial deletion candidate	True	not-started	
skills/nova/plugins/review/tests/review-report-builder.unit.test.mjs	cc7203ed4e9065dcb857197e7b34fc165ca7b733	6018	implementation-or-test-data	context: not an editorial deletion candidate	True	not-started	
skills/nova/plugins/review/tests/review-report-contract.unit.test.mjs	e8ab57dccded81112f68fa3a5b3b2548ff5da21e	3556	implementation-or-test-data	context: not an editorial deletion candidate	True	not-started	
skills/nova/plugins/review/tests/review-report-encoding.test.mjs	963f1f4dfc8956e6654aae8196dbe814f28533c8	930	implementation-or-test-data	context: not an editorial deletion candidate	True	not-started	
skills/nova/plugins/review/tests/review-scale-slicing.unit.test.mjs	018f95fde4dd75ee857f752aeb515bbc55f15bb4	2125	implementation-or-test-data	context: not an editorial deletion candidate	True	not-started	
skills/nova/plugins/review/tests/review-slicing.unit.test.mjs	59d1965e97deb7b48462690bcd574f944ce3a25f	5338	implementation-or-test-data	context: not an editorial deletion candidate	True	not-started	
skills/nova/plugins/review/tests/review-snapshot-inventory.unit.test.mjs	b24db6c941434626ea0f899fad03d23a280775a4	2968	implementation-or-test-data	context: not an editorial deletion candidate	True	not-started	
skills/nova/plugins/review/tests/review-stage-input.unit.test.mjs	d84f3945ca09ad58dd813767a1e8a44713da916d	2737	implementation-or-test-data	context: not an editorial deletion candidate	True	not-started	
skills/nova/plugins/review/tests/review-stage-verification.unit.test.mjs	1bdf4560fc383c554fc84658df7ddd49476c3792	4086	implementation-or-test-data	context: not an editorial deletion candidate	True	not-started	
skills/nova/plugins/review/tests/review-verdict-policy.unit.test.mjs	68fd09dc5e793f8a34ab6316396d3c8016172328	4104	implementation-or-test-data	context: not an editorial deletion candidate	True	not-started	
skills/nova/plugins/review/tests/review-verification-reconciliation.unit.test.mjs	c39263aaca574b919abc023cef559dba46361b94	7113	implementation-or-test-data	context: not an editorial deletion candidate	True	not-started	
skills/nova/plugins/review/tests/review-verified-findings.unit.test.mjs	a48d8d0c618d5a527dcf0fb160544eb8f99af7f7	13973	implementation-or-test-data	context: not an editorial deletion candidate	True	not-started	
skills/nova/plugins/review/tests/scalable-review-compiler.unit.test.mjs	3b18a72a46d15a3ae5021f3da6b55edfa37cf82e	6404	implementation-or-test-data	context: not an editorial deletion candidate	True	not-started	
skills/nova/plugins/review/tests/scalable-review-jobs.unit.test.mjs	15c0c2e01f5f9d40cdc8569005c06f428a3a5f14	15289	implementation-or-test-data	context: not an editorial deletion candidate	True	not-started	
skills/nova/plugins/review/tests/scalable-review-topology.unit.test.mjs	1db032dc7bd0f6ee6bd863fe5d8ff6611f6cd6ca	4048	implementation-or-test-data	context: not an editorial deletion candidate	True	not-started	
skills/nova/plugins/review/tests/scalable-review-verification.unit.test.mjs	2407de066356d547f1bcb351c0d7dae76eadcbb8	13410	implementation-or-test-data	context: not an editorial deletion candidate	True	not-started	
skills/nova/plugins/review/tests/simplification-contract.unit.test.mjs	050e223e5d8a0b9cf04ac88e09f6062a4376b789	2481	implementation-or-test-data	context: not an editorial deletion candidate	True	not-started	
skills/nova/plugins/review/tests/simplification-fact-producer.unit.test.mjs	680484939ea9863d659afb6edf3ebd3148dae035	850	implementation-or-test-data	context: not an editorial deletion candidate	True	not-started	
skills/nova/plugins/review/tests/simplification-manifest.unit.test.mjs	3c2df75f0409d25f45329cd9b3ecbacd32d76134	2111	implementation-or-test-data	context: not an editorial deletion candidate	True	not-started	
skills/nova/plugins/review/tests/simplification-miner.unit.test.mjs	f92ab915a98a10ed543df814706ce1ce57306f5f	3903	implementation-or-test-data	context: not an editorial deletion candidate	True	not-started	
skills/nova/plugins/review/tests/stage.unit.test.mjs	36ace5de0ef0cf60b03a0363ed956dcb84dde6e2	25912	implementation-or-test-data	context: not an editorial deletion candidate	True	not-started	
skills/nova/plugins/review/tsconfig.json	c9a4edcd90dd2d2d42f268d2f1111d7ac71b3631	237	implementation-or-test-data	context: not an editorial deletion candidate	True	not-started	
skills/nova/project/README.md	2903e3df736c169c26a3aa5290839f8435cbf6b2	17982	component-or-root-documentation	in-scope	True	not-started	
skills/nova/project/cli.ts	b5f299527e43d0ec0061a56ff32d75d9743e7d92	4332	implementation-or-test-data	context: not an editorial deletion candidate	True	not-started	
skills/nova/project/compiler.ts	dbbbdf3f00cd1aa741defc95b4c453af69bab31e	14415	implementation-or-test-data	context: not an editorial deletion candidate	True	not-started	
skills/nova/project/coverage.ts	1d7e534f70980ed04043f01506126834c6022643	5662	implementation-or-test-data	context: not an editorial deletion candidate	True	not-started	
skills/nova/project/delivery-manifest.ts	faf84b770ad58e9761b8ab3ba523ebae6c86b9f2	1678	implementation-or-test-data	context: not an editorial deletion candidate	True	not-started	
skills/nova/project/demo.ts	19e8c3c47382a2e416634ce901839f3bf01b75bb	5223	implementation-or-test-data	context: not an editorial deletion candidate	True	not-started	
skills/nova/project/legacy-import-cli.ts	4364eb92c645a26e322bf82b6ff50b1361c8c60f	1899	implementation-or-test-data	context: not an editorial deletion candidate	True	not-started	
skills/nova/project/legacy-import.ts	547e6b2a4048b189a80cb38c6bc0e4881c59a3e5	5856	implementation-or-test-data	context: not an editorial deletion candidate	True	not-started	
skills/nova/project/package.json	f13f48c6da69e64cde47887888c90553cf48d8ea	366	implementation-or-test-data	context: not an editorial deletion candidate	True	not-started	
skills/nova/project/recovery.ts	da9fbbd04cf20dad8bd9a38b50689d57361a3354	3457	implementation-or-test-data	context: not an editorial deletion candidate	True	not-started	
skills/nova/project/review-semantics.ts	3a13f2edd5ab050aa1696d66e6ca116f1b3de191	1388	implementation-or-test-data	context: not an editorial deletion candidate	True	not-started	
skills/nova/project/source.ts	6fb0bc2f6df98e5dfb071846f8c1abfe0aff5e13	5578	implementation-or-test-data	context: not an editorial deletion candidate	True	not-started	
skills/nova/project_setup/SKILL.md	922a7baf46006b40c3fd3eaa52893c13bb05153e	11779	agent-instructions	in-scope: instructions, not a product tutorial	True	not-started	
skills/nova/project_setup/module-files.md	c850672fa376bf030f31f723c0f2a0d56bb64ca1	9240	component-or-root-documentation	in-scope	True	not-started	
skills/nova/project_setup/progress-json.md	4e3a26dc0abb11e9b01067c1f333b1840f257e85	19632	component-or-root-documentation	in-scope	True	not-started	
skills/nova/project_setup/tools/progress-scaffold-discovery.ts	e3fba317293ebd65c0f29220f130e141257944ab	38872	implementation-or-test-data	context: not an editorial deletion candidate	True	not-started	
skills/nova/project_setup/tools/progress-scaffold-test-config.ts	2e057d445390ad556fb66db11df9a501a9367c86	6229	implementation-or-test-data	context: not an editorial deletion candidate	True	not-started	
skills/nova/project_setup/tools/progress-scaffold-validation.ts	23278d73e0a6c8fb0dcbbed75cf4f70880424b36	13520	implementation-or-test-data	context: not an editorial deletion candidate	True	not-started	
skills/nova/project_setup/tools/progress-scaffold-values.ts	919de23c9453ce3211a11bd6778ae860412c8536	5611	implementation-or-test-data	context: not an editorial deletion candidate	True	not-started	
skills/nova/project_setup/tools/progress-scaffold.ts	12c06aa2d2f5744031cca945323024d5a41cf575	7288	implementation-or-test-data	context: not an editorial deletion candidate	True	not-started	
skills/nova/project_setup/tsconfig.json	a72b64878a15c9c94e0a6d3578ab569cd7ba7581	227	implementation-or-test-data	context: not an editorial deletion candidate	True	not-started	
skills/nova/project_setup/types/node-shim.d.ts	25c539e02277f623c8b5af2a15746d7c3f0cea29	414	implementation-or-test-data	context: not an editorial deletion candidate	True	not-started	
skills/nova/tsconfig.json	449b1d98ddd527b4f29a8d372c99c565d990d974	187	implementation-or-test-data	context: not an editorial deletion candidate	True	not-started	
skills/prism/config/database-bootstrap.ts	d0b37fb886d734375cfd99127067a14cf36f91de	628	implementation-or-test-data	context: not an editorial deletion candidate	True	not-started	
skills/prism/config/native-worker.ts	84d7d41fe62516e4d51716406b2722b4381e3696	4829	implementation-or-test-data	context: not an editorial deletion candidate	True	not-started	
skills/prism/control/agent-admission.ts	fa1a0250a76f927c5e448a4543c728ded6beffb1	3600	implementation-or-test-data	context: not an editorial deletion candidate	True	not-started	
skills/prism/control/agent-jobs.ts	13e4321d4a4e458de2ef31bf93ff396a615031da	8860	implementation-or-test-data	context: not an editorial deletion candidate	True	not-started	
skills/prism/control/design-generations.ts	54c97a3afdb11faee2a723df6bf549bfb61dc7a3	8962	implementation-or-test-data	context: not an editorial deletion candidate	True	not-started	
skills/prism/control/direction-decisions.ts	e0febc20cb55c97fb986dcd9d8edae27b72f3530	5313	implementation-or-test-data	context: not an editorial deletion candidate	True	not-started	
skills/prism/control/native-operation-store.ts	65b0ad59c2eba031f829db7e0bf4790dfb3ce64f	4884	implementation-or-test-data	context: not an editorial deletion candidate	True	not-started	
skills/prism/control/native-operation.ts	fde485b9a29fd95d0f45705044fb912fedb0077f	2111	implementation-or-test-data	context: not an editorial deletion candidate	True	not-started	
skills/prism/control/pipeline-preference-subject.ts	8d7154c140ff8a8c9118bd3e7a3a42617f453737	659	implementation-or-test-data	context: not an editorial deletion candidate	True	not-started	
skills/prism/control/preference-snapshot.ts	6c9c8e0674d0e799d5a804e91eecbcaa1e443897	3844	implementation-or-test-data	context: not an editorial deletion candidate	True	not-started	
skills/prism/control/preferences.ts	ccc10e765817ede9aacf3d922a8dff8bf66f8743	2040	implementation-or-test-data	context: not an editorial deletion candidate	True	not-started	
skills/prism/control/product-decisions.ts	4eccebc1e4b4db3e0b887eb3d5cc7a0928a0b001	6951	implementation-or-test-data	context: not an editorial deletion candidate	True	not-started	
skills/prism/control/session.ts	23d781af36185c106a51d4293cc90e976150a96f	1654	implementation-or-test-data	context: not an editorial deletion candidate	True	not-started	
skills/prism/control/worker-evidence.ts	740bf33df8a052c2f2180f52d742c81f63e61ecf	2680	implementation-or-test-data	context: not an editorial deletion candidate	True	not-started	
skills/prism/control/worker-operation-transport.ts	7c9aefaafa9cb0075fb086b9cb422156ec880fb2	1898	implementation-or-test-data	context: not an editorial deletion candidate	True	not-started	
skills/prism/control/worker-results.ts	13b879fb436c1ae3ef7c7fe7ac2cd167574a5749	3857	implementation-or-test-data	context: not an editorial deletion candidate	True	not-started	
skills/prism/corpus/index.ts	96340effa7a583d270237bc3a424af8ed9dd76bc	10549	implementation-or-test-data	context: not an editorial deletion candidate	True	not-started	
skills/prism/directions/index.ts	9554eb54f83d63241a5956ae1718bccd05626c2b	3026	implementation-or-test-data	context: not an editorial deletion candidate	True	not-started	
skills/prism/domain/duplicate.ts	e4f1df08fadb5efdd0d2af4764b3a607ffd0e058	2898	implementation-or-test-data	context: not an editorial deletion candidate	True	not-started	
skills/prism/domain/index.ts	ae786d20ca23e46872438866c8a0d09966a5f606	6665	implementation-or-test-data	context: not an editorial deletion candidate	True	not-started	
skills/prism/engine/browser-capture.ts	fe9d54123adf07c1c16dd91b5dd6dff3163f09b5	1191	implementation-or-test-data	context: not an editorial deletion candidate	True	not-started	
skills/prism/engine/capture-findings.ts	6fe3cd6aa35d9e0b18fb2acdd0b81b5621cb580a	3050	implementation-or-test-data	context: not an editorial deletion candidate	True	not-started	
skills/prism/engine/design-providers.ts	3e3e2cfc33d69c03e241b43820123451d00bd79e	5516	implementation-or-test-data	context: not an editorial deletion candidate	True	not-started	
skills/prism/engine/execution-cache.ts	a86a9c9182bb18fc2f159914dcaa0de137509adf	3551	implementation-or-test-data	context: not an editorial deletion candidate	True	not-started	
skills/prism/engine/index.ts	3c9c328571f1506911d0f79c4516aa140c213c4e	5978	implementation-or-test-data	context: not an editorial deletion candidate	True	not-started	
skills/prism/engine/render-operation.ts	c6768c89e389f4dd2d2f55181322729de0752189	5941	implementation-or-test-data	context: not an editorial deletion candidate	True	not-started	
skills/prism/engine/worker-binding.ts	83cd68862d5ff1bbbcdf30147560db8858cf914e	2010	implementation-or-test-data	context: not an editorial deletion candidate	True	not-started	
skills/prism/engine/worker-envelope.ts	91b1041eb6c61242685e692e7daf7b25ec432424	4405	implementation-or-test-data	context: not an editorial deletion candidate	True	not-started	
skills/prism/evaluation/index.ts	c5a1ad88a40a3cd540b338e5718d7a90061bf7d7	7095	implementation-or-test-data	context: not an editorial deletion candidate	True	not-started	
skills/prism/frontend-design.md	1dff30b1d360c9110dfbbbb2f95a08213b64f179	4439	component-or-root-documentation	in-scope	True	not-started	
skills/prism/integration/corpus-pool.mts	ab0a58d17f14c7dcbca7473f15d0af12765b5f4e	6694	implementation-or-test-data	context: not an editorial deletion candidate	True	not-started	
skills/prism/integration/engine-cache-capture.mts	fcbd16d46387f4c9087b61d935c678dd29a367aa	2596	implementation-or-test-data	context: not an editorial deletion candidate	True	not-started	
skills/prism/integration/engine-capture-retention.mts	5b9d3e230f0c8e0f3ae8025871fb8eb382600c32	8638	implementation-or-test-data	context: not an editorial deletion candidate	True	not-started	
skills/prism/integration/worker-browser-cancellation.mts	0a378c655b29c2155e4a20f00817d75756e06c55	2695	implementation-or-test-data	context: not an editorial deletion candidate	True	not-started	
skills/prism/integration/worker-concurrent-resource-attribution.mts	1fcd23519542610d0f9334f66aa75f9f9d272f68	4806	implementation-or-test-data	context: not an editorial deletion candidate	True	not-started	
skills/prism/openclaw-plugin/README.md	fc6e4d631b7fe497444347d4994f70c4b39a9a2d	697	component-or-root-documentation	in-scope	True	not-started	
skills/prism/openclaw-plugin/index.d.mts	30510661ea5ef6967bf4f32b5c34a543990364c7	375	implementation-or-test-data	context: not an editorial deletion candidate	True	not-started	
skills/prism/openclaw-plugin/index.mjs	b7f7ae0e76cd234eb5becc55866688635cc3b2d4	3128	implementation-or-test-data	context: not an editorial deletion candidate	True	not-started	
skills/prism/openclaw-plugin/index.test.mjs	1aa7ca807cc79bc751e24dcb69eb42e24bd00683	607	implementation-or-test-data	context: not an editorial deletion candidate	True	not-started	
skills/prism/openclaw-plugin/openclaw.plugin.json	efb36bfa17c22f527a32cb0eb9ed34ee5e6c96b9	579	implementation-or-test-data	context: not an editorial deletion candidate	True	not-started	
skills/prism/openclaw-plugin/package.json	dcc87ec89128d1ad66edbbe74a7f9e6035ded04d	354	implementation-or-test-data	context: not an editorial deletion candidate	True	not-started	
skills/prism/package.json	402975a55a832c7438c73fbca187fa838d8ff0e9	2645	implementation-or-test-data	context: not an editorial deletion candidate	True	not-started	
skills/prism/pipeline-adapter/index.ts	a508a2ee510649fc016808ef1bc6af15c9d09d77	2038	implementation-or-test-data	context: not an editorial deletion candidate	True	not-started	
skills/prism/preferences/index.ts	fea35f108d9d94995c64d6388393ffe1b83a2c8d	4330	implementation-or-test-data	context: not an editorial deletion candidate	True	not-started	
skills/prism/prism-conventions.md	3804e3229c9c68ea9f44ed54a086ac46397c9101	3712	component-or-root-documentation	in-scope	True	not-started	
skills/prism/renderer/index.ts	c01cc9adbc33615e3a18a49cf98454a6a9e6a1e4	16368	implementation-or-test-data	context: not an editorial deletion candidate	True	not-started	
skills/prism/runtime.ts	ccb7827cdbbeb9255955f501417afedf3684d066	114	implementation-or-test-data	context: not an editorial deletion candidate	True	not-started	
skills/prism/server/agent-attempt.ts	9e88f78a749c26441a9958d18ef432e2b1809c8e	3188	implementation-or-test-data	context: not an editorial deletion candidate	True	not-started	
skills/prism/server/agent-bridge.mjs	becb5f80d62680f883b09bfeb6f24e675b16f85b	2631	implementation-or-test-data	context: not an editorial deletion candidate	True	not-started	
skills/prism/server/agent-job-routes.ts	3a4daf0fe81d7405d375e12f3035abc64651ad65	1771	implementation-or-test-data	context: not an editorial deletion candidate	True	not-started	
skills/prism/server/agent-job-runner.mjs	7bf7c3e64b262cb43178de2ccb0e85aa91f3c42b	3187	implementation-or-test-data	context: not an editorial deletion candidate	True	not-started	
skills/prism/server/agent-process.ts	fbe48edf30a96410c9fa3a93aadbeba841f5d174	2917	implementation-or-test-data	context: not an editorial deletion candidate	True	not-started	
skills/prism/server/agent-prompt.d.mts	9760848deabfb0c117dcb0db6340614a328a43db	233	implementation-or-test-data	context: not an editorial deletion candidate	True	not-started	
skills/prism/server/agent-prompt.mjs	3652bcd537d192efd0c4f7c37d3ee391f7f1fc89	1451	implementation-or-test-data	context: not an editorial deletion candidate	True	not-started	
skills/prism/server/agent-session.ts	4be3224519cb0c77fff90c6b122974032e61f709	533	implementation-or-test-data	context: not an editorial deletion candidate	True	not-started	
skills/prism/server/bootstrap-database.ts	e90e8550f1ab1689299205e32365b0ba6057bc0a	1161	implementation-or-test-data	context: not an editorial deletion candidate	True	not-started	
skills/prism/server/control-config.ts	fd052f360bac60bf6a33cdb3d5bd873cf4011805	3889	implementation-or-test-data	context: not an editorial deletion candidate	True	not-started	
skills/prism/server/control-server.ts	bef6ec7be1134d4155cef249b146045a54bac9f0	51376	implementation-or-test-data	context: not an editorial deletion candidate	True	not-started	
skills/prism/server/control.ts	0b1870100a82c084f2814c1616f5a007cca99380	419	implementation-or-test-data	context: not an editorial deletion candidate	True	not-started	
skills/prism/server/database-roles.ts	0cd6a025437446be4cfcd779f27f94146ad5f4dd	3805	implementation-or-test-data	context: not an editorial deletion candidate	True	not-started	
skills/prism/server/ingestion.ts	8e5e18e63cb9224fa87b04ad30363137c18b3cac	9159	implementation-or-test-data	context: not an editorial deletion candidate	True	not-started	
skills/prism/server/internal-artifacts.ts	6411199968f5fc4cc382139d504a3ea54dc527c5	2865	implementation-or-test-data	context: not an editorial deletion candidate	True	not-started	
skills/prism/server/internal-auth.ts	57d1670ec13fc88b0acd2f8eb8c703d61cca8054	2756	implementation-or-test-data	context: not an editorial deletion candidate	True	not-started	
skills/prism/server/migrate.ts	147ea44aaebe392c4b1b817408f1bf3b304c3051	246	implementation-or-test-data	context: not an editorial deletion candidate	True	not-started	
skills/prism/server/native-worker-execution.ts	fe75ba04ba78e25805338cbf395755d63dae0f2f	3557	implementation-or-test-data	context: not an editorial deletion candidate	True	not-started	
skills/prism/server/native-worker-host.ts	7a0f389183f0f34d39e8d63592711350eeeef0e8	2039	implementation-or-test-data	context: not an editorial deletion candidate	True	not-started	
skills/prism/server/preference-prompt.d.mts	adcf32cc4b1cac2032e415c1df7d927544cd6430	122	implementation-or-test-data	context: not an editorial deletion candidate	True	not-started	
skills/prism/server/preference-prompt.mjs	aa637424ed3d069f3c0d319a7d780860c3584fd5	643	implementation-or-test-data	context: not an editorial deletion candidate	True	not-started	
skills/prism/server/product-controller.ts	c1e8bc9b980360f9545f0c930ce2008b73f7e05a	1886	implementation-or-test-data	context: not an editorial deletion candidate	True	not-started	
skills/prism/server/product-decisions.ts	1d55a6141909ca161bb447ff6f62169f001efdaa	8588	implementation-or-test-data	context: not an editorial deletion candidate	True	not-started	
skills/prism/server/product-operator-page.ts	d03e02bbb603fd7891831a5c8fb1f221abb027fd	5761	implementation-or-test-data	context: not an editorial deletion candidate	True	not-started	
skills/prism/server/proxy-headers.ts	3245de1caae59b09da4df18069f97d827cc24b65	320	implementation-or-test-data	context: not an editorial deletion candidate	True	not-started	
skills/prism/server/studio-config.ts	6539dc2ff488f1a06f5f2d47aa346ccfcea6cc03	1177	implementation-or-test-data	context: not an editorial deletion candidate	True	not-started	
skills/prism/server/studio-request.ts	1ee0feedd9ca653d057815f6d2a5a3442b0636de	7553	implementation-or-test-data	context: not an editorial deletion candidate	True	not-started	
skills/prism/server/studio.ts	b1dc0fa244438ae12056c5c5c8266d56e5af8e19	397	implementation-or-test-data	context: not an editorial deletion candidate	True	not-started	
skills/prism/server/worker-artifacts.ts	8ba0e4d447e569a74c03e18f47595d33fd773000	3604	implementation-or-test-data	context: not an editorial deletion candidate	True	not-started	
skills/prism/server/worker-config.ts	ad127f11997a25f372582a4065f9df9ce01c0898	2226	implementation-or-test-data	context: not an editorial deletion candidate	True	not-started	
skills/prism/server/worker-lifecycle.ts	fe00fee841bbe85b2498f40ecfc0f3ac8c66c120	5734	implementation-or-test-data	context: not an editorial deletion candidate	True	not-started	
skills/prism/server/worker-operation.ts	5eb38790b7bfac4f3ba69ff3e38a5d0ce1910baf	5451	implementation-or-test-data	context: not an editorial deletion candidate	True	not-started	
skills/prism/server/worker-readiness.ts	24a882b1d3cfd73049b784c2c4e12dc6804f6fc2	5105	implementation-or-test-data	context: not an editorial deletion candidate	True	not-started	
skills/prism/server/worker-service.ts	2a16084a82f4df86cdcbdc9125d6504d6aa13fe8	4861	implementation-or-test-data	context: not an editorial deletion candidate	True	not-started	
skills/prism/server/worker.ts	ebdc941ed26e2218250395e2f406f15507788f77	2909	implementation-or-test-data	context: not an editorial deletion candidate	True	not-started	
skills/prism/storage/artifacts.ts	82fb8ac096f7d5838c059099410f4f7f69594cf7	3467	implementation-or-test-data	context: not an editorial deletion candidate	True	not-started	
skills/prism/storage/index.ts	fc2c62bbccebc13085a08bb8aed8cd1f5998434f	14427	implementation-or-test-data	context: not an editorial deletion candidate	True	not-started	
skills/prism/storage/migrations/001_prism.sql	5475858bf85ea2f908f38e959ae42b30be5de88b	6593	implementation-or-test-data	context: not an editorial deletion candidate	False	not-started	
skills/prism/storage/migrations/002_engine_operation_results.sql	83545316a99a5d4ed91dcb087adc7969d4652b7f	155	implementation-or-test-data	context: not an editorial deletion candidate	False	not-started	
skills/prism/storage/migrations/003_worker_nonce.sql	dfa55d06d88111b8ee16beca78cd2cc71012ca3e	327	implementation-or-test-data	context: not an editorial deletion candidate	False	not-started	
skills/prism/storage/migrations/004_approval_warnings.sql	c81cd04e14a0f4eb3f31206e34d46526f8291a57	111	implementation-or-test-data	context: not an editorial deletion candidate	False	not-started	
skills/prism/storage/migrations/005_direction_source.sql	4398ac7127149ca8b38a55a164043026ab99d057	432	implementation-or-test-data	context: not an editorial deletion candidate	False	not-started	
skills/prism/storage/migrations/006_design_request.sql	a3d157cdec0939d6dd175d74d8c07e942de5dcf6	972	implementation-or-test-data	context: not an editorial deletion candidate	False	not-started	
skills/prism/storage/migrations/007_direction_evidence.sql	5fa36e52b9eb609a64a9b575ce04fcd0547de3a3	98	implementation-or-test-data	context: not an editorial deletion candidate	False	not-started	
skills/prism/storage/migrations/008_document_request_binding.sql	ac43d64cdb5fcdf84bf1105ce84a550606e0c931	223	implementation-or-test-data	context: not an editorial deletion candidate	False	not-started	
skills/prism/storage/migrations/009_corpus_source_evidence.sql	6a2b9113d6d2d17517b2f2a86cbd87507c3d731d	386	implementation-or-test-data	context: not an editorial deletion candidate	False	not-started	
skills/prism/storage/migrations/010_direction_unsourced_uniqueness.sql	6e2379ceb40f027c51d05e4e2b7cea10b206953b	1352	implementation-or-test-data	context: not an editorial deletion candidate	False	not-started	
skills/prism/storage/migrations/011_preference_wire_ids.sql	e0da6b0895c6a6197576f75bcd6c3b03ad3971bc	617	implementation-or-test-data	context: not an editorial deletion candidate	False	not-started	
skills/prism/storage/migrations/012_preference_generation.sql	817bc411ac6185018ab4b574697a605d196213b6	475	implementation-or-test-data	context: not an editorial deletion candidate	False	not-started	
skills/prism/storage/migrations/013_design_round.sql	87c424437ffcd966b98c623539ebccbfc2e4d20d	1138	implementation-or-test-data	context: not an editorial deletion candidate	False	not-started	
skills/prism/storage/migrations/014_agent_jobs.sql	a4f3a0eb92db3c93d3518f6d07660d0c39ed78ff	1563	implementation-or-test-data	context: not an editorial deletion candidate	False	not-started	
skills/prism/storage/migrations/015_product_decisions.sql	1cb0c9bf6a89c692f270665cd832f6028c25f5cd	755	implementation-or-test-data	context: not an editorial deletion candidate	False	not-started	
skills/prism/storage/migrations/016_preference_legacy_insert_compatibility.sql	d1901cd60c196fb208265b95cee9956d491e9791	643	implementation-or-test-data	context: not an editorial deletion candidate	False	not-started	
skills/prism/storage/migrations/017_native_operation_identity.sql	fa02e1cce945fce50e100c7e63ef6a1d5426e2c4	1451	implementation-or-test-data	context: not an editorial deletion candidate	False	not-started	
skills/prism/storage/product-decisions.ts	f6848da6655ef1db42912c2a83beb6640ab2fa16	2644	implementation-or-test-data	context: not an editorial deletion candidate	True	not-started	
skills/prism/studio/agent-revision-client.ts	a4c781bf562ebaa2ed2c17bb76a7d3178aaff532	3110	implementation-or-test-data	context: not an editorial deletion candidate	True	not-started	
skills/prism/studio/app.tsx	177744e41807e4f6b1e4eb3a306ff06208aded2f	36641	implementation-or-test-data	context: not an editorial deletion candidate	False	not-started	
skills/prism/studio/design-round-client.ts	3263fe13a5f8304f085242e7999de6bb6da2abd9	4503	implementation-or-test-data	context: not an editorial deletion candidate	True	not-started	
skills/prism/studio/dev-fixture.ts	8fea54d76d767774521d6c11fe86157a12021c5e	1314	implementation-or-test-data	context: not an editorial deletion candidate	True	not-started	
skills/prism/studio/flows.ts	23e0ddff1bc5963649849bd064105c7cef5a3715	2579	implementation-or-test-data	context: not an editorial deletion candidate	True	not-started	
skills/prism/studio/index.html	167fa8af0b6c9d241c253c8b3970b92486392925	248	implementation-or-test-data	context: not an editorial deletion candidate	False	not-started	
skills/prism/studio/playwright-remediation.mjs	f3960734f41120b0adf3ddf0feb0ba7823949c97	226	implementation-or-test-data	context: not an editorial deletion candidate	True	not-started	
skills/prism/studio/playwright.config.mjs	4190a821a56a87c0646e10e47e2e327cbe739f12	946	implementation-or-test-data	context: not an editorial deletion candidate	True	not-started	
skills/prism/studio/preview-assets.ts	0a629ce0ff76effdfb2c326496d35fd24109e2fa	3291	implementation-or-test-data	context: not an editorial deletion candidate	True	not-started	
skills/prism/studio/preview.ts	c7b75b809b840f386214eca39b595402ca7dfa29	2115	implementation-or-test-data	context: not an editorial deletion candidate	True	not-started	
skills/prism/studio/projection.ts	87771f90243bcfe7bd166aeff28db6bb3b303da5	1881	implementation-or-test-data	context: not an editorial deletion candidate	True	not-started	
skills/prism/studio/puck-adapter.ts	74cdec7eb20c7352e1a007e5609125e915766ea5	9554	implementation-or-test-data	context: not an editorial deletion candidate	True	not-started	
skills/prism/studio/puck-config.tsx	21aac308df565301808c84229a62d7e26bf4017e	2572	implementation-or-test-data	context: not an editorial deletion candidate	False	not-started	
skills/prism/studio/puck-render.test.tsx	ac2e67f9577ff2f0590ef42ee9099384ff0c4df6	1257	implementation-or-test-data	context: not an editorial deletion candidate	False	not-started	
skills/prism/studio/round-response.ts	9fe06963f1e9b1e8e7460ac948649c1e00d7ebad	967	implementation-or-test-data	context: not an editorial deletion candidate	True	not-started	
skills/prism/studio/studio.css	855f80b27548a801b3a1c87d922d025af0e35aaf	4437	implementation-or-test-data	context: not an editorial deletion candidate	False	not-started	
skills/prism/studio/tests/remediation.spec.mjs	cb112aea0f411219bffbaf70119e15d5fc8f7d33	5629	implementation-or-test-data	context: not an editorial deletion candidate	True	not-started	
skills/prism/studio/tests/studio.spec.mjs	ffaf816790d95c55205e3c1c6b0b1c4249adb0e8	1543	implementation-or-test-data	context: not an editorial deletion candidate	True	not-started	
skills/prism/studio/tsconfig.json	ac350ad80d9ff07df54c6c289da0deca9dfeb8fc	292	implementation-or-test-data	context: not an editorial deletion candidate	True	not-started	
skills/prism/studio/vite.config.ts	36a83a49c91d2052cf7b69a16f1fa1d915401da4	335	implementation-or-test-data	context: not an editorial deletion candidate	True	not-started	
skills/prism/tests/agent-bridge-admission.test.mjs	550f53b532864c66d7a0c9fdc2839fbbab9f0bfe	1694	implementation-or-test-data	context: not an editorial deletion candidate	True	not-started	
skills/prism/tests/agent-job-http.test.mts	9b9405c3a8738d736b7d7507097013da60134440	5941	implementation-or-test-data	context: not an editorial deletion candidate	True	not-started	
skills/prism/tests/agent-jobs.test.mts	ce15514b8b4617daa60d57425d3c6b6971934748	9338	implementation-or-test-data	context: not an editorial deletion candidate	True	not-started	
skills/prism/tests/agent-package.test.mjs	27a3d742fa1bb928ef5cfe1ca389c3dc87e6237e	2859	implementation-or-test-data	context: not an editorial deletion candidate	True	not-started	
skills/prism/tests/agent-process.test.mts	61fcaf8d7476a8ce626b09ffdd900a176e1487d0	4073	implementation-or-test-data	context: not an editorial deletion candidate	True	not-started	
skills/prism/tests/agent-resource-contract.test.mts	86817c322bbc73c785049ace99dc16f027e0e8fe	5685	implementation-or-test-data	context: not an editorial deletion candidate	True	not-started	
skills/prism/tests/agent-revision-client.test.mts	673e4cf63d300caff879fbad40146a56ec248192	4010	implementation-or-test-data	context: not an editorial deletion candidate	True	not-started	
skills/prism/tests/artifact-durability.test.mts	f3fea543ab7d812a02c81fe4db7d8342fd1d822b	5999	implementation-or-test-data	context: not an editorial deletion candidate	True	not-started	
skills/prism/tests/control-decisions.test.mts	249d8411f608b9d1b40cc469253f3e27d1e3c529	9495	implementation-or-test-data	context: not an editorial deletion candidate	True	not-started	
skills/prism/tests/control-generation-http.test.mts	67d6308eb1d895e5f56c6ea9c390491ca5a8c71e	9885	implementation-or-test-data	context: not an editorial deletion candidate	True	not-started	
skills/prism/tests/control-product-composition.test.mts	00d6d7ab59e686c0b2ff1f801c1d1af28b5a91e1	8828	implementation-or-test-data	context: not an editorial deletion candidate	True	not-started	
skills/prism/tests/control-product-independent.test.mts	4501379a830b706203cea1b65c03c4a566de3e03	3238	implementation-or-test-data	context: not an editorial deletion candidate	True	not-started	
skills/prism/tests/control-server-config.test.mts	c252f53d9abc03109716e45206f2bb843af4a60f	3421	implementation-or-test-data	context: not an editorial deletion candidate	True	not-started	
skills/prism/tests/control.test.mts	550fe2f24274785279c667987de3d88944dc0273	913	implementation-or-test-data	context: not an editorial deletion candidate	True	not-started	
skills/prism/tests/corpus.test.mts	45d4482f4a1dd3589b57c514fbb59dd06dea531e	3825	implementation-or-test-data	context: not an editorial deletion candidate	True	not-started	
skills/prism/tests/design-round-client.test.mts	2fa0e4c75bf46ab4b8fbeb5743f986139c12aed0	5292	implementation-or-test-data	context: not an editorial deletion candidate	True	not-started	
skills/prism/tests/design-rounds.test.mts	faf010383c079ad9b66048275efc3b3cc1d421f5	11467	implementation-or-test-data	context: not an editorial deletion candidate	True	not-started	
skills/prism/tests/directions.test.mts	d9cb08e9262d29b1de6d3dba47211ff9a689dc9f	1850	implementation-or-test-data	context: not an editorial deletion candidate	True	not-started	
skills/prism/tests/domain-storage.test.mts	e758485de9f04a6bdce0810620e59fad5f876644	2398	implementation-or-test-data	context: not an editorial deletion candidate	True	not-started	
skills/prism/tests/domain.test.mts	d0dbe0a138dbf50c905a5bf8cda503d252b71c36	7842	implementation-or-test-data	context: not an editorial deletion candidate	True	not-started	
skills/prism/tests/e2e.test.mts	abaa656b82e821713de86df852cb737f2f44e1d9	2010	implementation-or-test-data	context: not an editorial deletion candidate	True	not-started	
skills/prism/tests/engine-cache.test.mts	9d2cf648e9ac341b5bcc0d97dcc1b7eac45442e6	6790	implementation-or-test-data	context: not an editorial deletion candidate	True	not-started	
skills/prism/tests/engine.test.mts	0e69ff07a20587a63eda982f3fcbb4b27a86991a	6162	implementation-or-test-data	context: not an editorial deletion candidate	True	not-started	
skills/prism/tests/export-product-vectors.mts	95a750583f34c8ae9b2aac83e2376412a4464a88	1610	implementation-or-test-data	context: not an editorial deletion candidate	True	not-started	
skills/prism/tests/fixtures/historical-worker-v1.json	1476fd2d0de316faff3fa755b25aa8f206725e4b	14141	test-fixture	excluded from editorial migration; preserve test behavior and inspect dependencies	False	not-started	
skills/prism/tests/ingestion-service.test.mts	d4e6d568d40080a98df192636fcdf317785b76f8	4527	implementation-or-test-data	context: not an editorial deletion candidate	True	not-started	
skills/prism/tests/internal-auth.test.mts	0b6036afd77e8046b93d05756834697079135517	2194	implementation-or-test-data	context: not an editorial deletion candidate	True	not-started	
skills/prism/tests/native/database-upgrade.mts	938773818a5917431077049e6c0d6d95fb05f85a	7787	implementation-or-test-data	context: not an editorial deletion candidate	True	not-started	
skills/prism/tests/native/operation-http.mts	234d553b53eac9b6ae11a96f2e2da80d3c5d9d1d	3233	implementation-or-test-data	context: not an editorial deletion candidate	True	not-started	
skills/prism/tests/native/operation-journal.mts	b256ce39b94215f39d2d271646771f1cdbd83d8f	9498	implementation-or-test-data	context: not an editorial deletion candidate	True	not-started	
skills/prism/tests/native/postgres-suite.mts	e516330e07e24629dde2b96a8eabafdcea6cadb1	2727	implementation-or-test-data	context: not an editorial deletion candidate	True	not-started	
skills/prism/tests/native/worker-harness.mts	807c278d51b11ec48c9c3d1ba372fe0180a4b72e	2377	implementation-or-test-data	context: not an editorial deletion candidate	True	not-started	
skills/prism/tests/native/worker-readiness-gate.mts	75ab72a89989d12424705e1a4e37c578f33e1423	2303	implementation-or-test-data	context: not an editorial deletion candidate	True	not-started	
skills/prism/tests/pipeline-adapter.test.mts	bdb28dc3013c13b9a103338a5796e1ea5fae4086	1811	implementation-or-test-data	context: not an editorial deletion candidate	True	not-started	
skills/prism/tests/pipeline-preference-subject.test.mts	44c305f286d0ca2c45904f298959b5536ce17f16	3137	implementation-or-test-data	context: not an editorial deletion candidate	True	not-started	
skills/prism/tests/preference-bridge.test.mjs	9bd76ac3409ad42c630b76e19a7a69ca152f8798	1041	implementation-or-test-data	context: not an editorial deletion candidate	True	not-started	
skills/prism/tests/preferences-generation.test.mts	e04effd1ce3dadbc3fd95fe337f3f06191930f71	4425	implementation-or-test-data	context: not an editorial deletion candidate	True	not-started	
skills/prism/tests/preview-assets.test.mts	4b85481d6b81cf4bec273a59ddd8362f493497f4	3822	implementation-or-test-data	context: not an editorial deletion candidate	True	not-started	
skills/prism/tests/product-controller.test.mts	d5c1dd6245d68f5ef40e4acf17040bad2f9a5643	3886	implementation-or-test-data	context: not an editorial deletion candidate	True	not-started	
skills/prism/tests/product-decisions.test.mts	f45af62263ad645a02cf8cb7987d81326102909a	8700	implementation-or-test-data	context: not an editorial deletion candidate	True	not-started	
skills/prism/tests/provider-cancellation.test.mts	468a35d6af51f3d96257e652aa5498e7191828e5	3382	implementation-or-test-data	context: not an editorial deletion candidate	True	not-started	
skills/prism/tests/quality.test.mts	8b1ed98b1fb22894b80cd14c0589446724f26d94	4200	implementation-or-test-data	context: not an editorial deletion candidate	True	not-started	
skills/prism/tests/renderer-remediation.test.mts	6563601b69e17c5c8236ba1e00f5b3c6cecdd3b9	2703	implementation-or-test-data	context: not an editorial deletion candidate	True	not-started	
skills/prism/tests/renderer.test.mts	0adc76df2cee1746429fc9a2c8911c534b6a1990	5413	implementation-or-test-data	context: not an editorial deletion candidate	True	not-started	
skills/prism/tests/storage.test.mts	9b6002566284f11cc47829494cbf965b72eb1ff9	5388	implementation-or-test-data	context: not an editorial deletion candidate	True	not-started	
skills/prism/tests/studio-adapter.test.mts	a5cbd2004fd999433415a45e6202a98fa7aa0495	6677	implementation-or-test-data	context: not an editorial deletion candidate	True	not-started	
skills/prism/tests/studio-flows.test.mts	45575b33691c6be26849509ebfcbc870513be417	2514	implementation-or-test-data	context: not an editorial deletion candidate	True	not-started	
skills/prism/tests/studio-proxy.test.mts	c6ba5b7f7808619200e8eff89acab89e2d38f4a0	771	implementation-or-test-data	context: not an editorial deletion candidate	True	not-started	
skills/prism/tests/studio-roundtrip.test.mts	296ab3df255673d93c499fcd86ddfdbeaaf87e33	4099	implementation-or-test-data	context: not an editorial deletion candidate	True	not-started	
skills/prism/tests/studio-service.test.mts	aba44d89f9d9240c4ad768b16962e7bd11c5ee93	7584	implementation-or-test-data	context: not an editorial deletion candidate	True	not-started	
skills/prism/tests/worker-cancellation.test.mts	bfba742d3035e844cd8eb37455555ddb516a8366	7251	implementation-or-test-data	context: not an editorial deletion candidate	True	not-started	
skills/prism/tests/worker-http-cancellation.native.mts	0c3e76f0ccf89329ddb0001e5681458ca80d86c0	7105	implementation-or-test-data	context: not an editorial deletion candidate	True	not-started	
skills/prism/tests/worker-ingress-capacity.test.mts	a5fab4fb4bf1bc84672e121ed2fc84fd31c5b719	2991	implementation-or-test-data	context: not an editorial deletion candidate	True	not-started	
skills/prism/tests/worker-process-shutdown.native.mts	92baec07d0de2c794807485f70134d179a50a6cf	9338	implementation-or-test-data	context: not an editorial deletion candidate	True	not-started	
skills/prism/tests/worker-readiness-chart.test.mts	d7f9c365297d887a6fc90826db005ad90b7e5b1b	1087	implementation-or-test-data	context: not an editorial deletion candidate	True	not-started	
skills/prism/tests/worker-readiness.native.mts	daf5bf72a2185477e9448203a41e7d8976b1e099	3896	implementation-or-test-data	context: not an editorial deletion candidate	True	not-started	
skills/prism/tests/worker-readiness.test.mts	655d3226fb48dc3218a9bd7e0c597a30efaa29f3	2544	implementation-or-test-data	context: not an editorial deletion candidate	True	not-started	
skills/prism/tests/worker-service.test.mts	b0c7cac1a5fc13dffae22d9b7a333b956ab9d062	11052	implementation-or-test-data	context: not an editorial deletion candidate	True	not-started	
skills/prism/tests/worker-shutdown-boundaries.test.mts	098fd0b0a89ce392d78fc304838e97c80afa516f	4914	implementation-or-test-data	context: not an editorial deletion candidate	True	not-started	
skills/prism/tmp	8b137891791fe96927ad78e64b0aad7bded08bdc	1	implementation-or-test-data	context: not an editorial deletion candidate	False	not-started	
skills/prism/tsconfig.json	3a5a6f3ccd5df03ecd67148b57c436d28341967f	344	implementation-or-test-data	context: not an editorial deletion candidate	True	not-started	
skills/worker/core/BOUNDARIES.md	d096020f9013ee1863a937b1ce024f49a14eac6c	197	component-or-root-documentation	in-scope	True	not-started	
skills/worker/core/package.json	57bdac6334bbdd07562d592328e5ca66a0342719	239	implementation-or-test-data	context: not an editorial deletion candidate	True	not-started	
skills/worker/core/src/index.ts	9040b48fe9b224288358ecf2272566588846c687	3277	implementation-or-test-data	context: not an editorial deletion candidate	True	not-started	
skills/worker/core/tsconfig.json	a38a14353fabb2bfb2730a11d097c17f7c07adc3	190	implementation-or-test-data	context: not an editorial deletion candidate	True	not-started	
skills/worker/core/worker/attempt-executor.ts	00b270864e61193b6d6ad9efc54b0b3d90001f88	35579	implementation-or-test-data	context: not an editorial deletion candidate	True	not-started	
skills/worker/core/worker/digest.ts	ff3c8f6288f3ed04739baf5c6024c8006102ea4e	185	implementation-or-test-data	context: not an editorial deletion candidate	True	not-started	
skills/worker/core/worker/local-runtime.ts	7148b78966647f08878ecfc0b62502a6bd4d9db6	10134	implementation-or-test-data	context: not an editorial deletion candidate	True	not-started	
skills/worker/core/worker/log-decoder.ts	b1772649832ecb620c6822407a5f4e37c82f31c6	1100	implementation-or-test-data	context: not an editorial deletion candidate	True	not-started	
skills/worker/core/worker/native-attempt-executor.ts	37e6953afea112cfea22a599941242cac4676b35	5014	implementation-or-test-data	context: not an editorial deletion candidate	True	not-started	
skills/worker/core/worker/native-attempt-journal.ts	31a10ce78a4494f75cd0847a96ef17bc6c2fb823	11727	implementation-or-test-data	context: not an editorial deletion candidate	True	not-started	
skills/worker/core/worker/native-attempt-recovery.ts	f0b303a8f3c85d8ae9f9fc28b9551e3cce829ef4	2691	implementation-or-test-data	context: not an editorial deletion candidate	True	not-started	
skills/worker/core/worker/native-control-channel.ts	19c57ec2ae0623690da62dd288b68291d25afc8a	3353	implementation-or-test-data	context: not an editorial deletion candidate	True	not-started	
skills/worker/core/worker/native-journal-state.ts	45d07e09e28ec4540ddf9a87615ea71f5dbba2f1	5417	implementation-or-test-data	context: not an editorial deletion candidate	True	not-started	
skills/worker/core/worker/native-node-identity.ts	b9c243350cea4fafc974dffefac93930519d6df3	923	implementation-or-test-data	context: not an editorial deletion candidate	True	not-started	
skills/worker/core/worker/native-output-spool.ts	a895b0ad1b17ec99b4119ff930bc953e7077ec3e	4658	implementation-or-test-data	context: not an editorial deletion candidate	True	not-started	
skills/worker/core/worker/native-pool-policy.ts	cb1c162667fcf2b960ee6c27356685cf71f88027	2508	implementation-or-test-data	context: not an editorial deletion candidate	True	not-started	
skills/worker/core/worker/native-process-cancellation.ts	505a9a40906a2c9fbd462a02b5e3e1531ea2b2dd	799	implementation-or-test-data	context: not an editorial deletion candidate	True	not-started	
skills/worker/core/worker/native-process-control.ts	0c1efe135a38f49b65a5bf39fadf56560d932d56	1727	implementation-or-test-data	context: not an editorial deletion candidate	True	not-started	
skills/worker/core/worker/native-process-launches.ts	90e1f76babf996874f6fa043c89065eea71c320a	2212	implementation-or-test-data	context: not an editorial deletion candidate	True	not-started	
skills/worker/core/worker/native-process-output.ts	4c8c980b7e6972add28b9642655cc3c82c18bab9	1475	implementation-or-test-data	context: not an editorial deletion candidate	True	not-started	
skills/worker/core/worker/native-resource-accounting.ts	845e44bf4f29e6ea5c1d67f7ad4a4e0dc344e0b2	2354	implementation-or-test-data	context: not an editorial deletion candidate	True	not-started	
skills/worker/core/worker/native-resource-observation.ts	a96c8366bd1007b699be41e9f0722e21ce6ec7ca	3048	implementation-or-test-data	context: not an editorial deletion candidate	True	not-started	
skills/worker/core/worker/native-resource-pool.ts	abb153aca91b1a857939b29cfb909a01cf68aa8f	3100	implementation-or-test-data	context: not an editorial deletion candidate	True	not-started	
skills/worker/core/worker/native-resource-scope.ts	45a5077c8562b61e8e9cb9f3d985191db734e18a	7537	implementation-or-test-data	context: not an editorial deletion candidate	True	not-started	
skills/worker/core/worker/native-result.ts	33edb2069d32c5fe2d75924131e12cf0e7fdc0e5	5058	implementation-or-test-data	context: not an editorial deletion candidate	True	not-started	
skills/worker/core/worker/native-runtime-identity.ts	89019594e09bc4e85221663d470045a4345083e0	1345	implementation-or-test-data	context: not an editorial deletion candidate	True	not-started	
skills/worker/core/worker/native-supervisor-authority.ts	e844e42ded8693bea324cbf76a3b0bc614c6d594	1248	implementation-or-test-data	context: not an editorial deletion candidate	True	not-started	
skills/worker/core/worker/native-worker-launcher.c	a020da8e9848ddc4cf060567a3987abc1762fec3	3739	implementation-or-test-data	context: not an editorial deletion candidate	False	not-started	
skills/worker/core/worker/native-worker-ownership.ts	7b2cd8ab401eabcb2460e47d80aaf5f5ae30f074	14018	implementation-or-test-data	context: not an editorial deletion candidate	True	not-started	
skills/worker/core/worker/native-worker-process.ts	35666cb3e10948433f6463e80e68a1540d67726a	6825	implementation-or-test-data	context: not an editorial deletion candidate	True	not-started	
skills/worker/core/worker/ownership-state.ts	cfb0922b91349fa03f390dcef0bd78b953135bbf	6295	implementation-or-test-data	context: not an editorial deletion candidate	True	not-started	
skills/worker/core/worker/ownership-store.ts	762c64422bff9fc10b3d90bb8e603393f32db6e5	8306	implementation-or-test-data	context: not an editorial deletion candidate	True	not-started	
skills/worker/core/worker/phase-deadline.ts	af7d60ce65c7f35c9ab0407ef4205f6af67776a2	4056	implementation-or-test-data	context: not an editorial deletion candidate	True	not-started	
skills/worker/core/worker/resource-accounting.ts	77f4ccbc8a5dd658e7f7efe42bad415020334105	5173	implementation-or-test-data	context: not an editorial deletion candidate	True	not-started	
skills/worker/core/worker/resource-reservations.ts	2369c3ca584f8ec09ae1fb8e80afbd87bbd99915	1474	implementation-or-test-data	context: not an editorial deletion candidate	True	not-started	
skills/worker/core/worker/resource-result-fields.ts	dff20cbaf9e77b4a46d0c93c5095622bad45f06a	1219	implementation-or-test-data	context: not an editorial deletion candidate	True	not-started	
skills/worker/core/worker/trust.ts	b40bd17d58fda6642c2b68d081e61e2c685c8ed7	2169	implementation-or-test-data	context: not an editorial deletion candidate	True	not-started	
spikes/prism/README.md	8fd60a4c9f11457588fa5163468af20fa86b3faa	318	component-or-root-documentation	in-scope	False	not-started	
spikes/prism/mobile-editor/index.html	5a60c15b227c8939dfc4db3a10d9deb7bcd13c1e	267	implementation-or-test-data	context: not an editorial deletion candidate	False	not-started	
spikes/prism/mobile-editor/package-lock.json	d52bd9ffbb42531ca1b8d245e9a576d0f9945e51	117663	implementation-or-test-data	context: not an editorial deletion candidate	False	not-started	
spikes/prism/mobile-editor/package.json	0e54922a043b10105b15228579b0b54cdf73323c	549	implementation-or-test-data	context: not an editorial deletion candidate	False	not-started	
spikes/prism/mobile-editor/playwright.config.mjs	370ee3040f190048070990f1a44bb25c1f87fb00	723	implementation-or-test-data	context: not an editorial deletion candidate	False	not-started	
spikes/prism/mobile-editor/src/main.tsx	5d76ccbb00ce442d11af093ec0ae5aee800bc08d	4973	implementation-or-test-data	context: not an editorial deletion candidate	False	not-started	
spikes/prism/mobile-editor/src/studio.css	ba0dcc8eee1b26ecdd9e647bbf09abb7152927e8	850	implementation-or-test-data	context: not an editorial deletion candidate	False	not-started	
spikes/prism/mobile-editor/tests/mobile.spec.mjs	a63d108d498a6bb9cd344201aafbbde82dcc0bfd	2800	implementation-or-test-data	context: not an editorial deletion candidate	False	not-started	
spikes/prism/mobile-editor/tsconfig.json	4196b02f420dae4fa0403566a31b257365ac77b9	297	implementation-or-test-data	context: not an editorial deletion candidate	False	not-started	
spikes/prism/mobile-editor/vite.config.ts	ef4a0e42c12e93a94e108b4a14f10351080c0b35	175	implementation-or-test-data	context: not an editorial deletion candidate	False	not-started	
spikes/prism/postgres-retrieval/package-lock.json	e8b9eff7e1c69e24d31f0e2ffd1afb7bafc8950a	6515	implementation-or-test-data	context: not an editorial deletion candidate	False	not-started	
spikes/prism/postgres-retrieval/package.json	503d96f2163de50a05a36f00a7ea39d088bf4727	340	implementation-or-test-data	context: not an editorial deletion candidate	False	not-started	
spikes/prism/postgres-retrieval/schema.sql	24df5ae9e215c1b55585b205149bb1cf93ae9481	2389	implementation-or-test-data	context: not an editorial deletion candidate	False	not-started	
spikes/prism/postgres-retrieval/verify-local.mjs	5fa4f017432eac4de6ff1205e36e1c789fafa2cb	4007	implementation-or-test-data	context: not an editorial deletion candidate	False	not-started	
spikes/prism/postgres-retrieval/verify.mjs	f9036394f8de6e15e68578a7af2780a4e1b3eb05	5654	implementation-or-test-data	context: not an editorial deletion candidate	False	not-started	
spikes/prism/preview-isolation/package-lock.json	18bf68062295159fe88508cecd67abf2a28437ee	2218	implementation-or-test-data	context: not an editorial deletion candidate	False	not-started	
spikes/prism/preview-isolation/package.json	81af5033e3125b62b7a2462aaa29b26c97c5e38a	222	implementation-or-test-data	context: not an editorial deletion candidate	False	not-started	
spikes/prism/preview-isolation/playwright.config.mjs	5f41a182991aa3b555f029cb351af67fda08de3e	372	implementation-or-test-data	context: not an editorial deletion candidate	False	not-started	
spikes/prism/preview-isolation/server.mjs	b4b6f20f53b87bfc7ae15f4ed98128d2fc73257c	2996	implementation-or-test-data	context: not an editorial deletion candidate	False	not-started	
spikes/prism/preview-isolation/tests/isolation.spec.mjs	35b5678a7f1b992853754531b5839c0f1c82963a	2887	implementation-or-test-data	context: not an editorial deletion candidate	False	not-started	
spikes/prism/puck-adapter/package-lock.json	fd69530381fe98400afffb1b61b42170f1e52e8f	107178	implementation-or-test-data	context: not an editorial deletion candidate	False	not-started	
spikes/prism/puck-adapter/package.json	692e919ffe51e4a4ce5757e7fadfd5f83f6e7ca5	456	implementation-or-test-data	context: not an editorial deletion candidate	False	not-started	
spikes/prism/puck-adapter/src/adapter.ts	936a2d513e9845329fde3abaac87a01c4cf8dc89	3799	implementation-or-test-data	context: not an editorial deletion candidate	False	not-started	
spikes/prism/puck-adapter/src/domain.ts	9c90f00711c87199d37ebe18a59e87656fb8c10d	4120	implementation-or-test-data	context: not an editorial deletion candidate	False	not-started	
spikes/prism/puck-adapter/tests/adapter.test.ts	0c32eab1151f1e4072a155b017358b2b9044831f	3676	implementation-or-test-data	context: not an editorial deletion candidate	False	not-started	
spikes/prism/puck-adapter/tsconfig.json	051900d4c7a73bef1af815b09681b2a3e53d1f10	325	implementation-or-test-data	context: not an editorial deletion candidate	False	not-started	
tests/README.md	3088e6d53621af75fa9bf4a59a666349d3bb5207	918	component-or-root-documentation	in-scope	True	not-started	
tests/fixtures/adapter-dependency/legacy-core.json	9eee510bb1a5066c243f606dfcdcb3f9e41b8926	16546	test-fixture	excluded from editorial migration; preserve test behavior and inspect dependencies	False	not-started	
tests/fixtures/admin-repair/source-plugin/config.schema.json	1e4aff5511b0f5e808da70f41123c467e745dc45	172	test-fixture	excluded from editorial migration; preserve test behavior and inspect dependencies	False	not-started	
tests/fixtures/admin-repair/source-plugin/input.schema.json	9bcf3e0d73862a2fede8ce650a2967691055fe25	47	test-fixture	excluded from editorial migration; preserve test behavior and inspect dependencies	False	not-started	
tests/fixtures/admin-repair/source-plugin/plugin.json	a20146b12a31d2ca3c5f4cca374f44157ec9131e	365	test-fixture	excluded from editorial migration; preserve test behavior and inspect dependencies	False	not-started	
tests/fixtures/admin-repair/source-plugin/result.schema.json	7c18eefa1a9ba02bed78725c32f1faf24c915de3	164	test-fixture	excluded from editorial migration; preserve test behavior and inspect dependencies	False	not-started	
tests/fixtures/admin-repair/source-plugin/stage.mjs	44dfaf97b5ca1e89975b92f196b5672e2f9c21a8	1526	test-fixture	excluded from editorial migration; preserve test behavior and inspect dependencies	False	not-started	
tests/fixtures/buster-fixture-control-child.mts	f72cdbb9054d10d086e995ebc0754fcfac3b4567	1867	test-fixture	excluded from editorial migration; preserve test behavior and inspect dependencies	False	not-started	
tests/fixtures/buster-fixture-protocol.mts	a4a6512167a5c3883ee1a910e00447a2487c3681	3085	test-fixture	excluded from editorial migration; preserve test behavior and inspect dependencies	False	not-started	
tests/fixtures/buster-fixture-writer.mts	e4d70dc8efa951cd7637198693c53645ad6e5a3c	805	test-fixture	excluded from editorial migration; preserve test behavior and inspect dependencies	False	not-started	
tests/fixtures/clawdeck/README.md	483ff894b5d6b097fd2ab8cd6798e1370e9b9b71	583	test-fixture	excluded from editorial migration; preserve test behavior and inspect dependencies	False	not-started	
tests/fixtures/helm/runtime-registry.yaml	1e6e55c8e0f248a3b5fdff1b545b0e5e09f83358	220	test-fixture	excluded from editorial migration; preserve test behavior and inspect dependencies	False	not-started	
tests/fixtures/isolation-memory.mjs	833f35175edad8f215748e14edc750439353824b	362	test-fixture	excluded from editorial migration; preserve test behavior and inspect dependencies	False	not-started	
tests/fixtures/isolation-parent.mjs	4f725b57607fdc0bbc14bc1c6f482ddbd8df0f79	683	test-fixture	excluded from editorial migration; preserve test behavior and inspect dependencies	False	not-started	
tests/fixtures/isolation-protocol.mjs	c8d00f4e651422842b4360abb5d13776d4cbf30f	1241	test-fixture	excluded from editorial migration; preserve test behavior and inspect dependencies	False	not-started	
tests/fixtures/litellm-database/LICENSE	3bfef5bae9b48c334acf426d5b7f21bc1913aab9	1419	test-fixture	excluded from editorial migration; preserve test behavior and inspect dependencies	False	not-started	
tests/fixtures/litellm-database/crypto.py	c637bd7fe3d828e0d57decb05f8c1c973970eddc	1170	test-fixture	excluded from editorial migration; preserve test behavior and inspect dependencies	False	not-started	
tests/fixtures/litellm-database/provenance.json	d9357aeb539fab366099102ace420c67f6f13335	796	test-fixture	excluded from editorial migration; preserve test behavior and inspect dependencies	False	not-started	
tests/fixtures/litellm-database/schema.prisma	7604ceadf7a82ddea7d9e5f929ef2c373ff3fe74	67340	test-fixture	excluded from editorial migration; preserve test behavior and inspect dependencies	False	not-started	
tests/fixtures/litellm-database/schema.sql	2d45d05f95625253bd7759c9912e9afcd1ebe8cd	75027	test-fixture	excluded from editorial migration; preserve test behavior and inspect dependencies	False	not-started	
tests/fixtures/native-cancellation-child.mts	c43ea71bff6630501ef329f75fcc10b2b7ad3832	511	test-fixture	excluded from editorial migration; preserve test behavior and inspect dependencies	False	not-started	
tests/fixtures/pipeline-test-gate/manifest-parity/legacy-comparison.v1.json	d0a5b85d3f876d41dd4e2272f2e9424e8874c548	285	test-fixture	excluded from editorial migration; preserve test behavior and inspect dependencies	False	not-started	
tests/fixtures/pipeline-test-gate/unit-parity/failing.test.mjs	d8a3f4d5dfd9dc360a74a91cc9dcf676f3b7c91a	113	test-fixture	excluded from editorial migration; preserve test behavior and inspect dependencies	False	not-started	
tests/fixtures/pipeline-test-gate/unit-parity/legacy-comparison.v1.json	1eaa9c18a2dfb43fbe7211c626d15089b483226b	372	test-fixture	excluded from editorial migration; preserve test behavior and inspect dependencies	False	not-started	
tests/fixtures/pipeline-test-gate/unit-parity/passing.test.mjs	6d57c2dd7929ad3e2e6c19298c2d02324ab57310	144	test-fixture	excluded from editorial migration; preserve test behavior and inspect dependencies	False	not-started	
tests/fixtures/plugin-system-v2/graph-plugin/dist/observer.js	2d2b8691697219219fc9bdf97a081f6b72175818	367	test-fixture	excluded from editorial migration; preserve test behavior and inspect dependencies	False	not-started	
tests/fixtures/plugin-system-v2/graph-plugin/dist/stage.js	b6ad8bd5447d240e09edfaef7aa40e9fa7724ddc	2023	test-fixture	excluded from editorial migration; preserve test behavior and inspect dependencies	False	not-started	
tests/fixtures/plugin-system-v2/graph-plugin/package.json	3cc9bec2a9d8191bcf75b7bfce1372f5d6c73d7c	70	test-fixture	excluded from editorial migration; preserve test behavior and inspect dependencies	False	not-started	
tests/fixtures/plugin-system-v2/graph-plugin/plugin.json	0c36045760f430be6665b67db9be60810dfc079a	887	test-fixture	excluded from editorial migration; preserve test behavior and inspect dependencies	False	not-started	
tests/fixtures/plugin-system-v2/graph-plugin/schemas/checkpoint.schema.json	776b3acc60227144c7db863e48b256ab22be0fbf	232	test-fixture	excluded from editorial migration; preserve test behavior and inspect dependencies	False	not-started	
tests/fixtures/plugin-system-v2/graph-plugin/schemas/config.schema.json	b64e6a45b21bb628c2d293832617d0a07f316ea1	104	test-fixture	excluded from editorial migration; preserve test behavior and inspect dependencies	False	not-started	
tests/fixtures/plugin-system-v2/graph-plugin/schemas/input.schema.json	02514d7125ceea8e07fe18de4894f64d14673ba9	656	test-fixture	excluded from editorial migration; preserve test behavior and inspect dependencies	False	not-started	
tests/fixtures/plugin-system-v2/graph-plugin/schemas/observer-config.schema.json	e3fd2d66f4ab77d748298ba2c963428d1292e6a2	192	test-fixture	excluded from editorial migration; preserve test behavior and inspect dependencies	False	not-started	
tests/fixtures/plugin-system-v2/graph-plugin/schemas/result.schema.json	7c18eefa1a9ba02bed78725c32f1faf24c915de3	164	test-fixture	excluded from editorial migration; preserve test behavior and inspect dependencies	False	not-started	
tests/fixtures/plugin-system-v2/recovery-plugin/package.json	715931e20fc9828cb8e7d0ed8eabe9d824b18114	82	test-fixture	excluded from editorial migration; preserve test behavior and inspect dependencies	False	not-started	
tests/fixtures/plugin-system-v2/recovery-plugin/plugin.json	fa8c1df91dc171844c1c864a8203064f45684eb0	622	test-fixture	excluded from editorial migration; preserve test behavior and inspect dependencies	False	not-started	
tests/fixtures/plugin-system-v2/recovery-plugin/schemas/config.schema.json	1189273ffbc91dfc9f9db390e1b0ef20f4542c7f	191	test-fixture	excluded from editorial migration; preserve test behavior and inspect dependencies	False	not-started	
tests/fixtures/plugin-system-v2/recovery-plugin/schemas/input.schema.json	b64e6a45b21bb628c2d293832617d0a07f316ea1	104	test-fixture	excluded from editorial migration; preserve test behavior and inspect dependencies	False	not-started	
tests/fixtures/plugin-system-v2/recovery-plugin/schemas/result.schema.json	7c18eefa1a9ba02bed78725c32f1faf24c915de3	164	test-fixture	excluded from editorial migration; preserve test behavior and inspect dependencies	False	not-started	
tests/fixtures/plugin-system-v2/recovery-plugin/stage.js	7224b740514477e8403ca2d4a2f1b5d9d896b330	1463	test-fixture	excluded from editorial migration; preserve test behavior and inspect dependencies	False	not-started	
tests/fixtures/plugin-system-v2/resume-plugin/checkpoint.js	c8311ba8ba3fbe2e6c5403b33ba7c889a2178e70	2164	test-fixture	excluded from editorial migration; preserve test behavior and inspect dependencies	False	not-started	
tests/fixtures/plugin-system-v2/resume-plugin/dist/stage.js	df29bc2bd35233902a1b291a6b7b352400e6285b	627	test-fixture	excluded from editorial migration; preserve test behavior and inspect dependencies	False	not-started	
tests/fixtures/plugin-system-v2/resume-plugin/package.json	d40dc1f87c412bb580773ec4b265e9fb9323f9be	71	test-fixture	excluded from editorial migration; preserve test behavior and inspect dependencies	False	not-started	
tests/fixtures/plugin-system-v2/resume-plugin/plugin.json	9cf7487589d78b60ce0063ac6fabe791455b8f28	654	test-fixture	excluded from editorial migration; preserve test behavior and inspect dependencies	False	not-started	
tests/fixtures/plugin-system-v2/resume-plugin/schemas/checkpoint-config.schema.json	f544f2e097775fe53128b6d83b087732969fef81	289	test-fixture	excluded from editorial migration; preserve test behavior and inspect dependencies	False	not-started	
tests/fixtures/plugin-system-v2/resume-plugin/schemas/config.schema.json	b64e6a45b21bb628c2d293832617d0a07f316ea1	104	test-fixture	excluded from editorial migration; preserve test behavior and inspect dependencies	False	not-started	
tests/fixtures/plugin-system-v2/resume-plugin/schemas/input.schema.json	b64e6a45b21bb628c2d293832617d0a07f316ea1	104	test-fixture	excluded from editorial migration; preserve test behavior and inspect dependencies	False	not-started	
tests/fixtures/plugin-system-v2/resume-plugin/schemas/result.schema.json	7c18eefa1a9ba02bed78725c32f1faf24c915de3	164	test-fixture	excluded from editorial migration; preserve test behavior and inspect dependencies	False	not-started	
tests/fixtures/prism-native-operation-writer.mts	ce0588848237e950942b641f04ba4e71baeb1dfd	620	test-fixture	excluded from editorial migration; preserve test behavior and inspect dependencies	False	not-started	
tests/fixtures/repair-budget/legacy-core.json	a87571ae86fcea0552527c7915fceb8cddf3be1a	44470	test-fixture	excluded from editorial migration; preserve test behavior and inspect dependencies	False	not-started	
tests/fixtures/repair-budget/legacy-review-compiler.json	cec69b75ba2cd568ed7122d129c2d70cbbc2fd94	13871	test-fixture	excluded from editorial migration; preserve test behavior and inspect dependencies	False	not-started	
tests/fixtures/repair-budget/plugin/config.schema.json	a0d3001262f70d96598b81b30192fec5ad9090cb	161	test-fixture	excluded from editorial migration; preserve test behavior and inspect dependencies	False	not-started	
tests/fixtures/repair-budget/plugin/input.schema.json	58dd98129a8988f710e74feb851492499b4a0d10	306	test-fixture	excluded from editorial migration; preserve test behavior and inspect dependencies	False	not-started	
tests/fixtures/repair-budget/plugin/plugin.json	02ea6f4bce1156a91ca544fa011f6f1eae15c5a6	369	test-fixture	excluded from editorial migration; preserve test behavior and inspect dependencies	False	not-started	
tests/fixtures/repair-budget/plugin/result.schema.json	f4484c79ddac42369e12567dc73032b559ca5c96	107	test-fixture	excluded from editorial migration; preserve test behavior and inspect dependencies	False	not-started	
tests/fixtures/repair-budget/plugin/stage.mjs	1c7ae214b8f1420db086ce9a6c1e0c9f304d3d7e	1840	test-fixture	excluded from editorial migration; preserve test behavior and inspect dependencies	False	not-started	
tests/fixtures/review-cache-stage/plugin/config.schema.json	c826dd01f114d40f68ef23d91bc7c605e9984478	312	test-fixture	excluded from editorial migration; preserve test behavior and inspect dependencies	False	not-started	
tests/fixtures/review-cache-stage/plugin/input.schema.json	b64e6a45b21bb628c2d293832617d0a07f316ea1	104	test-fixture	excluded from editorial migration; preserve test behavior and inspect dependencies	False	not-started	
tests/fixtures/review-cache-stage/plugin/plugin.json	7117f30997096dd4d8987545562d51d7788ae109	374	test-fixture	excluded from editorial migration; preserve test behavior and inspect dependencies	False	not-started	
tests/fixtures/review-cache-stage/plugin/result.schema.json	7c18eefa1a9ba02bed78725c32f1faf24c915de3	164	test-fixture	excluded from editorial migration; preserve test behavior and inspect dependencies	False	not-started	
tests/fixtures/review-cache-stage/plugin/stage.mjs	0d1e10eb6b01dc0436d1a84ec4c57ce28557da34	2255	test-fixture	excluded from editorial migration; preserve test behavior and inspect dependencies	False	not-started	
tests/fixtures/review-cache-stage/value.mjs	68a7071e8657b5a80097909e7e32759d37458e32	3322	test-fixture	excluded from editorial migration; preserve test behavior and inspect dependencies	False	not-started	
tests/fixtures/test-gate/remote-plan.mts	695683edf94d85e5df59d59248267400336a5392	6318	test-fixture	excluded from editorial migration; preserve test behavior and inspect dependencies	False	not-started	
tests/fixtures/worker-control-child.mts	6353704309af3a9656080fbfb54699c778499975	1310	test-fixture	excluded from editorial migration; preserve test behavior and inspect dependencies	False	not-started	
tests/fixtures/worker-journal-writer.mjs	895c3ddf8f81903606f67be6a5030575f7008aa9	1242	test-fixture	excluded from editorial migration; preserve test behavior and inspect dependencies	False	not-started	
tests/fixtures/worker-native-process-child.mjs	9d1481ca58f99af4f37c3e0bca8e11cbda302dd7	550	test-fixture	excluded from editorial migration; preserve test behavior and inspect dependencies	False	not-started	
tests/fixtures/worker-native-scope-child.mjs	cb692505be9644c210486f0d160c3a0affa47c0d	534	test-fixture	excluded from editorial migration; preserve test behavior and inspect dependencies	False	not-started	
tests/fixtures/worker-observation-writer.mjs	910bd409dce5791255532c524497de2d35b05f67	1375	test-fixture	excluded from editorial migration; preserve test behavior and inspect dependencies	False	not-started	
tests/fixtures/worker-output-writer.mjs	3a65539676fa3b1ca4d5d372b0a444c09959faeb	481	test-fixture	excluded from editorial migration; preserve test behavior and inspect dependencies	False	not-started	
tests/fixtures/worker-ownership-supervisor.mjs	9623c3493a845764130f86fccc799564695aac4c	570	test-fixture	excluded from editorial migration; preserve test behavior and inspect dependencies	False	not-started	
tests/skills/nova/project_setup/progress-scaffold.test.mjs	a944e162ebe89238a83dae07bfc2c9a8c5e7d6f2	33711	implementation-or-test-data	context: not an editorial deletion candidate	True	not-started	
tests/skills/nova/project_setup/scaffold-publication.test.mjs	3080effa1156a5f80630f99e359ec3289b6823d1	6946	implementation-or-test-data	context: not an editorial deletion candidate	True	not-started	
tests/skills/nova/project_setup/scaffold-regeneration.test.mjs	909b30ff320555730bba7ac9a06a862c8dcf14e2	4113	implementation-or-test-data	context: not an editorial deletion candidate	True	not-started	
tests/verification/contracts/action-pins.test.mjs	af522389a29a15b986f0d2407dc65829ff43450d	2250	implementation-or-test-data	context: not an editorial deletion candidate	True	not-started	
tests/verification/contracts/check-agent-namespace-rbac.mts	a50fdd442ffbff2441d59df92df9e0704aaf45e8	1393	implementation-or-test-data	context: not an editorial deletion candidate	True	not-started	
tests/verification/contracts/check-buster-namespace-fence.mjs	dc715f42197aff49f691159daa0252b32e8d7615	2818	implementation-or-test-data	context: not an editorial deletion candidate	True	not-started	
tests/verification/contracts/check-checkpoint-hook-contracts.mjs	d3f3dfbead5a6a8c5648f7d3038b99d402e37ab1	11137	implementation-or-test-data	context: not an editorial deletion candidate	True	not-started	
tests/verification/contracts/check-demo-ready-controller.mts	b3b062aea262252332771a6d00008fa7e2cec1b6	9007	implementation-or-test-data	context: not an editorial deletion candidate	True	not-started	
tests/verification/contracts/check-deploy-prism-command.mts	d7a48b0307db37a8de11bc81e7adf00e2e913620	14405	implementation-or-test-data	context: not an editorial deletion candidate	True	not-started	
tests/verification/contracts/check-junit-executed-required.mts	49d026b2e2526113914796beb9afbc240e107e0e	13431	implementation-or-test-data	context: not an editorial deletion candidate	True	not-started	
tests/verification/contracts/check-nova-journal-scale.mts	e6eb97bfbc0f2eeb9f207f86886fcdf1169ae795	1602	implementation-or-test-data	context: not an editorial deletion candidate	True	not-started	
tests/verification/contracts/check-nova-run-root.mts	5a8c2bbbcb941154686fe2baa3d4ace7adffdc24	1035	implementation-or-test-data	context: not an editorial deletion candidate	True	not-started	
tests/verification/contracts/check-pipeline-a11y-baseline.mjs	11ac84999462d81fc3370cd15ad8fddf2969767a	637	implementation-or-test-data	context: not an editorial deletion candidate	True	not-started	
tests/verification/contracts/check-pipeline-a11y-cutover.mts	ae73ad51d5cf021b5119354a780fb6902cb09359	2169	implementation-or-test-data	context: not an editorial deletion candidate	True	not-started	
tests/verification/contracts/check-pipeline-a11y-implementation.mts	df8d61a1d943474d926ea64396c011125c3d3902	4202	implementation-or-test-data	context: not an editorial deletion candidate	True	not-started	
tests/verification/contracts/check-pipeline-a11y-parity.mts	c0fdd5ec865f3d091fe68a6c5dcb05523eda8f0d	818	implementation-or-test-data	context: not an editorial deletion candidate	True	not-started	
tests/verification/contracts/check-pipeline-api-baseline.mjs	96e4a79996996381d49fd84d4be011f62818d7b1	634	implementation-or-test-data	context: not an editorial deletion candidate	True	not-started	
tests/verification/contracts/check-pipeline-api-cutover.mts	bffd760f161017ae01ae1534d66ee1753456e81f	2361	implementation-or-test-data	context: not an editorial deletion candidate	True	not-started	
tests/verification/contracts/check-pipeline-api-implementation.mts	ea42ef42e27ad735845081c080e5f54e5be537db	7088	implementation-or-test-data	context: not an editorial deletion candidate	True	not-started	
tests/verification/contracts/check-pipeline-api-parity.mts	b39b544cf5bf8c650d43d930489ad3bb38dfbbac	815	implementation-or-test-data	context: not an editorial deletion candidate	True	not-started	
tests/verification/contracts/check-pipeline-committed-source-snapshot.mts	64278bfb6111087976061db6db6831f3c53908ec	5368	implementation-or-test-data	context: not an editorial deletion candidate	True	not-started	
tests/verification/contracts/check-pipeline-container-build-baseline.mjs	7c06eadda9b08bdbad99ecabf21fae8789e2ab35	858	implementation-or-test-data	context: not an editorial deletion candidate	True	not-started	
tests/verification/contracts/check-pipeline-container-build-cutover.mts	d19bca39f1cd02a785fde748c572d926706b1a77	7695	implementation-or-test-data	context: not an editorial deletion candidate	True	not-started	
tests/verification/contracts/check-pipeline-container-build-implementation.mts	095baac4496276541fc15c54be4c396c3d111824	2531	implementation-or-test-data	context: not an editorial deletion candidate	True	not-started	
tests/verification/contracts/check-pipeline-container-build-parity.mts	87daab9057d7736438a11835d05d4a08764b4cc9	2592	implementation-or-test-data	context: not an editorial deletion candidate	True	not-started	
tests/verification/contracts/check-pipeline-container-build-production.mts	3d9e850812aec36cfb82c46958761ccc8e936fd7	10013	implementation-or-test-data	context: not an editorial deletion candidate	True	not-started	
tests/verification/contracts/check-pipeline-container-build-recovery.mts	cd189ea9a16a37cce6579049191de9a5c5955855	3027	implementation-or-test-data	context: not an editorial deletion candidate	True	not-started	
tests/verification/contracts/check-pipeline-container-build-runtime.mts	13944b0c724033c52938a8f404542b9f246c28fa	2252	implementation-or-test-data	context: not an editorial deletion candidate	True	not-started	
tests/verification/contracts/check-pipeline-direct-command-provider.mts	1105d76572dc38cb752a80bc073aa63b60292bef	8122	implementation-or-test-data	context: not an editorial deletion candidate	True	not-started	
tests/verification/contracts/check-pipeline-e2e-baseline.mjs	80729067a78394f3dff4ff6aae421374f1174cab	499	implementation-or-test-data	context: not an editorial deletion candidate	True	not-started	
tests/verification/contracts/check-pipeline-e2e-cutover.mts	b18e231654174806359e75ffc4c18b00c031c8fc	4358	implementation-or-test-data	context: not an editorial deletion candidate	True	not-started	
tests/verification/contracts/check-pipeline-e2e-implementation.mts	8ed0c2b2c9ae67897a93679c4dca90f0543646a8	2796	implementation-or-test-data	context: not an editorial deletion candidate	True	not-started	
tests/verification/contracts/check-pipeline-e2e-legacy-comparison.mts	e0b08cb4d0cd5735c8e138822a237d56fb23f7a8	887	implementation-or-test-data	context: not an editorial deletion candidate	True	not-started	
tests/verification/contracts/check-pipeline-e2e-parity.mts	acda44f26f6363a0551b7ac2579360cd1d78b424	2176	implementation-or-test-data	context: not an editorial deletion candidate	True	not-started	
tests/verification/contracts/check-pipeline-e2e-remote-vertical.mts	b5f7ac7ae4e1c5898acc1650634a9f3d5db87328	6877	implementation-or-test-data	context: not an editorial deletion candidate	True	not-started	
tests/verification/contracts/check-pipeline-http-baseline.mjs	0e0662cca4f746fad9eb187ee7cb071098f86020	816	implementation-or-test-data	context: not an editorial deletion candidate	True	not-started	
tests/verification/contracts/check-pipeline-http-cutover.mts	0f1f2c03a80c1ecc4753d27776334bcca4a5f7b6	4087	implementation-or-test-data	context: not an editorial deletion candidate	True	not-started	
tests/verification/contracts/check-pipeline-http-implementation.mts	447c20269c7893cb6618ac0b7e78808ee5b602de	4848	implementation-or-test-data	context: not an editorial deletion candidate	True	not-started	
tests/verification/contracts/check-pipeline-http-live.mts	a07cfd1f70ee5bce9b02e7f302e2d71297aeb733	3984	implementation-or-test-data	context: not an editorial deletion candidate	True	not-started	
tests/verification/contracts/check-pipeline-http-parity.mts	860c861d24e321231e715dd7860bf0ad7b9adb89	5188	implementation-or-test-data	context: not an editorial deletion candidate	True	not-started	
tests/verification/contracts/check-pipeline-junit-report-adapter.mts	a8588b704f08a72600f272fe8975070db5e7c2c8	2930	implementation-or-test-data	context: not an editorial deletion candidate	True	not-started	
tests/verification/contracts/check-pipeline-kubernetes-fixture-baseline.mjs	089a4d26d6d4ff1a09b2cc7d0aa862935acb0a8b	835	implementation-or-test-data	context: not an editorial deletion candidate	True	not-started	
tests/verification/contracts/check-pipeline-kubernetes-fixture-cutover.mts	3490b53ac41d18369a4cdf51c24a9731e9c04e4b	11108	implementation-or-test-data	context: not an editorial deletion candidate	True	not-started	
tests/verification/contracts/check-pipeline-kubernetes-fixture-implementation.mts	c0bc13001b15105a50b55122689e472be0a18b49	19517	implementation-or-test-data	context: not an editorial deletion candidate	True	not-started	
tests/verification/contracts/check-pipeline-kubernetes-fixture-live.mts	a0fd11aea1cb2df1f15e85cbdbe007df915bf276	14259	implementation-or-test-data	context: not an editorial deletion candidate	True	not-started	
tests/verification/contracts/check-pipeline-kubernetes-fixture-parity.mts	f1348e77b62c29bb71ac9d773ec3869a5755808b	2618	implementation-or-test-data	context: not an editorial deletion candidate	True	not-started	
tests/verification/contracts/check-pipeline-legacy-retirement.mts	49744dac981d3c357059245bdaccd9243508e570	1473	implementation-or-test-data	context: not an editorial deletion candidate	True	not-started	
tests/verification/contracts/check-pipeline-lighthouse-baseline.mjs	d4d5d832290fbf92325f5436b6a4f8186cc261d7	616	implementation-or-test-data	context: not an editorial deletion candidate	True	not-started	
tests/verification/contracts/check-pipeline-lighthouse-cutover.mts	bab80f13aa7784883832b5d64b84e79ce39ad8fc	2140	implementation-or-test-data	context: not an editorial deletion candidate	True	not-started	
tests/verification/contracts/check-pipeline-lighthouse-implementation.mts	5dfd0c1dbedb9b28327451484f0dca29d0ec69cf	7179	implementation-or-test-data	context: not an editorial deletion candidate	True	not-started	
tests/verification/contracts/check-pipeline-lighthouse-legacy-comparison.mts	752ab19918c7d7a1e429779c7a0466c808b865e0	1434	implementation-or-test-data	context: not an editorial deletion candidate	True	not-started	
tests/verification/contracts/check-pipeline-lighthouse-parity.mts	7b255e3fb519c99f96125805693856eb75633586	1000	implementation-or-test-data	context: not an editorial deletion candidate	True	not-started	
tests/verification/contracts/check-pipeline-lighthouse-remote-vertical.mts	3999ade31456c6477677df5e16b4a93731b25c08	7178	implementation-or-test-data	context: not an editorial deletion candidate	True	not-started	
tests/verification/contracts/check-pipeline-manifest-lint-baseline.mjs	cc41019d9475e90d749a8e904198eabcece843a8	1913	implementation-or-test-data	context: not an editorial deletion candidate	True	not-started	
tests/verification/contracts/check-pipeline-manifest-lint-comparison.mts	b43e680c15be60798203283b8835612ef3955363	3060	implementation-or-test-data	context: not an editorial deletion candidate	True	not-started	
tests/verification/contracts/check-pipeline-manifest-lint-cutover.mts	cb00ae52b15486e5bb7470033d17de6e9aa59d3d	3835	implementation-or-test-data	context: not an editorial deletion candidate	True	not-started	
tests/verification/contracts/check-pipeline-manifest-lint-implementation.mts	d885fa5ab9e4f3ab9c1d172c7c41398c4f04037e	23235	implementation-or-test-data	context: not an editorial deletion candidate	True	not-started	
tests/verification/contracts/check-pipeline-manifest-lint-parity.mts	1ec89781b89c23fbd103edad54669ae1080d9806	7022	implementation-or-test-data	context: not an editorial deletion candidate	True	not-started	
tests/verification/contracts/check-pipeline-manifest-lint-production.mts	33fb141efd43fc99499736920289e07990fa637f	2300	implementation-or-test-data	context: not an editorial deletion candidate	True	not-started	
tests/verification/contracts/check-pipeline-manifest-lint-vertical.mts	e0523a616c6ed3c8ab52449343a189d4e83489da	7367	implementation-or-test-data	context: not an editorial deletion candidate	True	not-started	
tests/verification/contracts/check-pipeline-observability-clawdeck-view.mts	b1c69ac8c515f5d6a92002de42c581b59a4e8c32	5682	implementation-or-test-data	context: not an editorial deletion candidate	True	not-started	
tests/verification/contracts/check-pipeline-observability-contracts.mts	7cd13531bf8724b1db39781a84c5a5bbbf8850ce	5778	implementation-or-test-data	context: not an editorial deletion candidate	True	not-started	
tests/verification/contracts/check-pipeline-observability-durable-attempts.mts	b0a3769418df9329e1acdfc91b49af8d54ea73b3	13844	implementation-or-test-data	context: not an editorial deletion candidate	True	not-started	
tests/verification/contracts/check-pipeline-observability-durable-delivery.mts	6c8950a0198d64a574b36e4e46b0a170b1b3d85d	7755	implementation-or-test-data	context: not an editorial deletion candidate	True	not-started	
tests/verification/contracts/check-pipeline-observability-legacy-cutover.mjs	bd8a2aecc01637474d3c4163f2bf23f3ac32a35c	4389	implementation-or-test-data	context: not an editorial deletion candidate	True	not-started	
tests/verification/contracts/check-pipeline-observability-nova-reconciliation.mts	a0a81c9b6e752b00add4b5432a73e64992d87044	13282	implementation-or-test-data	context: not an editorial deletion candidate	True	not-started	
tests/verification/contracts/check-pipeline-observability-phase-5-7-a.mjs	bb65cfa93a99de799d3987680589624f3fb75773	4919	implementation-or-test-data	context: not an editorial deletion candidate	True	not-started	
tests/verification/contracts/check-pipeline-phase10-cutover.mts	f63368e7a6cb5e4de7deee35b2156cbb3b6c10ce	6209	implementation-or-test-data	context: not an editorial deletion candidate	True	not-started	
tests/verification/contracts/check-pipeline-phase10-vertical.mts	3de4cb4792bb5278c61c6a82971575da0a25529d	8054	implementation-or-test-data	context: not an editorial deletion candidate	True	not-started	
tests/verification/contracts/check-pipeline-phase8-vertical.mts	1106156235449c7312605f0a8cfe1661be539608	12205	implementation-or-test-data	context: not an editorial deletion candidate	True	not-started	
tests/verification/contracts/check-pipeline-phase9-comparison.mts	527f3b36e51aef37d631360424a6e617879637dd	2756	implementation-or-test-data	context: not an editorial deletion candidate	True	not-started	
tests/verification/contracts/check-pipeline-phase9-parity.mts	9e21062d2d82b2449d39631b5544bdf42cca2b9e	5606	implementation-or-test-data	context: not an editorial deletion candidate	True	not-started	
tests/verification/contracts/check-pipeline-phase9-vertical.mts	c2357505c54d5dcec909cce7865694501cdeffc2	6783	implementation-or-test-data	context: not an editorial deletion candidate	True	not-started	
tests/verification/contracts/check-pipeline-remote-plan-contracts.mts	83f2727ec40ae12b12b1e44c8d951fa14bf8ed3c	7324	implementation-or-test-data	context: not an editorial deletion candidate	True	not-started	
tests/verification/contracts/check-pipeline-remote-plan-runtime.mts	f5bdd48ab9db0cd03d471c1f975ba7dd300946e3	29358	implementation-or-test-data	context: not an editorial deletion candidate	True	not-started	
tests/verification/contracts/check-pipeline-remote-process-restart.mts	d3bb3db145172d9f5bb2112db2703c24224d51de	17665	implementation-or-test-data	context: not an editorial deletion candidate	True	not-started	
tests/verification/contracts/check-pipeline-remote-real-provider.mts	a9a0f0f7620a61c8fe6188f48d79752e35db2d5b	12802	implementation-or-test-data	context: not an editorial deletion candidate	True	not-started	
tests/verification/contracts/check-pipeline-remote-result-import.mts	06d6b55b7b709c3117157ccc734bddfdfae70bc0	15743	implementation-or-test-data	context: not an editorial deletion candidate	True	not-started	
tests/verification/contracts/check-pipeline-remote-runtime-config.mts	6dcd121bee42180fcbcef4b875c67be968453ffe	11628	implementation-or-test-data	context: not an editorial deletion candidate	True	not-started	
tests/verification/contracts/check-pipeline-report-adapter-registry.mts	30caa5053df38c30653cf7425a5a62519015e943	4368	implementation-or-test-data	context: not an editorial deletion candidate	True	not-started	
tests/verification/contracts/check-pipeline-report-adapter-runtime.mts	6e0596cb4244f70e07b879332fd01e6ecd81c8fb	12352	implementation-or-test-data	context: not an editorial deletion candidate	True	not-started	
tests/verification/contracts/check-pipeline-runtime-role-surfaces.mts	6c6640f3ba4821c30c19bba95e0bfb5cfb0ae724	1575	implementation-or-test-data	context: not an editorial deletion candidate	True	not-started	
tests/verification/contracts/check-pipeline-security-cutover.mts	6f4cdc717d86c6ffb6be0e816f533b28f12fe1a6	3182	implementation-or-test-data	context: not an editorial deletion candidate	True	not-started	
tests/verification/contracts/check-pipeline-security-implementation.mts	a19ecb44e0418d30378b2a63f6b0ce26519f97e7	5110	implementation-or-test-data	context: not an editorial deletion candidate	True	not-started	
tests/verification/contracts/check-pipeline-security-parity.mts	4cdd17ab2a5bdcebb2518b1862a41420d10df468	2138	implementation-or-test-data	context: not an editorial deletion candidate	True	not-started	
tests/verification/contracts/check-pipeline-security-remote-vertical.mts	2e40c0a9aa33b23edd7923831162007672a69864	5995	implementation-or-test-data	context: not an editorial deletion candidate	True	not-started	
tests/verification/contracts/check-pipeline-size-budget-baseline.mjs	2e9e89d13f19e0ae5902487d29e82325a844766d	830	implementation-or-test-data	context: not an editorial deletion candidate	True	not-started	
tests/verification/contracts/check-pipeline-size-budget-cutover.mts	05e7d5a4322310b7de204575d53c1ea4126ba2cf	2275	implementation-or-test-data	context: not an editorial deletion candidate	True	not-started	
tests/verification/contracts/check-pipeline-size-budget-implementation.mts	9c311cdb4553726a28dfc644906db1af66acbce7	6756	implementation-or-test-data	context: not an editorial deletion candidate	True	not-started	
tests/verification/contracts/check-pipeline-size-budget-parity.mts	16a9bd24450e02176d8bb494b5765d3b29f613b2	1296	implementation-or-test-data	context: not an editorial deletion candidate	True	not-started	
tests/verification/contracts/check-pipeline-size-budget-production.mts	439d4cf4959e1f3ccd0157fd84ed980cdbeab53d	8945	implementation-or-test-data	context: not an editorial deletion candidate	True	not-started	
tests/verification/contracts/check-pipeline-tailscale-exposure-baseline.mjs	4e8aa0e6752faa61252caaa29f7f600be1f9b332	937	implementation-or-test-data	context: not an editorial deletion candidate	True	not-started	
tests/verification/contracts/check-pipeline-tailscale-exposure-cutover.mts	21d1c06ce7820bf0c9a1f733be7c09aa81e4ee67	9269	implementation-or-test-data	context: not an editorial deletion candidate	True	not-started	
tests/verification/contracts/check-pipeline-tailscale-exposure-implementation.mts	bc9876f0c92007c53b47a7cf125812a7bafc5964	11846	implementation-or-test-data	context: not an editorial deletion candidate	True	not-started	
tests/verification/contracts/check-pipeline-tailscale-exposure-live.mts	834e85785f644474ff31380738a40abd3752a148	2854	implementation-or-test-data	context: not an editorial deletion candidate	True	not-started	
tests/verification/contracts/check-pipeline-tailscale-exposure-parity.mts	37df54f3ee02750707e018f247226168a4912f90	2054	implementation-or-test-data	context: not an editorial deletion candidate	True	not-started	
tests/verification/contracts/check-pipeline-test-gate-contracts.mts	2a1fa93b95bda66050e5aefdced9a4fac91292e6	17228	implementation-or-test-data	context: not an editorial deletion candidate	True	not-started	
tests/verification/contracts/check-pipeline-test-gate-traceability.mjs	f77820f24bab03351abaa3487535fe929ab5952e	12047	implementation-or-test-data	context: not an editorial deletion candidate	True	not-started	
tests/verification/contracts/check-pipeline-test-plan-runner.mts	eb72858394d0b3003c2f10d3b0573f3d0baa07d0	65601	implementation-or-test-data	context: not an editorial deletion candidate	True	not-started	
tests/verification/contracts/check-pipeline-test-provider-registry.mts	d3f5dba39d71dd08d18c882143d3ecae9590db38	8918	implementation-or-test-data	context: not an editorial deletion candidate	True	not-started	
tests/verification/contracts/check-pipeline-test-suite-resolver.mts	997d7f2f4ce8b2785de56533e931b357762127d5	22645	implementation-or-test-data	context: not an editorial deletion candidate	True	not-started	
tests/verification/contracts/check-pipeline-unit-parity-ledger.mjs	2b3cf0753c5aed117529b37b58c7b2fbf3148198	3242	implementation-or-test-data	context: not an editorial deletion candidate	True	not-started	
tests/verification/contracts/check-pipeline-visual-baseline.mjs	6f308c806024847e09edfa02dad1e267522d0683	593	implementation-or-test-data	context: not an editorial deletion candidate	True	not-started	
tests/verification/contracts/check-pipeline-visual-cutover.mts	12209d3dacd929ded281a6eb96e4f7731bf712d4	2169	implementation-or-test-data	context: not an editorial deletion candidate	True	not-started	
tests/verification/contracts/check-pipeline-visual-implementation.mts	794fa24a786e552ffacc6d8f2fe3cb767331c51f	2332	implementation-or-test-data	context: not an editorial deletion candidate	True	not-started	
tests/verification/contracts/check-pipeline-visual-legacy-comparison.mts	091adbb9a59f74a22f322caf9be8f7f1a715a5b5	3202	implementation-or-test-data	context: not an editorial deletion candidate	True	not-started	
tests/verification/contracts/check-pipeline-visual-parity.mts	4526fab8e7cd7705fec85251da0da8c9622cf3ed	704	implementation-or-test-data	context: not an editorial deletion candidate	True	not-started	
tests/verification/contracts/check-pipeline-visual-remote-vertical.mts	85444b3353d4f7a3fa433f286cbdbd147fb54c95	7996	implementation-or-test-data	context: not an editorial deletion candidate	True	not-started	
tests/verification/contracts/check-pipeline-worker-attempt-executor.mts	2d653934165de8aa01c62a5e6118c3d60905338d	43078	implementation-or-test-data	context: not an editorial deletion candidate	True	not-started	
tests/verification/contracts/check-pipeline-worker-core-contracts.mts	50936e4ffc33a23f9d20521d4ac54b2dd599645e	19150	implementation-or-test-data	context: not an editorial deletion candidate	True	not-started	
tests/verification/contracts/check-pipeline-worker-local-runtime.mts	80a367f7d6aafd3d7034115ba813128e7bd011f5	9829	implementation-or-test-data	context: not an editorial deletion candidate	True	not-started	
tests/verification/contracts/check-plugin-agent-output-contracts.mts	a35bd97021d15b27cd9bf9465302984adf485531	6760	implementation-or-test-data	context: not an editorial deletion candidate	True	not-started	
tests/verification/contracts/check-plugin-system-v2-boundaries.mjs	a56900a6894c426e717218a454cf39c1a5285d95	29726	implementation-or-test-data	context: not an editorial deletion candidate	True	not-started	
tests/verification/contracts/check-plugin-system-v2-capability-runtime.mjs	cc60e27a91b34ca93d6640448a2d2ac541e80d85	16909	implementation-or-test-data	context: not an editorial deletion candidate	True	not-started	
tests/verification/contracts/check-plugin-system-v2-capability-security.mjs	cfe7120040d7da031b1f0a361838557d6498a40b	19591	implementation-or-test-data	context: not an editorial deletion candidate	True	not-started	
tests/verification/contracts/check-plugin-system-v2-checkpoint-recovery.mjs	926e7d7e070cedcd10ddc580918a394a6c71ddfa	7726	implementation-or-test-data	context: not an editorial deletion candidate	True	not-started	
tests/verification/contracts/check-plugin-system-v2-contracts.mjs	44d2cb04e01af61b1816ab5f304e4182d662f401	14789	implementation-or-test-data	context: not an editorial deletion candidate	True	not-started	
tests/verification/contracts/check-plugin-system-v2-e2e.mjs	0b316d0f69ab99278625cc1c984f76d7864ca69f	3457	implementation-or-test-data	context: not an editorial deletion candidate	True	not-started	
tests/verification/contracts/check-plugin-system-v2-engine.mjs	df2f3328dd58c8ff4c5aff8ad6f1081ea70663ec	5040	implementation-or-test-data	context: not an editorial deletion candidate	True	not-started	
tests/verification/contracts/check-plugin-system-v2-external-engine.mjs	b0a9d14aaeae268468488e93c36ce11ab5d1026b	3642	implementation-or-test-data	context: not an editorial deletion candidate	True	not-started	
tests/verification/contracts/check-plugin-system-v2-import-safety.mjs	ad26953ffbbf41af13c89a897c446de5ae6e0a04	1349	implementation-or-test-data	context: not an editorial deletion candidate	True	not-started	
tests/verification/contracts/check-plugin-system-v2-installation.mjs	e7e1601f7fa9b62785f5c8d4665c0c4c12377107	4817	implementation-or-test-data	context: not an editorial deletion candidate	True	not-started	
tests/verification/contracts/check-plugin-system-v2-isolation-kernel.mjs	f60c63637467c39b80d0af043ac065aab7c89c6f	5535	implementation-or-test-data	context: not an editorial deletion candidate	True	not-started	
tests/verification/contracts/check-plugin-system-v2-isolation.mjs	2546a0beee52cdf4f0cc39511cd62cb097f7aa54	2952	implementation-or-test-data	context: not an editorial deletion candidate	True	not-started	
tests/verification/contracts/check-plugin-system-v2-lifecycle.mjs	b9e022531db1d27e56d6fa6c7c3a6c17b6fffb05	2999	implementation-or-test-data	context: not an editorial deletion candidate	True	not-started	
tests/verification/contracts/check-plugin-system-v2-live-crashes.mts	3ba4ffa8dd07e0da0f9109cebb3217c3e12ba695	11463	implementation-or-test-data	context: not an editorial deletion candidate	True	not-started	
tests/verification/contracts/check-plugin-system-v2-phase11.mts	bb20bfd6535f0f92138fef2bc1264bdcf58b8c41	10161	implementation-or-test-data	context: not an editorial deletion candidate	True	not-started	
tests/verification/contracts/check-plugin-system-v2-phase12.mts	75ed69240695a6046881c91fd0eb6cbc36732e96	3580	implementation-or-test-data	context: not an editorial deletion candidate	True	not-started	
tests/verification/contracts/check-plugin-system-v2-phase6.mjs	0ea82b10e56b0ad9c20329c5b109003d89f669ad	26413	implementation-or-test-data	context: not an editorial deletion candidate	True	not-started	
tests/verification/contracts/check-plugin-system-v2-phase7.mjs	f22ff26b8b7457603a96fe4354d0220031b848f2	19133	implementation-or-test-data	context: not an editorial deletion candidate	True	not-started	
tests/verification/contracts/check-plugin-system-v2-platform-config.mjs	7693d07c5c486ede2509b6626c0dae42a5e07a66	2387	implementation-or-test-data	context: not an editorial deletion candidate	True	not-started	
tests/verification/contracts/check-plugin-system-v2-registry-remediation.mjs	4239b349f068be8142795adfcd1e8881f0544bb6	8431	implementation-or-test-data	context: not an editorial deletion candidate	True	not-started	
tests/verification/contracts/check-plugin-system-v2-registry.mjs	b6760796fd64f6db72b6e51eb7715d2f12f735c6	12824	implementation-or-test-data	context: not an editorial deletion candidate	True	not-started	
tests/verification/contracts/check-plugin-system-v2-resume.mjs	4a366697a5aeb88c4aba6eb4c421bf0601607e0a	3416	implementation-or-test-data	context: not an editorial deletion candidate	True	not-started	
tests/verification/contracts/check-prism-nova-stage.mts	84ae268e5ed3d61d991c8bd437c79f72123a849e	652	implementation-or-test-data	context: not an editorial deletion candidate	True	not-started	
tests/verification/contracts/check-prism-postgres-transactions.mts	8406f9f4d7c28eaa5c62858a2400c60e6ec97a4e	7791	implementation-or-test-data	context: not an editorial deletion candidate	True	not-started	
tests/verification/contracts/check-prism-runtime-role.mts	fe6fd07a6fbe79217e2215d86a6c8746c847baf3	499	implementation-or-test-data	context: not an editorial deletion candidate	True	not-started	
tests/verification/contracts/check-production-receipt-attestation.mjs	d12b1e00891b2531a4ec084d086f891c543afc5d	9341	implementation-or-test-data	context: not an editorial deletion candidate	True	not-started	
tests/verification/contracts/check-project-compiler.mts	73e75f654b09a1558b5844b43b7fcea135e06e20	19817	implementation-or-test-data	context: not an editorial deletion candidate	True	not-started	
tests/verification/contracts/check-provider-semantics-remediation.mts	fb8be9b03bf8f46c07f0a7965e08bce938df099f	4598	implementation-or-test-data	context: not an editorial deletion candidate	True	not-started	
tests/verification/contracts/check-review-bundle-tokenizer.mjs	aa7745f2a50ab0c5bfad04694bb017658182a2fb	1386	implementation-or-test-data	context: not an editorial deletion candidate	True	not-started	
tests/verification/contracts/check-rollout-health.mjs	0a5a8d7412d8723bad8d694da517de5e34ba0810	6007	implementation-or-test-data	context: not an editorial deletion candidate	True	not-started	
tests/verification/contracts/check-runtime-bundle-builder.mjs	bb4b52f1170de646685a7ac087c7c16148006e33	4310	implementation-or-test-data	context: not an editorial deletion candidate	True	not-started	
tests/verification/contracts/check-runtime-bundle-isolation.mjs	7a055464f808f1bfbac5861e92a09cd9900d59ad	15615	implementation-or-test-data	context: not an editorial deletion candidate	True	not-started	
tests/verification/contracts/check-runtime-package-cutover.mjs	1290c8464ad1c0825e88dee81ce89328c9387674	3710	implementation-or-test-data	context: not an editorial deletion candidate	True	not-started	
tests/verification/contracts/check-worker-trust-documentation.mts	74e2d5abbfc228bb7e5f0bfd7b055757a2e7383d	3869	implementation-or-test-data	context: not an editorial deletion candidate	True	not-started	
tests/verification/contracts/check-worker-trust-live-coverage.mts	b5428c6eb6fbaaf4506fe77dc28f291a25dc3b46	2521	implementation-or-test-data	context: not an editorial deletion candidate	True	not-started	
tests/verification/contracts/check-worker-trust-spiffe.mts	e2609a5cce9dad99e6d002d2f81cddc1740a1211	2289	implementation-or-test-data	context: not an editorial deletion candidate	True	not-started	
tests/verification/contracts/infra-private-access.test.mjs	22a0b1c5c00c295844a625f29496e45b35faa890	4418	implementation-or-test-data	context: not an editorial deletion candidate	True	not-started	modified
tests/verification/contracts/infrastructure-chart-lock.test.mjs	1650a78b430e525c1f5f541bfbd959a277feee5a	6885	implementation-or-test-data	context: not an editorial deletion candidate	True	not-started	
tests/verification/contracts/kubernetes-api-policy.test.mjs	3c0fc6a2f9964ac8cc83aa75fd510e02e67b98eb	3286	implementation-or-test-data	context: not an editorial deletion candidate	True	not-started	modified
tests/verification/contracts/load-runtime-bundle-plugins.mjs	9ccc76907503bf11491f31e678daf7428a04c653	1559	implementation-or-test-data	context: not an editorial deletion candidate	True	not-started	
tests/verification/contracts/plugin-system-v2-observer-expectations.mjs	3e29b99be937b3e6da41b54d1e95548dabe96b98	2444	implementation-or-test-data	context: not an editorial deletion candidate	True	not-started	
tests/verification/contracts/project-legacy-import-cases.mts	0571e73f9235ea312ba732e181fa2cbe5e477f45	4886	implementation-or-test-data	context: not an editorial deletion candidate	True	not-started	
tests/verification/contracts/quality-provider-runtime.mts	4c30ed349e35da4abfade6ebb21a269c204868eb	8996	implementation-or-test-data	context: not an editorial deletion candidate	True	not-started	
tests/verification/contracts/support/manifest-lint-parity-fixture.mts	9781d0cd9bb2bef8a2a12fa9658ff72a764d4145	9632	implementation-or-test-data	context: not an editorial deletion candidate	True	not-started	
tests/verification/contracts/support/resolve-executable.mts	657348f3a80afba6e5b821dc5ef5558e0043d415	828	implementation-or-test-data	context: not an editorial deletion candidate	True	not-started	
tests/verification/contracts/tsconfig.worker-attempt-executor.json	ae272240d95508b9008645d4056be0b507128cde	325	implementation-or-test-data	context: not an editorial deletion candidate	True	not-started	
tests/verification/contracts/tsconfig.worker-local-runtime.json	c98c727c937bb18babfd838e8450faaa166abfac	218	implementation-or-test-data	context: not an editorial deletion candidate	True	not-started	
tests/verification/contracts/workflow-trust-split.test.mjs	699c337988c8baedd8d48d8eb0b2d0a6f5311e45	5477	implementation-or-test-data	context: not an editorial deletion candidate	True	not-started	
tests/verification/deployment/README.md	7097869da457bb40afbbe42bbdbf625957d1a46f	3633	component-or-root-documentation	in-scope	True	not-started	
tests/verification/deployment/argocd-chart-order.test.mjs	c7b7ef6f9aa16c26965c84451cac1ead2fa90892	4752	implementation-or-test-data	context: not an editorial deletion candidate	True	not-started	
tests/verification/deployment/buster-readiness.test.mts	e8a0174afb9e103d9fb0a1a1523d27b4a82b7881	6908	implementation-or-test-data	context: not an editorial deletion candidate	True	not-started	
tests/verification/deployment/check-buster-build.sh	1421ff2db36b52c764626ae6449948b11981877c	1713	implementation-or-test-data	context: not an editorial deletion candidate	True	not-started	
tests/verification/deployment/check-deployment-truth.mjs	a52ea89b8fddc5cff4dfd3d8ea6d8bc551b04624	54737	implementation-or-test-data	context: not an editorial deletion candidate	True	not-started	
tests/verification/deployment/check-envoy-image.sh	f03e81557634a5244ff8fd65772d72e67b4669f2	3861	implementation-or-test-data	context: not an editorial deletion candidate	True	not-started	
tests/verification/deployment/check-git-disabled.mjs	1e3aaa72ac0c8a8a4251ef81aa5231a2bc5ae764	2868	implementation-or-test-data	context: not an editorial deletion candidate	True	not-started	
tests/verification/deployment/check-role-chart.mjs	4632ac34fe42358ce98ecd0e3418b8a9a8ef36ee	1717	implementation-or-test-data	context: not an editorial deletion candidate	True	not-started	
tests/verification/deployment/check-verification-secret-rbac.mjs	f3e3de5e87d374aab9ac08ac0a655c88afb407ad	3353	implementation-or-test-data	context: not an editorial deletion candidate	True	not-started	
tests/verification/deployment/check-worker-trust-envoy-native.mjs	0403c2ecfd0d914062f1ca49fb8bf52bea7e2dda	9333	implementation-or-test-data	context: not an editorial deletion candidate	True	not-started	
tests/verification/deployment/deployment-release.test.mjs	f6a937c92200eed9c26f334114f498958faf708f	12489	implementation-or-test-data	context: not an editorial deletion candidate	True	not-started	
tests/verification/deployment/docs-reference-scope.test.mjs	62af17fe35f1d65aa890380cca5a5b33e3821764	1699	implementation-or-test-data	context: not an editorial deletion candidate	True	not-started	
tests/verification/deployment/gitops-bootstrap.test.mjs	cb8971a947a0817ce4937f14d192aa28551e4444	3471	implementation-or-test-data	context: not an editorial deletion candidate	True	not-started	
tests/verification/deployment/gitops-health.test.mjs	b25fad88ef83295fa922bf387cf7bdd57cc56c32	3350	implementation-or-test-data	context: not an editorial deletion candidate	True	not-started	
tests/verification/deployment/gitops-release.test.mjs	c896c79eae19272fa9f77446f2bfebe877bab839	16280	implementation-or-test-data	context: not an editorial deletion candidate	True	not-started	
tests/verification/deployment/go-tool-locks-native.mjs	0daf92a72efc8860e0958b6d12fb6d5471a4f32e	3366	implementation-or-test-data	context: not an editorial deletion candidate	True	not-started	
tests/verification/deployment/native-worker-node.test.mjs	699c068614712a8058c9b9e82b72e5bb5f19a4a6	7306	implementation-or-test-data	context: not an editorial deletion candidate	True	not-started	
tests/verification/deployment/oci-image-identity.test.mjs	1c4bb598e8e4d1f22344915a9c9db24912b0bee6	10494	implementation-or-test-data	context: not an editorial deletion candidate	True	not-started	
tests/verification/deployment/postgresql-recovery-native.mts	9b491c1301a58664072f825a1fcaf4fd1ecfe755	12860	implementation-or-test-data	context: not an editorial deletion candidate	True	not-started	
tests/verification/deployment/postgresql-recovery-render.test.mjs	67f7fb2e13e466001e3dcd1201c93083f36c3641	5641	implementation-or-test-data	context: not an editorial deletion candidate	True	not-started	
tests/verification/deployment/prism-backup.test.mts	9b9ea48f7ce4481dde1087a98d9280e20da7ed72	11782	implementation-or-test-data	context: not an editorial deletion candidate	True	not-started	
tests/verification/deployment/prism-ingestion-resources.test.mjs	c46541af0de94c5de0815d1816a78bcaf1928005	3710	implementation-or-test-data	context: not an editorial deletion candidate	True	not-started	
tests/verification/deployment/prism-native-runtime.test.mjs	2ae48971f9320534dd51c44b529256b78ebbe83c	6333	implementation-or-test-data	context: not an editorial deletion candidate	True	not-started	
tests/verification/deployment/prism-product-decisions.test.mjs	4236739be2af2fe6dcc269c717ad6e6c3c3b3166	5648	implementation-or-test-data	context: not an editorial deletion candidate	True	not-started	
tests/verification/deployment/prism-release-evidence.test.mjs	601811c6e3c574670d43b3453b15f8c5aa1d166e	4653	implementation-or-test-data	context: not an editorial deletion candidate	True	not-started	
tests/verification/deployment/qdrant-migration-storage.test.mjs	ab4d780d5393fe131711ebdfa6771cb7671b90d5	1546	implementation-or-test-data	context: not an editorial deletion candidate	True	not-started	
tests/verification/deployment/registry-client-config.test.mjs	12ec03aaa431ed047039b65244a7d87ac71101b9	9165	implementation-or-test-data	context: not an editorial deletion candidate	True	not-started	
tests/verification/deployment/registry-health.test.mts	19d3b285620f1de6b344f03a77da3aefb4e38e33	10781	implementation-or-test-data	context: not an editorial deletion candidate	True	not-started	
tests/verification/deployment/registry-local-storage.test.mjs	667eabe7eef5b02e552cbd83022d8f66b9e951cc	2779	implementation-or-test-data	context: not an editorial deletion candidate	True	not-started	
tests/verification/deployment/registry-trivy-native.test.mts	dab85737fe0c149f13dac0ed4a6e8f1b4ed5972d	4925	implementation-or-test-data	context: not an editorial deletion candidate	True	not-started	
tests/verification/deployment/release-configuration.test.mjs	b79d348f1b40a4775ac866b39ab0f028645d3585	3652	implementation-or-test-data	context: not an editorial deletion candidate	True	not-started	
tests/verification/deployment/release-images.test.mjs	f7f2ec45926f5ccb411bedcd5aa7b62b18289aad	5895	implementation-or-test-data	context: not an editorial deletion candidate	True	not-started	
tests/verification/deployment/reliability-groups.test.mjs	a5e6c72f2b2a3691ab00026d93f887ad7f2c4a7d	1026	implementation-or-test-data	context: not an editorial deletion candidate	True	not-started	
tests/verification/deployment/runtime-image-workflows.test.mjs	efacade6be40e152c98e6fa6644c7d39d97e276b	3829	implementation-or-test-data	context: not an editorial deletion candidate	True	not-started	
tests/verification/deployment/runtime-tool-locks-native.mjs	affaa08b9d5bf7ecbc29660af8035e2dd9dc61db	4241	implementation-or-test-data	context: not an editorial deletion candidate	True	not-started	
tests/verification/deployment/runtime-tool-locks.test.mjs	17d6be45b08a6d5fa5bfe7019e910379a07efbe7	1646	implementation-or-test-data	context: not an editorial deletion candidate	True	not-started	
tests/verification/deployment/stateful-network-policies.test.mjs	caae0907287fc0fd12195b8f9b69cbc2bcb13eb5	3469	implementation-or-test-data	context: not an editorial deletion candidate	True	not-started	
tests/verification/deployment/trusted-version-updater.test.mjs	05be25a33dfd22918f97ba929cafa7a1df846241	2995	implementation-or-test-data	context: not an editorial deletion candidate	True	not-started	
tests/verification/deployment/upstream-fetch.test.mjs	364561b32f830d50119c541b821cd25649073fa2	2955	implementation-or-test-data	context: not an editorial deletion candidate	True	not-started	
tests/verification/deployment/versions.test.mjs	f7722085d4cab00f7db84726553a77acc6ff1ed2	5728	implementation-or-test-data	context: not an editorial deletion candidate	True	not-started	
tests/verification/deployment/worker-trust-readiness.test.mjs	c72dc1273710c569067053ec06641177dd477504	7092	implementation-or-test-data	context: not an editorial deletion candidate	True	not-started	
tests/verification/e2e/CHANGELOG.md	a3abd81d271781e700fbb3dc279874a8884db462	10073	component-or-root-documentation	in-scope	True	not-started	
tests/verification/e2e/FUTURE_HARDENING.md	b257136fca27bdd37e6fd4867427095e9da640f8	2685	component-or-root-documentation	in-scope	True	not-started	
tests/verification/e2e/README.md	0ce8205078367a15561de9255bf813d968b5d4b2	17583	component-or-root-documentation	in-scope	True	not-started	
tests/verification/e2e/approval-decision-store.mts	66a16a53d63e16ce890d4689a75cca99ce471a78	634	implementation-or-test-data	context: not an editorial deletion candidate	True	not-started	
tests/verification/e2e/approval-operator.mts	f0f6eb8374e6022b36e919c40b834a8ec1efca82	8543	implementation-or-test-data	context: not an editorial deletion candidate	True	not-started	
tests/verification/e2e/approval-operator.test.mts	02ae7026d47f8a89ad34527e3f5b2d5467c8b43a	6658	implementation-or-test-data	context: not an editorial deletion candidate	True	not-started	
tests/verification/e2e/audit-failure-matrix-contracts.mjs	776c8c75ebd77a3228957e7bf5db25dce7fca823	16470	implementation-or-test-data	context: not an editorial deletion candidate	True	not-started	
tests/verification/e2e/audit-failure-matrix-contracts.test.mjs	17dad49a6f24803675bdbf6f4ad1b88d822dc838	1260	implementation-or-test-data	context: not an editorial deletion candidate	True	not-started	
tests/verification/e2e/bounded-output-capture.mjs	992bc9b64fdc40969547ec1060f8d5de2e0bb0fc	6156	implementation-or-test-data	context: not an editorial deletion candidate	True	not-started	
tests/verification/e2e/bounded-output-capture.test.mjs	17aef59d98f0d9a4b21829bd28e63f53b351fe30	4927	implementation-or-test-data	context: not an editorial deletion candidate	True	not-started	
tests/verification/e2e/buster-readiness.mjs	fb428ba98fb9fcf09c5ccffbb119d154327b2fb0	427	implementation-or-test-data	context: not an editorial deletion candidate	True	not-started	
tests/verification/e2e/capabilities.mts	f41f00de6cb0b5a5365d0b31375da83c4b5215be	10511	implementation-or-test-data	context: not an editorial deletion candidate	True	not-started	
tests/verification/e2e/capabilities.test.mjs	e601e3bdc261180e3667071ae684a1b1abd4c4b2	5001	implementation-or-test-data	context: not an editorial deletion candidate	True	not-started	
tests/verification/e2e/check-real-e2e-capabilities.mjs	d2063ed1221bef4f5ee2a1349134e69f22056fea	25437	implementation-or-test-data	context: not an editorial deletion candidate	True	not-started	
tests/verification/e2e/check-real-e2e-capabilities.test.mjs	cf68701ab8dbc8dd9041bde28542a21e3ae03c92	3456	implementation-or-test-data	context: not an editorial deletion candidate	True	not-started	
tests/verification/e2e/check-v2-production-contracts.mts	f63faa9c59ef5c9e0b665394522dc389361a3bcc	4952	implementation-or-test-data	context: not an editorial deletion candidate	True	not-started	
tests/verification/e2e/checkpoints.mjs	2f8287d9d3b9eda0bc3a2af2c5d18834cd9e8e03	30266	implementation-or-test-data	context: not an editorial deletion candidate	True	not-started	
tests/verification/e2e/checkpoints.mts	b3e789e39a0d098f94d138324f8ccaae16490110	4708	implementation-or-test-data	context: not an editorial deletion candidate	True	not-started	
tests/verification/e2e/checkpoints.test.mjs	1ccb9da2b7292008582466838a19e4440c115dd0	8296	implementation-or-test-data	context: not an editorial deletion candidate	True	not-started	
tests/verification/e2e/durable-evidence.test.mjs	3b92bd68cfd3944d50e2f9a5ba093636f61a36e5	1811	implementation-or-test-data	context: not an editorial deletion candidate	True	not-started	
tests/verification/e2e/failure-scenarios.mjs	f029aca928fbe0bde5950c655ee896c3b56c0dbc	57623	implementation-or-test-data	context: not an editorial deletion candidate	True	not-started	
tests/verification/e2e/failure-scenarios.mts	09cd9aee7cdd9cf8cc7b578f1188037636c2809b	10457	implementation-or-test-data	context: not an editorial deletion candidate	True	not-started	
tests/verification/e2e/fixture-coverage.mjs	1452108eff64f55af3eb892030cee1948bea0d5d	4381	implementation-or-test-data	context: not an editorial deletion candidate	True	not-started	
tests/verification/e2e/fixture-coverage.test.mjs	c76b539d997a9d6275e76663a36ed369079df8b4	3610	implementation-or-test-data	context: not an editorial deletion candidate	True	not-started	
tests/verification/e2e/fixtures/nginx-project/.swarm/browser-profiles.json	30208ce42c0277db0ba3a26936034a0b004ca82a	289	test-fixture	excluded from editorial migration; preserve test behavior and inspect dependencies	False	not-started	
tests/verification/e2e/fixtures/nginx-project/.swarm/visual/baselines.json	3df6b3b7273486366be86ae264035035cc405e49	790	test-fixture	excluded from editorial migration; preserve test behavior and inspect dependencies	False	not-started	
tests/verification/e2e/fixtures/nginx-project/.swarm/visual/home-desktop.png	b992e92325585cf208c17eb6df41838126ed0adc	23727	test-fixture	excluded from editorial migration; preserve test behavior and inspect dependencies	False	not-started	
tests/verification/e2e/fixtures/nginx-project/Dockerfile	826deb71226bfee0722c736cb9deeff91cc63309	240	test-fixture	excluded from editorial migration; preserve test behavior and inspect dependencies	False	not-started	
tests/verification/e2e/fixtures/nginx-project/k8s/deployment.yaml	30c52fe121fb9199600ec28fec592a2309edcc62	1384	test-fixture	excluded from editorial migration; preserve test behavior and inspect dependencies	False	not-started	
tests/verification/e2e/fixtures/nginx-project/nginx/default.conf	28566886fbd57ac4ef4c0d07e810fcca3a010124	592	test-fixture	excluded from editorial migration; preserve test behavior and inspect dependencies	False	not-started	
tests/verification/e2e/fixtures/nginx-project/package.json	ff16ea4c90409b6ad09198fcfa2856418de694d2	461	test-fixture	excluded from editorial migration; preserve test behavior and inspect dependencies	False	not-started	
tests/verification/e2e/fixtures/nginx-project/scripts/verify-fixture.mjs	2cce4a9b9c05d3ecda2f3a7980f4fc2989264bdc	10735	test-fixture	excluded from editorial migration; preserve test behavior and inspect dependencies	False	not-started	
tests/verification/e2e/fixtures/nginx-project/src/assets/branch-b.css	f56cd2aea2e821921f95f221a77b3afb87c41f6c	111	test-fixture	excluded from editorial migration; preserve test behavior and inspect dependencies	False	not-started	
tests/verification/e2e/fixtures/nginx-project/src/content/branch-a.html	24a5af3cebb86d85aed9a698ec66cd96ace33e0f	100	test-fixture	excluded from editorial migration; preserve test behavior and inspect dependencies	False	not-started	
tests/verification/e2e/fixtures/nginx-project/src/index.html	4ff7316825fbb2ec3c50ae3e2318e3d43bf383cd	784	test-fixture	excluded from editorial migration; preserve test behavior and inspect dependencies	False	not-started	
tests/verification/e2e/fixtures/nginx-project/src/integration/module-map.json	ea8b21dad101e6e9ef014d914bb1a7d7f6d44c72	472	test-fixture	excluded from editorial migration; preserve test behavior and inspect dependencies	False	not-started	
tests/verification/e2e/malformed-output-publisher.mjs	f9f38b5684faca883986c80a423053c1e9ca8da8	6377	implementation-or-test-data	context: not an editorial deletion candidate	True	not-started	
tests/verification/e2e/malformed-output-publisher.test.mjs	560201f68f2c7afe8101744866d0f855c1a012d9	2047	implementation-or-test-data	context: not an editorial deletion candidate	True	not-started	
tests/verification/e2e/manifest-lint-production.mts	73d7b17642e078185126c963b85f75b1deeb19d6	3074	implementation-or-test-data	context: not an editorial deletion candidate	True	not-started	
tests/verification/e2e/matrix-contracts.test.mts	f44941a88cca70aa6d925fad8181e49ad9050fdf	2391	implementation-or-test-data	context: not an editorial deletion candidate	True	not-started	
tests/verification/e2e/nova-a11y-production-preflight.mts	fb2cf21e1a7dff32a077fbe97b6b21bd3bfc4b3b	10915	implementation-or-test-data	context: not an editorial deletion candidate	True	not-started	
tests/verification/e2e/nova-api-production-preflight.mts	04f3a7205f1da00ad62df82ef7e28baba9c5c85c	11196	implementation-or-test-data	context: not an editorial deletion candidate	True	not-started	
tests/verification/e2e/nova-buildkit-production-preflight.mts	48055fff9bd8cbdbca1403eb6301769747680b2c	7643	implementation-or-test-data	context: not an editorial deletion candidate	True	not-started	
tests/verification/e2e/nova-e2e-production-preflight.mts	7941ad13f7ebdcb3808bd9102e3a23f7ad568e5e	8424	implementation-or-test-data	context: not an editorial deletion candidate	True	not-started	
tests/verification/e2e/nova-http-production-preflight.mts	19ded510df659c74da448a560085566e4815e9d4	11158	implementation-or-test-data	context: not an editorial deletion candidate	True	not-started	
tests/verification/e2e/nova-kubernetes-fixture-production-preflight.mts	67847eed3c08343a5fd84ec6862990a7e18af2fa	11259	implementation-or-test-data	context: not an editorial deletion candidate	True	not-started	
tests/verification/e2e/nova-lighthouse-production-preflight.mts	255991d0d51f8520a2b3fa959ea776684226c837	10451	implementation-or-test-data	context: not an editorial deletion candidate	True	not-started	
tests/verification/e2e/nova-security-production-preflight.mts	48d2c74d0cf42d42bcfc00d6508b1f3b7d84ec77	10621	implementation-or-test-data	context: not an editorial deletion candidate	True	not-started	
tests/verification/e2e/nova-tailscale-production-preflight.mts	7b5f1c1859f334901d4e57ac59ff78e9d4023fbf	12350	implementation-or-test-data	context: not an editorial deletion candidate	True	not-started	
tests/verification/e2e/nova-unit-production-preflight.mts	f86bcb48650402298ddf5abd26f6178356bacdd3	7729	implementation-or-test-data	context: not an editorial deletion candidate	True	not-started	
tests/verification/e2e/nova-visual-production-preflight.mts	1c38e3306c4a315ff5856c294f9c792f0dd3d245	7900	implementation-or-test-data	context: not an editorial deletion candidate	True	not-started	
tests/verification/e2e/production-graph-validation.test.mts	32b038aadc9006ffb25743b42bf6c015c1e7cd4a	6456	implementation-or-test-data	context: not an editorial deletion candidate	True	not-started	
tests/verification/e2e/production-pipeline-args.mts	bea84bab0c532bfde4b99d2427246873c5f1561d	724	implementation-or-test-data	context: not an editorial deletion candidate	True	not-started	
tests/verification/e2e/production-pipeline-args.test.mts	1a710fe0632769f51121ccb87267395ccc6b1f75	696	implementation-or-test-data	context: not an editorial deletion candidate	True	not-started	
tests/verification/e2e/provider-catalog.d.mts	91a3475d2886812de3e31c1ac635ac4ba0b9d515	487	implementation-or-test-data	context: not an editorial deletion candidate	True	not-started	
tests/verification/e2e/provider-catalog.mjs	68784281c787687fc41de4801e77705d47455db8	2578	implementation-or-test-data	context: not an editorial deletion candidate	True	not-started	
tests/verification/e2e/provider-catalog.test.mjs	eb64642fe6a10b08cdcff57cd9e5231650689682	1862	implementation-or-test-data	context: not an editorial deletion candidate	True	not-started	
tests/verification/e2e/rate-limit-output.mjs	11e81ba8f98844476528ea496179897faa593579	872	implementation-or-test-data	context: not an editorial deletion candidate	True	not-started	
tests/verification/e2e/real-run-evidence.mjs	6bd2695cfea2cbc97ed6e97bd8c6819fc402ec2e	26123	implementation-or-test-data	context: not an editorial deletion candidate	True	not-started	
tests/verification/e2e/real-run-evidence.test.mjs	f841983b6e3a0c07c9dcb08e958c59113a8dff94	8329	implementation-or-test-data	context: not an editorial deletion candidate	True	not-started	
tests/verification/e2e/real-run-workspace.d.mts	2387ff95886191c2af9d03ec51368895972d183b	1020	implementation-or-test-data	context: not an editorial deletion candidate	True	not-started	
tests/verification/e2e/real-run-workspace.mjs	b8e2d0de74e5cdbb395572bcaed3f9334170d175	91683	implementation-or-test-data	context: not an editorial deletion candidate	True	not-started	
tests/verification/e2e/real-run-workspace.test.mjs	166f42420fade5efcff188fb54b7db5750059cfe	69986	implementation-or-test-data	context: not an editorial deletion candidate	True	not-started	
tests/verification/e2e/redis-test-client.mjs	00f655ba51cecf5f8620732e5fb4a04348dea73b	1189	implementation-or-test-data	context: not an editorial deletion candidate	True	not-started	
tests/verification/e2e/registry-target.mjs	f0785b4caf5d6b891cb2d85eefb00ae0b48dc4b9	1626	implementation-or-test-data	context: not an editorial deletion candidate	True	not-started	
tests/verification/e2e/registry-target.test.mjs	747c58544ce1f7a2a69071d60c8db57fd048ea31	2562	implementation-or-test-data	context: not an editorial deletion candidate	True	not-started	
tests/verification/e2e/registry-test-contract.mjs	dddef8c3315ac48a43109c316a36796b509554d0	459	implementation-or-test-data	context: not an editorial deletion candidate	True	not-started	
tests/verification/e2e/retired-harness-contracts.mjs	d27e80871c0f9ba653a04d815b947812d20d84e4	455	implementation-or-test-data	context: not an editorial deletion candidate	True	not-started	
tests/verification/e2e/retired-harness-contracts.test.mjs	ac9a8b150766ef937180b9e4901f867aa14f4292	606	implementation-or-test-data	context: not an editorial deletion candidate	True	not-started	
tests/verification/e2e/run-real-pipeline-e2e.mjs	375c9037ca59beffc605ae7c8e96c297b515db8b	61978	implementation-or-test-data	context: not an editorial deletion candidate	True	not-started	
tests/verification/e2e/run-real-pipeline-e2e.test.mjs	8112dddd413010fa85ad28dbd453a1c87998d53e	16986	implementation-or-test-data	context: not an editorial deletion candidate	True	not-started	
tests/verification/e2e/run-real-pipeline-failure-matrix.mjs	49c19db67fc4506fbdb77dff6f0cef881bdc34bc	80165	implementation-or-test-data	context: not an editorial deletion candidate	True	not-started	
tests/verification/e2e/run-real-pipeline-failure-matrix.test.mjs	3c0a4e3e481d6ac8b22500c6fc6ce4aaf076a94a	26933	implementation-or-test-data	context: not an editorial deletion candidate	True	not-started	
tests/verification/e2e/run-v2-production-pipeline.mts	a6781f0b7baeec8f7d584bbf6d4ad4cd333c30ea	34279	implementation-or-test-data	context: not an editorial deletion candidate	True	not-started	
tests/verification/e2e/scenario-proof.mts	e91eaeafd065165e477a631fbd8c46feafaa13e5	10424	implementation-or-test-data	context: not an editorial deletion candidate	True	not-started	
tests/verification/e2e/support/config-profiles/standard.json	3d3c84f2ba2a4154e620e972f463604c41e119eb	6297	implementation-or-test-data	context: not an editorial deletion candidate	True	not-started	
tests/verification/e2e/support/optional-absence.ts	1ebfd670c179c9b3604570df34bec8fd7ce5d1ad	113	implementation-or-test-data	context: not an editorial deletion candidate	True	not-started	
tests/verification/e2e/support/platform-config.ts	57dba68b7dce3b3eba78121ea5ecc45065358707	7838	implementation-or-test-data	context: not an editorial deletion candidate	True	not-started	
tests/verification/e2e/tsconfig.json	465d889e5549709870d20757cd463825d3f7c391	184	implementation-or-test-data	context: not an editorial deletion candidate	True	not-started	
tests/verification/historical-branch-acceptance/README.md	9a2f68b363e5e6017ef9289b3578aa1834eec1ef	1454	component-or-root-documentation	in-scope	True	not-started	
tests/verification/historical-branch-acceptance/delivery-manifest-stage-boundary-child.mjs	83b516c229e68fca9ae1b80c2b5c5c7d5bc988fc	18518	implementation-or-test-data	context: not an editorial deletion candidate	True	not-started	
tests/verification/historical-branch-acceptance/delivery-manifest-stage-boundary-independent.test.mjs	47c98f6564769d640adb17e2cbed6c0648968178	6997	implementation-or-test-data	context: not an editorial deletion candidate	True	not-started	
tests/verification/historical-branch-acceptance/delivery-manifest-stage-boundary.test.mjs	801a5c0a6d28a594a6c6a3f7bcd2e51b5c043342	4073	implementation-or-test-data	context: not an editorial deletion candidate	True	not-started	
tests/verification/historical-branch-acceptance/delivery-manifest-v2-reader-corpus-child.mjs	c3625753a1c801e826a70a377d4322f0a3e6e98f	1207	implementation-or-test-data	context: not an editorial deletion candidate	True	not-started	
tests/verification/historical-branch-acceptance/delivery-manifest-v2-reader-corpus-independent.test.mjs	bb508f99c5b930afcaa4780ab8c5bbc71b18d5cd	1266	implementation-or-test-data	context: not an editorial deletion candidate	True	not-started	
tests/verification/historical-branch-acceptance/delivery-manifest-v3-compiler-recovery-independent.test.mjs	5d13f7122efb8e7f6cf4a9b5af307b6cfe5332df	7312	implementation-or-test-data	context: not an editorial deletion candidate	True	not-started	
tests/verification/historical-branch-acceptance/delivery-manifest-v3-contract-independent.test.mjs	ab732dd92cf7d5a6c42387bcc687246166c054a6	17869	implementation-or-test-data	context: not an editorial deletion candidate	True	not-started	
tests/verification/historical-branch-acceptance/delivery-manifest-v3-public-types-independent.test.mjs	5ae94a5c8599a6dab4ba506a537761e75e760d59	3026	implementation-or-test-data	context: not an editorial deletion candidate	True	not-started	
tests/verification/historical-branch-acceptance/delivery-manifest-v3-summary-mode-independent.test.mjs	b98824314c97de8abf743a63ebf5ca66e5347dca	6745	implementation-or-test-data	context: not an editorial deletion candidate	True	not-started	
tests/verification/historical-branch-acceptance/review-semantic-history-child.mjs	5a061d8a7b1ab7eb23aa94e5c4eb8a49fdd980fa	2748	implementation-or-test-data	context: not an editorial deletion candidate	True	not-started	
tests/verification/historical-branch-acceptance/review-semantic-history-independent.test.mjs	94491273a216f28ef5eebcb0a9406ff071085803	1845	implementation-or-test-data	context: not an editorial deletion candidate	True	not-started	
tests/verification/historical-branch-acceptance/review-semantic-selector-independent.test.mjs	a2f7943f1472780cfd9d3b9359aebd717b04a3f0	5710	implementation-or-test-data	context: not an editorial deletion candidate	True	not-started	
tests/verification/historical-branch-acceptance/review-semantic-summary-independent.test.mjs	96461de784537f9d122efd91d9491d69082feb5c	5461	implementation-or-test-data	context: not an editorial deletion candidate	True	not-started	
tests/verification/historical-branch-acceptance/run11-semantic-producer-child.mjs	a8956c587d07da4797169ed53ef43501f1742bd6	8445	implementation-or-test-data	context: not an editorial deletion candidate	True	not-started	
tests/verification/historical-branch-acceptance/run11-semantic-producer-locales.test.mjs	d355bbb883bc6af9692880ac0751f48e1840cc88	4751	implementation-or-test-data	context: not an editorial deletion candidate	True	not-started	
tests/verification/integration/architecture-approval.test.mts	9063a0d26dc7eddad024be87b45f98dc40d9bbe2	4428	implementation-or-test-data	context: not an editorial deletion candidate	True	not-started	
tests/verification/integration/demo-auth-smoke-live.test.ts	36b59016b2f5b14432997461d07488b029f6c720	10511	implementation-or-test-data	context: not an editorial deletion candidate	True	not-started	
tests/verification/integration/direct-command-output-contract.test.mts	2d26aca92f8057e6cd33e889691322d2cc028fc2	4411	implementation-or-test-data	context: not an editorial deletion candidate	True	not-started	
tests/verification/integration/direct-command-runner-artifacts.test.mts	ba77b99055f07807a7b33bd34ede2dcb38f66722	4012	implementation-or-test-data	context: not an editorial deletion candidate	True	not-started	
tests/verification/integration/fixtures/prism-baseline-input.mts	b89dd51b18d7cf9bcfde5e5f13e837e1c4cfdc13	4228	test-fixture	excluded from editorial migration; preserve test behavior and inspect dependencies	False	not-started	
tests/verification/integration/fixtures/prism-baseline-locale.mts	65ef5198248c0be7b579cbcbafefcb4653a6bdf9	2336	test-fixture	excluded from editorial migration; preserve test behavior and inspect dependencies	False	not-started	
tests/verification/integration/http-provider-live.test.ts	cb0af260dd3ccfb163652785b014c324d8737caf	13297	implementation-or-test-data	context: not an editorial deletion candidate	True	not-started	
tests/verification/integration/pipeline-gate-coverage.test.mts	4f52fd12b97295fef884872f185c01f067201401	6369	implementation-or-test-data	context: not an editorial deletion candidate	True	not-started	
tests/verification/integration/pipeline-gate-remediation.test.mts	dbfcd3930f22698a8841972f97080070ccb3fbac	4585	implementation-or-test-data	context: not an editorial deletion candidate	True	not-started	
tests/verification/integration/prism-archive.test.mts	c0136c51e6aa4e697ae23e6fb8f036715fc10fe6	4602	implementation-or-test-data	context: not an editorial deletion candidate	True	not-started	
tests/verification/integration/prism-baseline-archive.test.mts	bfcea02e2ce4df05c473d730365bdf336e30972e	14147	implementation-or-test-data	context: not an editorial deletion candidate	True	not-started	
tests/verification/integration/prism-contract-remediation.test.mts	3e8b417633e9eb5e705cce5839f5233bdfb6b57c	7349	implementation-or-test-data	context: not an editorial deletion candidate	True	not-started	
tests/verification/integration/prism-wait.test.mts	0e902e4ec9087d7dd54b4fe546a7acc576e304cd	1738	implementation-or-test-data	context: not an editorial deletion candidate	True	not-started	
tests/verification/integration/product-native-api.mjs	e4f87a16a8b30593293b1b2dbaf8769dc6e0208c	9289	implementation-or-test-data	context: not an editorial deletion candidate	True	not-started	
tests/verification/integration/product-native-fence.mjs	8ab9b6587153a4ce3f420f3c7265a74e9cde13a8	7160	implementation-or-test-data	context: not an editorial deletion candidate	True	not-started	
tests/verification/integration/product-native-status.mjs	4f1186f048d782c7963f211c8608a0c85b0de962	5507	implementation-or-test-data	context: not an editorial deletion candidate	True	not-started	
tests/verification/integration/project-summary.test.mjs	fa60078078bf72678db9f200ac8c72fea86fb229	6837	implementation-or-test-data	context: not an editorial deletion candidate	True	not-started	
tests/verification/integration/registry-local-gc.test.mjs	4e89e81a761f16c048011f6247395a6ef677c512	5983	implementation-or-test-data	context: not an editorial deletion candidate	True	not-started	
tests/verification/integration/telemetry-store-projection.test.mts	457a48efbbd30f7803f890350ee0d55e28a7b5cf	6740	implementation-or-test-data	context: not an editorial deletion candidate	True	not-started	
tests/verification/integration/tsconfig.demo-auth-smoke.json	a948073dbad27f99a553ae1c81ccd3001265fb95	172	implementation-or-test-data	context: not an editorial deletion candidate	True	not-started	
tests/verification/integration/tsconfig.http.json	39686dad0661fcf7bceb1c86e97eac061331491e	170	implementation-or-test-data	context: not an editorial deletion candidate	True	not-started	
tests/verification/integration/tsconfig.prism.json	f024a68b77a7601365da2610281baf7c7ded5294	313	implementation-or-test-data	context: not an editorial deletion candidate	True	not-started	
tests/verification/integration/tsconfig.registry-live.json	8691746e13e5c85c58c527547b082e91a39b2bb5	248	implementation-or-test-data	context: not an editorial deletion candidate	True	not-started	
tests/verification/lib/contract-check-helpers.mjs	21460d60d1e6e36ca076feb48240549c37676950	723	implementation-or-test-data	context: not an editorial deletion candidate	True	not-started	
tests/verification/lib/module-graph.mjs	5b086b09e539c3adf99f84aaef744756eb2f818f	5573	implementation-or-test-data	context: not an editorial deletion candidate	True	not-started	
tests/verification/lib/verification-console.mjs	a76e9008bb0b3ea520d98b065ab4c7f9e819a2c9	2934	implementation-or-test-data	context: not an editorial deletion candidate	True	not-started	
tests/verification/lib/verification-console.test.mjs	1cc7999a6564a92c7af16e7e8de8ee4879d99311	803	implementation-or-test-data	context: not an editorial deletion candidate	True	not-started	
tests/verification/live/check-prism-release-evidence.mjs	1b0bdf652526c25203af8813b7fbbf2687c31179	3293	implementation-or-test-data	context: not an editorial deletion candidate	True	not-started	
tests/verification/live/prism-nova-production-e2e.mjs	3107cf9b5a53a7ba00f0debf36e6d40495e02e12	7771	implementation-or-test-data	context: not an editorial deletion candidate	True	not-started	
tests/verification/live/prism-production-failures.mjs	b2dbc4c9fcc8aecfb82a9987b52229ad19e2d946	2698	implementation-or-test-data	context: not an editorial deletion candidate	True	not-started	
tests/verification/live/worker-trust-cluster-e2e.sh	5d49964472a85ac9aaa19c776bc9fc4eced20a39	11422	implementation-or-test-data	context: not an editorial deletion candidate	True	not-started	
tests/verification/packaging-verification.md	a8f4890f3abd01c03e2473a4490aee0331bcafa3	1999	component-or-root-documentation	in-scope	True	not-started	
tests/verification/reliability/adapter-cleanup-scope.test.mts	fad624fe98af98736d7c3e6c298ee47f76f1f32a	7374	implementation-or-test-data	context: not an editorial deletion candidate	True	not-started	
tests/verification/reliability/adapter-dependency-boundary.test.mjs	a71783fb0a30a5dad8ad3e85dbdec5a9d95d4227	3064	implementation-or-test-data	context: not an editorial deletion candidate	True	not-started	
tests/verification/reliability/adapter-dependency-canonical-independent.test.mjs	9ed5e4ea0b5325944337330c5c12e3f72a180f8a	5375	implementation-or-test-data	context: not an editorial deletion candidate	True	not-started	
tests/verification/reliability/adapter-dependency-contract.test.mjs	26425c4c36f550b27b4c2d2e96708100b21dc0b9	5442	implementation-or-test-data	context: not an editorial deletion candidate	True	not-started	
tests/verification/reliability/adapter-dependency-historical.mjs	988dfdb03af31fd1949016bbd3f23a1b89ff42bc	913	implementation-or-test-data	context: not an editorial deletion candidate	True	not-started	
tests/verification/reliability/adapter-dependency-identity.test.mts	f098181a4523e69a7edf6be0b3e7aa7d876b23d2	21748	implementation-or-test-data	context: not an editorial deletion candidate	True	not-started	
tests/verification/reliability/adapter-dependency-independent.test.mjs	444aa15819f802cbbb33ccab7e79ae9189da1401	9799	implementation-or-test-data	context: not an editorial deletion candidate	True	not-started	
tests/verification/reliability/adapter-dependency-locale-fixture.mjs	4659e79cd19a4286985558ff99962f1a75d4a11f	6279	implementation-or-test-data	context: not an editorial deletion candidate	True	not-started	
tests/verification/reliability/adapter-dependency-locale.test.mjs	a9875ac48541f1d748a148c965f3b26cd01e3513	2149	implementation-or-test-data	context: not an editorial deletion candidate	True	not-started	
tests/verification/reliability/adapter-dependency-result.test.mjs	93ec3d279772345b4adb0a7173c041fa99b403b1	2841	implementation-or-test-data	context: not an editorial deletion candidate	True	not-started	
tests/verification/reliability/admin-approval-fixture.mjs	8ff4a953c889a1eab3f9db72683b98f1d414b5e3	5265	implementation-or-test-data	context: not an editorial deletion candidate	True	not-started	
tests/verification/reliability/admin-repair.test.mjs	dbdce951001d6cda197c7f36bbb776dbf5dc520a	10068	implementation-or-test-data	context: not an editorial deletion candidate	True	not-started	
tests/verification/reliability/admission-retirement.test.mjs	2b398ce8cc74991f2be24d64efd390738e6c8e63	35304	implementation-or-test-data	context: not an editorial deletion candidate	True	not-started	
tests/verification/reliability/agent-source-ingress.test.ts	f11e2c14c60dea821bd224e056feace638ee0247	4387	implementation-or-test-data	context: not an editorial deletion candidate	True	not-started	
tests/verification/reliability/approval-source-fixture.mjs	244687c74cd9cb65b171c80811d52c675d6ce856	9796	implementation-or-test-data	context: not an editorial deletion candidate	True	not-started	
tests/verification/reliability/approval-source.test.mjs	930d4376a0882fd85d15b5c2e83f2efdbd42da01	13141	implementation-or-test-data	context: not an editorial deletion candidate	True	not-started	
tests/verification/reliability/architecture-risk-acceptance.test.mjs	478b23eb691086cc0ea31f8a849d434e9c157401	3549	implementation-or-test-data	context: not an editorial deletion candidate	True	not-started	
tests/verification/reliability/archviewer-native.test.mjs	a672a91f6882a13498d595bc463cad3a8439806f	3663	implementation-or-test-data	context: not an editorial deletion candidate	True	not-started	
tests/verification/reliability/artifact-checkpoint-encoding.test.mjs	5e466db727019e43f104794c74b3d5b46c7934f9	6057	implementation-or-test-data	context: not an editorial deletion candidate	True	not-started	
tests/verification/reliability/artifact-checkpoint-review.test.mjs	48f8039515507009e47449dd6590f782bc33408d	5017	implementation-or-test-data	context: not an editorial deletion candidate	True	not-started	
tests/verification/reliability/attempt-projection-recovery.test.mjs	ae08dc532aa634891115482e593f3c16cb8b0b27	8948	implementation-or-test-data	context: not an editorial deletion candidate	True	not-started	
tests/verification/reliability/attempt-projection-review.test.mjs	00b7742452b0c1de2a1551879198f5430a236762	7408	implementation-or-test-data	context: not an editorial deletion candidate	True	not-started	
tests/verification/reliability/audit-projection.test.mts	bae167a0694609600d0a9fa5b54127930e4ac7f7	1695	implementation-or-test-data	context: not an editorial deletion candidate	True	not-started	
tests/verification/reliability/blob-budget.test.mts	121c900356d1f0e47bb24c1f8346273e5402707b	2275	implementation-or-test-data	context: not an editorial deletion candidate	True	not-started	
tests/verification/reliability/blob-read-boundary.test.mjs	0f36c009428a6c4d9b924af554646a2a09b2d75a	4711	implementation-or-test-data	context: not an editorial deletion candidate	True	not-started	
tests/verification/reliability/blob-read-independent.test.mjs	fe7e24a19bf81cd4b611d15ac4b7a7d12c2c5ff5	2180	implementation-or-test-data	context: not an editorial deletion candidate	True	not-started	
tests/verification/reliability/buster-fixture-control.test.mts	d2a5b06e12682773f609695c550e6f58b0ce1196	6088	implementation-or-test-data	context: not an editorial deletion candidate	True	not-started	
tests/verification/reliability/buster-fixture-journal.test.mts	cbf7bdcbe5939d22a130d69a15decff7b9f226e4	6863	implementation-or-test-data	context: not an editorial deletion candidate	True	not-started	
tests/verification/reliability/buster-job-compaction.test.mts	95d3d5df8400115d34fadf09eab70d0c0980dcce	28632	implementation-or-test-data	context: not an editorial deletion candidate	True	not-started	
tests/verification/reliability/buster-shutdown-storage.test.mts	7421733715677ee30c95b7b6b22d357a9ceb435f	8905	implementation-or-test-data	context: not an editorial deletion candidate	True	not-started	
tests/verification/reliability/buster-terminal-workspace-native.test.mts	a183840aaa4aef01d6e155d0b6fd1bc184c8f8bd	2489	implementation-or-test-data	context: not an editorial deletion candidate	True	not-started	
tests/verification/reliability/coverage-interaction.test.mts	9e0e51c95a926af749d2f50d10ae6604949f733c	5815	implementation-or-test-data	context: not an editorial deletion candidate	True	not-started	
tests/verification/reliability/coverage-remote.test.mts	6225bdef34164697311203be357f453288c2c8e8	6205	implementation-or-test-data	context: not an editorial deletion candidate	True	not-started	
tests/verification/reliability/decisions-and-snapshots.test.mts	9200df2078e398f39c681f768620de23d584bca9	3694	implementation-or-test-data	context: not an editorial deletion candidate	True	not-started	
tests/verification/reliability/delivery-manifest-gate-reference.test.mjs	b2c3890eb6e29a0b61cf605eeb1934c6e0bd6b36	2696	implementation-or-test-data	context: not an editorial deletion candidate	True	not-started	
tests/verification/reliability/delivery-manifest-import-boundary.test.mjs	74d94e2569ad6e8fc31aaa535e5678bd8b2cd894	5068	implementation-or-test-data	context: not an editorial deletion candidate	True	not-started	
tests/verification/reliability/delivery-manifest-v3-cancellation.test.mjs	9ba9bc55ede3ccf37eef0654781e0b57521a86fc	7956	implementation-or-test-data	context: not an editorial deletion candidate	True	not-started	
tests/verification/reliability/delivery-manifest-v3-compiler.test.mjs	6979d21d8ec7a6c9396d53b8eb7e9ce52a841ef4	5543	implementation-or-test-data	context: not an editorial deletion candidate	True	not-started	
tests/verification/reliability/delivery-manifest-v3-durability.test.mjs	ed3da46172e515feda2c96806fb0ecc56a0e9c4a	5092	implementation-or-test-data	context: not an editorial deletion candidate	True	not-started	
tests/verification/reliability/delivery-manifest-v3-stage-boundary-child.mjs	909e036dd1f92a8e3b8d7ab43381f9632422926e	42994	implementation-or-test-data	context: not an editorial deletion candidate	True	not-started	
tests/verification/reliability/delivery-manifest-v3-stage-boundary.test.mjs	f1b4713e9059cc73106c7511aa96f6bfa327cca0	8923	implementation-or-test-data	context: not an editorial deletion candidate	True	not-started	
tests/verification/reliability/demo-credential-source.test.mjs	bd62c55ca43b2a502a4a4d37cd8c45bec82a5e36	2650	implementation-or-test-data	context: not an editorial deletion candidate	True	not-started	
tests/verification/reliability/demo-exposure-handoff.test.mjs	0875cb54034217404860ba6815b8f968e4ef6b1e	4190	implementation-or-test-data	context: not an editorial deletion candidate	True	not-started	
tests/verification/reliability/discord-delivery-receipt.test.mts	bd3b3d6b354865c2c0bf8a89164565ce7527156b	10630	implementation-or-test-data	context: not an editorial deletion candidate	True	not-started	
tests/verification/reliability/effect-identity-version.test.mts	56197ef3403a5deb9e3bb517b6f02968e24a4fd0	9481	implementation-or-test-data	context: not an editorial deletion candidate	True	not-started	
tests/verification/reliability/effect-journal-ownership.test.mts	83478055b8c7988a98c666592c06196002097dbf	2931	implementation-or-test-data	context: not an editorial deletion candidate	True	not-started	
tests/verification/reliability/effect-lock-lifetime.test.mts	70f172452443d2875c4d15b1e6864f31b9c0aead	5768	implementation-or-test-data	context: not an editorial deletion candidate	True	not-started	
tests/verification/reliability/external-effect-recovery.test.mts	8de7ab46ee9f05a60909b2de1ee4a54de5e1f202	8048	implementation-or-test-data	context: not an editorial deletion candidate	True	not-started	
tests/verification/reliability/fixtures/forge-runtime.mts	0b3ffb555279c45aad756ab0b61a77107e617e9f	11973	test-fixture	excluded from editorial migration; preserve test behavior and inspect dependencies	False	not-started	
tests/verification/reliability/fixtures/legacy-effects/README.md	4f7291da3b049ea7b9ebc0977b39042d51d19c4c	1839	test-fixture	excluded from editorial migration; preserve test behavior and inspect dependencies	False	not-started	
tests/verification/reliability/fixtures/legacy-effects/artifact.jsonl	c6672dfa73958454292737f56f17c1d2250c4172	2426	test-fixture	excluded from editorial migration; preserve test behavior and inspect dependencies	False	not-started	
tests/verification/reliability/fixtures/legacy-effects/dispatch.jsonl	b7429a1c4314f925cc45c7d661978359e52fceaa	2049	test-fixture	excluded from editorial migration; preserve test behavior and inspect dependencies	False	not-started	
tests/verification/reliability/fixtures/legacy-effects/locale-dependent.jsonl	6401e38eb6175490c10fa6ed0fe8676afac2d419	2507	test-fixture	excluded from editorial migration; preserve test behavior and inspect dependencies	False	not-started	
tests/verification/reliability/fixtures/legacy-review-cache/engine-snapshots.ts.txt	6f5301c0a9d93b4444fd9131021491b2e0a05a64	11380	test-fixture	excluded from editorial migration; preserve test behavior and inspect dependencies	False	not-started	
tests/verification/reliability/fixtures/legacy-review-cache/provenance.json	49c2146d8c736d0ae5021d84aba600763aff4bc3	581	test-fixture	excluded from editorial migration; preserve test behavior and inspect dependencies	False	not-started	
tests/verification/reliability/fixtures/legacy-review-cache/repository-audit-cache.ts.txt	cde3f6efe3e823305f7927ae92eab0720caf1562	5170	test-fixture	excluded from editorial migration; preserve test behavior and inspect dependencies	False	not-started	
tests/verification/reliability/fixtures/legacy-review-cache/review-content-cache.ts.txt	dea59ce9706260194672f6bb26b8806344912174	7482	test-fixture	excluded from editorial migration; preserve test behavior and inspect dependencies	False	not-started	
tests/verification/reliability/fixtures/legacy-source-producer/README.md	c0a34f16c072a62dfdd3719972152ca9f2af23e5	1121	test-fixture	excluded from editorial migration; preserve test behavior and inspect dependencies	False	not-started	
tests/verification/reliability/fixtures/legacy-source-producer/core/execution/engine-run.ts.txt	99b865021bb31525d3583c054971a38861f8abac	10563	test-fixture	excluded from editorial migration; preserve test behavior and inspect dependencies	False	not-started	
tests/verification/reliability/fixtures/legacy-source-producer/core/execution/engine-snapshots.ts.txt	a63c3f3961ebe8ca86328bf428d419307f539f0b	10070	test-fixture	excluded from editorial migration; preserve test behavior and inspect dependencies	False	not-started	
tests/verification/reliability/fixtures/legacy-source-producer/core/execution/graph.ts.txt	b322a16aba2459c03feb2e6e70cc3d6069e09001	4370	test-fixture	excluded from editorial migration; preserve test behavior and inspect dependencies	False	not-started	
tests/verification/reliability/fixtures/legacy-source-producer/core/execution/runner.ts.txt	2f0801f5fab1aa601c14efe743cbe68456916fdb	5369	test-fixture	excluded from editorial migration; preserve test behavior and inspect dependencies	False	not-started	
tests/verification/reliability/fixtures/legacy-source-producer/project/cli.ts.txt	a24f69af5f0a5b937c7658f349d29acf75068e99	3716	test-fixture	excluded from editorial migration; preserve test behavior and inspect dependencies	False	not-started	
tests/verification/reliability/fixtures/legacy-source-producer/project/compiler.ts.txt	6312674dd5bf110365c5513818adc985f3c0b3e1	13373	test-fixture	excluded from editorial migration; preserve test behavior and inspect dependencies	False	not-started	
tests/verification/reliability/fixtures/legacy-source-producer/project/source.ts.txt	bc31d5c1c499e1e2ddc3c7943383647e78a71f5c	5188	test-fixture	excluded from editorial migration; preserve test behavior and inspect dependencies	False	not-started	
tests/verification/reliability/fixtures/legacy-source-producer/provenance.json	ce27868464066e259f35d0e8b57fdd4d0364beb6	2184	test-fixture	excluded from editorial migration; preserve test behavior and inspect dependencies	False	not-started	
tests/verification/reliability/fixtures/legacy-source-snapshots/README.md	eef6625b9ae6f8bf83df469bec4c52a9310e2596	942	test-fixture	excluded from editorial migration; preserve test behavior and inspect dependencies	False	not-started	
tests/verification/reliability/fixtures/legacy-source-snapshots/ascii/definition.json	e850cc4de1e6cf9f3ed24b5d2878aa89c433e00b	265	test-fixture	excluded from editorial migration; preserve test behavior and inspect dependencies	False	not-started	
tests/verification/reliability/fixtures/legacy-source-snapshots/ascii/run-snapshot.json	b4544b8dcfcf04332cdd5cb46b79434531bd0fb8	681	test-fixture	excluded from editorial migration; preserve test behavior and inspect dependencies	False	not-started	
tests/verification/reliability/fixtures/legacy-source-snapshots/unicode/definition.json	fa4e00cefbf7b0f3ea882729e37cca8e86de5fab	272	test-fixture	excluded from editorial migration; preserve test behavior and inspect dependencies	False	not-started	
tests/verification/reliability/fixtures/legacy-source-snapshots/unicode/run-snapshot.json	3679de6862beea1e37774a7af24ce3dd9df02f0d	688	test-fixture	excluded from editorial migration; preserve test behavior and inspect dependencies	False	not-started	
tests/verification/reliability/fixtures/legacy-transport-profile/engine-snapshots-v2.ts.txt	acca2d4107e47cc61c5659276e03e62204c62fcf	10520	test-fixture	excluded from editorial migration; preserve test behavior and inspect dependencies	False	not-started	
tests/verification/reliability/fixtures/legacy-transport-profile/provenance.json	a4defcaa5c5f0ca2931564e8fe901447fa255205	294	test-fixture	excluded from editorial migration; preserve test behavior and inspect dependencies	False	not-started	
tests/verification/reliability/fixtures/operator-retention-worker.mjs	e7bc261905e4f69b49a0f2014222d5e042995305	1416	test-fixture	excluded from editorial migration; preserve test behavior and inspect dependencies	False	not-started	
tests/verification/reliability/fixtures/prism-reader-stage-original.md	acdeaf0dff015a52d7bad53ca5c50bce70e4c6c2	683	test-fixture	excluded from editorial migration; preserve test behavior and inspect dependencies	False	not-started	
tests/verification/reliability/fixtures/prism-reader-stage-original.ts.txt	0c54e631bc9b22300206624b39cfa9ff7a74611a	6302	test-fixture	excluded from editorial migration; preserve test behavior and inspect dependencies	False	not-started	
tests/verification/reliability/fixtures/review-report-storage-original.json	605474761abf9bce0b463207bf4f9fb80beba0e9	7170	test-fixture	excluded from editorial migration; preserve test behavior and inspect dependencies	False	not-started	
tests/verification/reliability/fixtures/state-lock-worker.mjs	2ff0a0940f67a23c6e8648f5ec7012edbac1f55b	1064	test-fixture	excluded from editorial migration; preserve test behavior and inspect dependencies	False	not-started	
tests/verification/reliability/forge-lock-wait.test.mts	8fadad31561dc81330584eefff2d0810d7d5056b	7425	implementation-or-test-data	context: not an editorial deletion candidate	True	not-started	
tests/verification/reliability/forge-workspace.test.mts	029972526dd1a14046f3b02e596844081bc96701	6298	implementation-or-test-data	context: not an editorial deletion candidate	True	not-started	
tests/verification/reliability/http-authority.test.mts	d3f7399692fe16796201e550bf65d607821dd7d5	4289	implementation-or-test-data	context: not an editorial deletion candidate	True	not-started	
tests/verification/reliability/isolation-session.test.mjs	d0686acd1e3b5584f8ca67ef4c5a2c690e0daa94	8448	implementation-or-test-data	context: not an editorial deletion candidate	True	not-started	
tests/verification/reliability/kubernetes-manifest-budget.test.mjs	ac9db7ea0c95e6d3e7805644e7a0f59fa4badff9	3603	implementation-or-test-data	context: not an editorial deletion candidate	True	not-started	
tests/verification/reliability/legacy-cli-diagnostic-reproducibility.test.mjs	3919a02127c9bd9ec4c8ce62f546626e644b3819	1238	implementation-or-test-data	context: not an editorial deletion candidate	True	not-started	
tests/verification/reliability/lifecycle.test.mts	9f809277d75b6830205118b33d6ab57914e89215	6553	implementation-or-test-data	context: not an editorial deletion candidate	True	not-started	
tests/verification/reliability/lighthouse-startup.test.mts	2b1fe43c597c0dbbe93773a804365e7ecde3a081	1483	implementation-or-test-data	context: not an editorial deletion candidate	True	not-started	
tests/verification/reliability/lint-candidate.test.mts	395fa15c3e3dd4f82f5bfb2393a505bd175e026f	2340	implementation-or-test-data	context: not an editorial deletion candidate	True	not-started	
tests/verification/reliability/native-process-cancellation.test.mts	f5024e901b25e61eeb1ddf6e97cce6ec004602d3	2354	implementation-or-test-data	context: not an editorial deletion candidate	True	not-started	
tests/verification/reliability/native-process-launches.test.mts	ecdb3eed0c00b4b847d95ced51db0d2a1cf6e069	2694	implementation-or-test-data	context: not an editorial deletion candidate	True	not-started	
tests/verification/reliability/native-test-cgroup.mts	caf85db82d0e6f0b79fe70733bbce31b7b8bb27c	752	implementation-or-test-data	context: not an editorial deletion candidate	True	not-started	
tests/verification/reliability/nova-dispatch-projection.test.mjs	3d7bb6669ccc1e4d2f3550719130d6c7fb01557a	34915	implementation-or-test-data	context: not an editorial deletion candidate	True	not-started	
tests/verification/reliability/nova-dispatch-retained-authority.test.mjs	f8457d003fa1de3be2f760d11a3f4bbe2ca73210	7406	implementation-or-test-data	context: not an editorial deletion candidate	True	not-started	
tests/verification/reliability/nova-remote-faults.mts	411907e37d5d9d3b7905e36c949a24f8eab2f4b7	7587	implementation-or-test-data	context: not an editorial deletion candidate	True	not-started	
tests/verification/reliability/nova-source-deadline.test.mts	c03929ec099ba868dac6559d8132654034a77d67	7524	implementation-or-test-data	context: not an editorial deletion candidate	True	not-started	
tests/verification/reliability/nova-store-boundaries.test.mts	6d50e29edcaa9f5ddc95f279011a7e1f247c3508	7526	implementation-or-test-data	context: not an editorial deletion candidate	True	not-started	
tests/verification/reliability/observability-replay.test.mjs	f263878dfca27e4a182aa9c56b98039238d8bf1c	11168	implementation-or-test-data	context: not an editorial deletion candidate	True	not-started	
tests/verification/reliability/observability-retirement-plan.test.mjs	616692be78013cd69118a593527903994819b156	18494	implementation-or-test-data	context: not an editorial deletion candidate	True	not-started	
tests/verification/reliability/observer-recovery.test.mts	d6c74771251241141cd413b2ea80b408e46c821c	6583	implementation-or-test-data	context: not an editorial deletion candidate	True	not-started	
tests/verification/reliability/operator-delivery.test.mts	80a81fa93484dd75499ba313633f9ae07c3ca859	9475	implementation-or-test-data	context: not an editorial deletion candidate	True	not-started	
tests/verification/reliability/operator-projection-independent.test.mjs	35931a4cbba7ef3c4a0c2f7a0907d34efc0c2868	5394	implementation-or-test-data	context: not an editorial deletion candidate	True	not-started	
tests/verification/reliability/operator-request-projection.test.mjs	82203b8a512e590d1185a20ca5abc5ce03ee2d0c	17164	implementation-or-test-data	context: not an editorial deletion candidate	True	not-started	
tests/verification/reliability/operator-retention-authority-fixture.test.mjs	159cef9246ca0ade920126d87d8e56334267fdf4	10647	implementation-or-test-data	context: not an editorial deletion candidate	True	not-started	
tests/verification/reliability/prism-native-startup.test.mts	02d13853bd305526f132281e0a4bdee76341e5b0	4337	implementation-or-test-data	context: not an editorial deletion candidate	True	not-started	
tests/verification/reliability/prism-reader-consumer.mjs	4502facbc63c589a5bf206097e5c07696420c9bb	1502	implementation-or-test-data	context: not an editorial deletion candidate	True	not-started	
tests/verification/reliability/prism-reader-fixture.mjs	3fe64551caee014d83a42ea90949fabce45d9085	11536	implementation-or-test-data	context: not an editorial deletion candidate	True	not-started	
tests/verification/reliability/prism-reader-replay.mjs	6170de6de06fb9029bb91ce40d6adf4c86efb4a0	6369	implementation-or-test-data	context: not an editorial deletion candidate	True	not-started	
tests/verification/reliability/prism-reader-value.test.mjs	3e205a46fec557a031d4357ba17466c5eace24b2	5547	implementation-or-test-data	context: not an editorial deletion candidate	True	not-started	
tests/verification/reliability/project-recovery-version.test.mjs	595c86b18b216b2a1963e07dfccc9f112f04b352	2479	implementation-or-test-data	context: not an editorial deletion candidate	True	not-started	
tests/verification/reliability/project-source-fixture.mjs	00031c2e56d52874c3f58f0a0f761da64d24c7e6	5704	implementation-or-test-data	context: not an editorial deletion candidate	True	not-started	
tests/verification/reliability/project-source.test.mjs	d443f862bbc3845d14ad676db088f3e4bd7fd493	7396	implementation-or-test-data	context: not an editorial deletion candidate	True	not-started	
tests/verification/reliability/provider-completion.test.mjs	fdbe893423f799e42a6a4368d6a4a7957d410af9	2417	implementation-or-test-data	context: not an editorial deletion candidate	True	not-started	
tests/verification/reliability/qdrant-migration-native.mjs	1d88c292d12a77fe1b1d5b6a778a70e8bf13454d	6821	implementation-or-test-data	context: not an editorial deletion candidate	True	not-started	
tests/verification/reliability/qdrant-native-support.mjs	bd7f954e77752112a33ecbb805ca09a901fcd8e1	3934	implementation-or-test-data	context: not an editorial deletion candidate	True	not-started	
tests/verification/reliability/qdrant-native.test.mjs	465df1f2e2f024d326c01be8bb1f982d83e613e6	8226	implementation-or-test-data	context: not an editorial deletion candidate	True	not-started	
tests/verification/reliability/record-fenced-read-independent.test.mjs	7a8d759880365d64e3673ce469b9ee1f40a57097	3808	implementation-or-test-data	context: not an editorial deletion candidate	True	not-started	
tests/verification/reliability/record-transition-authority-independent.test.mjs	76e8c31a3387e6f0f3c0cc5b71a2f0e27c37dda2	2953	implementation-or-test-data	context: not an editorial deletion candidate	True	not-started	
tests/verification/reliability/redis-durability.test.mts	6c00e49c2742cef9af4d331b3750f99052a90448	4990	implementation-or-test-data	context: not an editorial deletion candidate	True	not-started	
tests/verification/reliability/redis-migration.test.mts	8aa1b8cd8aa246b4fa5f3a53a040ec56b387d4d6	5963	implementation-or-test-data	context: not an editorial deletion candidate	True	not-started	
tests/verification/reliability/redis-transport.test.mts	e37bc5cab6cead3dcfff8f25e4975fcdc5ffa590	8409	implementation-or-test-data	context: not an editorial deletion candidate	True	not-started	
tests/verification/reliability/registration-contract-exports.test.mts	52782e0cf11f71d3b8963d5965d0e89bf58908f0	1992	implementation-or-test-data	context: not an editorial deletion candidate	True	not-started	
tests/verification/reliability/registry-schema-isolation.test.mjs	6d1144a4bffec73a6c607e19bee3fb3be97bb629	3034	implementation-or-test-data	context: not an editorial deletion candidate	True	not-started	
tests/verification/reliability/repair-budget-fixture.mjs	9e691303f460b11bf7abc058a106756400d69144	2723	implementation-or-test-data	context: not an editorial deletion candidate	True	not-started	
tests/verification/reliability/repair-budget-recovery.test.mjs	51b0a888da5ae64d3a0b9f0672dc8935eeda0b14	8254	implementation-or-test-data	context: not an editorial deletion candidate	True	not-started	
tests/verification/reliability/repair-budget.test.mjs	7db151c9cc387fa54af17550233133937ddd3692	8426	implementation-or-test-data	context: not an editorial deletion candidate	True	not-started	
tests/verification/reliability/repair-evidence.test.mts	f68f996543e15c859cf1a1b008567b7747f9db45	3747	implementation-or-test-data	context: not an editorial deletion candidate	True	not-started	
tests/verification/reliability/repair-identity-admin-independent.test.mjs	145b03328bfab931a8c6c2204638dc639f3c6eb6	3924	implementation-or-test-data	context: not an editorial deletion candidate	True	not-started	
tests/verification/reliability/repair-identity-historical-producer.test.mjs	7dcb444b661a01fc6097457c6a0801cccbc2e656	1698	implementation-or-test-data	context: not an editorial deletion candidate	True	not-started	
tests/verification/reliability/repair-identity-historical.mjs	b7322f564e7a46d97b559632d1ab3a9b2f8e55fd	3006	implementation-or-test-data	context: not an editorial deletion candidate	True	not-started	
tests/verification/reliability/repair-identity-independent.test.mjs	5f78f51b1d623e94d1fdf18ed254cbbbc182fd8a	9977	implementation-or-test-data	context: not an editorial deletion candidate	True	not-started	
tests/verification/reliability/repair-identity-locale.test.mjs	cd5319163116da1587138cd6a793835fb1fa5f38	2443	implementation-or-test-data	context: not an editorial deletion candidate	True	not-started	
tests/verification/reliability/repair-identity-resume.mjs	d2df6ef50a94f661eca4add830c182a8776095bd	1321	implementation-or-test-data	context: not an editorial deletion candidate	True	not-started	
tests/verification/reliability/report-evidence.test.mts	8240ca6a5475e22f0d20f1cf067c934960d992fb	14259	implementation-or-test-data	context: not an editorial deletion candidate	True	not-started	
tests/verification/reliability/report-identity-fixture.mjs	73c9459f9ad4956c6578765cb9ef9242bd763f2b	12946	implementation-or-test-data	context: not an editorial deletion candidate	True	not-started	
tests/verification/reliability/repository-result-paths.test.mjs	0a2465c48f1fa2be9488ffa15a1301ba0f2a44b1	4646	implementation-or-test-data	context: not an editorial deletion candidate	True	not-started	
tests/verification/reliability/result-reservation.test.mts	3e8b081a880418aa2f6b74884ba3e5087f44a307	5324	implementation-or-test-data	context: not an editorial deletion candidate	True	not-started	
tests/verification/reliability/review-cache-independent.test.mjs	c9a3bf0a80435fce50337c8100c9941dca1b5460	4549	implementation-or-test-data	context: not an editorial deletion candidate	True	not-started	
tests/verification/reliability/review-cache-legacy-prefix.test.mjs	7b1ae8174ac56c53f7284daa6a46c409d2f8aee7	10416	implementation-or-test-data	context: not an editorial deletion candidate	True	not-started	
tests/verification/reliability/review-cache-native-profile.test.mjs	2f9f071878fac2f7fa62ea8285d66e943ea60fba	5186	implementation-or-test-data	context: not an editorial deletion candidate	True	not-started	
tests/verification/reliability/review-cache-profile.test.mjs	7a8a088f8303b275b70925356ff264adb0bb6cbd	6667	implementation-or-test-data	context: not an editorial deletion candidate	True	not-started	
tests/verification/reliability/review-cache-storage-negative.test.mjs	ac0264d21868aa9311e7c978decd4468843dba1b	5468	implementation-or-test-data	context: not an editorial deletion candidate	True	not-started	
tests/verification/reliability/review-candidate.test.mts	f2548a513687a73c971fd1313a983e50c777086e	8313	implementation-or-test-data	context: not an editorial deletion candidate	True	not-started	
tests/verification/reliability/review-evidence-compiler-recovery.test.mjs	080e0312da869e1e68b4eea23089afb308ff3f74	2489	implementation-or-test-data	context: not an editorial deletion candidate	True	not-started	
tests/verification/reliability/review-inner-owner-independent.test.mjs	7b0a06515ce8df40241bc984d5d5aad78e65bb59	12154	implementation-or-test-data	context: not an editorial deletion candidate	True	not-started	
tests/verification/reliability/review-report-author-domain-independent.test.mjs	5cfd6ac1d9cb1e49e6ea25085041ecd199d4bcc9	2031	implementation-or-test-data	context: not an editorial deletion candidate	True	not-started	
tests/verification/reliability/review-report-compiler-recovery.test.mjs	56a08619bb6401b2a3fd5d33ee1c1099f49f0bc7	6803	implementation-or-test-data	context: not an editorial deletion candidate	True	not-started	
tests/verification/reliability/review-report-corruption-independent.test.mjs	59f9a2b98a934c46893bc02bbca411398ef11861	2345	implementation-or-test-data	context: not an editorial deletion candidate	True	not-started	
tests/verification/reliability/review-report-crash-independent.test.mjs	657959f54fea980000806f7e4768f3ab98c7e311	4853	implementation-or-test-data	context: not an editorial deletion candidate	True	not-started	
tests/verification/reliability/review-report-locale-child.mjs	59898763c7909dbee4097c5a28f3aa018359b84f	4510	implementation-or-test-data	context: not an editorial deletion candidate	True	not-started	
tests/verification/reliability/review-report-locale-fixture.mjs	c793af953f757819885fa89d89ebbfb196f7712d	3823	implementation-or-test-data	context: not an editorial deletion candidate	True	not-started	
tests/verification/reliability/review-report-locales.test.mjs	924b4bd9d8f15f86553fbd1ef9cc96d95377522f	5126	implementation-or-test-data	context: not an editorial deletion candidate	True	not-started	
tests/verification/reliability/review-report-storage-boundary.test.mjs	0e12aef8cc12bdb06f9769976145d43f22bf5bdf	3047	implementation-or-test-data	context: not an editorial deletion candidate	True	not-started	
tests/verification/reliability/review-report-summary-fixture.mjs	4b0bf3048632e1ee6b14fec9740c249e321d4323	4379	implementation-or-test-data	context: not an editorial deletion candidate	True	not-started	
tests/verification/reliability/review-semantic-compiler.test.mjs	3ca52bf6cf64149ffb52835e35b8e050b9b83d06	5766	implementation-or-test-data	context: not an editorial deletion candidate	True	not-started	
tests/verification/reliability/review-semantic-inner-owners.test.mjs	feb56bd82945a02b458218a17062360557445a75	13440	implementation-or-test-data	context: not an editorial deletion candidate	True	not-started	
tests/verification/reliability/review-semantic-summary-child.mjs	bb225c4e8768c1f99b65223d494d45c394cb7761	6271	implementation-or-test-data	context: not an editorial deletion candidate	True	not-started	
tests/verification/reliability/review-semantic-summary.test.mjs	91b210a3c8ab113c05ddbf00048e87a7433ac0ef	2237	implementation-or-test-data	context: not an editorial deletion candidate	True	not-started	
tests/verification/reliability/runtime-dispatch-native-profile.test.mjs	f568982c91952ac6a86908728e705b6d4a187076	20335	implementation-or-test-data	context: not an editorial deletion candidate	True	not-started	
tests/verification/reliability/runtime-dispatch-profile-independent.test.mjs	893c91ae53c17da0b801c095303b3f591a77efa9	6248	implementation-or-test-data	context: not an editorial deletion candidate	True	not-started	
tests/verification/reliability/runtime-dispatch-profile.test.mjs	f12eefc0ed4d1de1ddddb880bbeac5ffd8d9735c	4835	implementation-or-test-data	context: not an editorial deletion candidate	True	not-started	
tests/verification/reliability/runtime-profile-no-trap.test.mjs	d6c1129593aba00e09fe331048be42559f50fe56	6645	implementation-or-test-data	context: not an editorial deletion candidate	True	not-started	
tests/verification/reliability/runtime-profile-proxy-independent.test.mjs	157b5c1ecdfa784ed260bb117b31549d9faf01ab	2601	implementation-or-test-data	context: not an editorial deletion candidate	True	not-started	
tests/verification/reliability/runtime-session-cleanup.test.mts	8658919f4a2c5bcc2d12e14f0c0172c82177a593	14478	implementation-or-test-data	context: not an editorial deletion candidate	True	not-started	
tests/verification/reliability/sdk-json-contract.test.mts	4b59c58cf1f53742b3141d1cdb1a7e7058ffb674	3581	implementation-or-test-data	context: not an editorial deletion candidate	True	not-started	
tests/verification/reliability/sdk-json-portable.test.mts	5a39a870bc005b75d3f3b58012dd674c8962e8ec	8440	implementation-or-test-data	context: not an editorial deletion candidate	True	not-started	
tests/verification/reliability/source-identity-version.test.mjs	12ca77b85b2fd7e87deaf34f1d6443e398c99761	5731	implementation-or-test-data	context: not an editorial deletion candidate	True	not-started	
tests/verification/reliability/source-snapshot-version.test.mjs	1497f6b7c402727f4498e0e4fbfef56d2bec9249	4947	implementation-or-test-data	context: not an editorial deletion candidate	True	not-started	
tests/verification/reliability/state-ownership.test.mjs	ca7e2fd2273fd97a0c2ac77efa2639540828efe0	7502	implementation-or-test-data	context: not an editorial deletion candidate	True	not-started	
tests/verification/reliability/stateful-release-pins.test.mjs	c4af4d34fc5b45d5e2df6ec104368fa34293d2e6	5275	implementation-or-test-data	context: not an editorial deletion candidate	True	not-started	
tests/verification/reliability/tailscale-api-fixture.mjs	c052c5fc84b4546d5ae22238b0de2ca3ab9ff750	5492	implementation-or-test-data	context: not an editorial deletion candidate	True	not-started	
tests/verification/reliability/tailscale-generation.test.mjs	ff178ea3b52cd0299a4235293ee3f088334b93cc	5765	implementation-or-test-data	context: not an editorial deletion candidate	True	not-started	
tests/verification/reliability/telemetry-retirement.test.mjs	833057411c5b1794f075e51cc1cd297d5d2084db	12961	implementation-or-test-data	context: not an editorial deletion candidate	True	not-started	
tests/verification/reliability/tsconfig.buster-fixture.json	22ada50df3344872b89f049f230085f45e25b170	501	implementation-or-test-data	context: not an editorial deletion candidate	True	not-started	
tests/verification/reliability/tsconfig.buster-shutdown.json	64f510e48245f9d9682672c56db99bc762d41283	122	implementation-or-test-data	context: not an editorial deletion candidate	True	not-started	
tests/verification/reliability/tsconfig.native-scope.json	9471e35565ea6488fc4f3d3107a7821aa68511ef	156	implementation-or-test-data	context: not an editorial deletion candidate	True	not-started	
tests/verification/reliability/worker-control-channel.test.mts	ceae83480c116569c83ab0407291ffb636c0ab66	4168	implementation-or-test-data	context: not an editorial deletion candidate	True	not-started	
tests/verification/reliability/worker-deadline-fixture.mts	7c9b7838274aa74e07f6b7e5f633c67489a62961	4117	implementation-or-test-data	context: not an editorial deletion candidate	True	not-started	
tests/verification/reliability/worker-deadline.test.mts	cc20b73896d64d483a02729dba28c1db444fd1bd	8013	implementation-or-test-data	context: not an editorial deletion candidate	True	not-started	
tests/verification/reliability/worker-native-contract.test.mts	ebf9ff221da5d9ab2a38384ac6f49ee2a3070e69	4169	implementation-or-test-data	context: not an editorial deletion candidate	True	not-started	
tests/verification/reliability/worker-native-journal.test.mts	cfa5d6850458b25aa3abeb9cc4017c3d323bc0fb	10537	implementation-or-test-data	context: not an editorial deletion candidate	True	not-started	
tests/verification/reliability/worker-native-launcher.test.mts	c4d83a6c2bfae22fe7d5a4eab781dc4c0b7e7f1e	2993	implementation-or-test-data	context: not an editorial deletion candidate	True	not-started	
tests/verification/reliability/worker-native-observation.test.mts	133b79d30598ffb4bb5ad572be1e59ab7d57d6d8	2510	implementation-or-test-data	context: not an editorial deletion candidate	True	not-started	
tests/verification/reliability/worker-native-scope-live.mts	44720bfe23beb3429f4c8a9177105d74fa639073	11370	implementation-or-test-data	context: not an editorial deletion candidate	True	not-started	
tests/verification/reliability/worker-observation-durability.test.mts	29d8c012bcd99e77c391c3b69767ca72c1ed5fb4	7839	implementation-or-test-data	context: not an editorial deletion candidate	True	not-started	
tests/verification/reliability/worker-output-spool.test.mts	65e3d3efcea2be8da4ab2b808a71afb8d60b8e81	4709	implementation-or-test-data	context: not an editorial deletion candidate	True	not-started	
tests/verification/reliability/worker-ownership-store.test.mts	dc923074bffc627b59fbfd20eea4924728e9d12a	8578	implementation-or-test-data	context: not an editorial deletion candidate	True	not-started	
tests/verification/reliability/worker-resource-reservations.test.mts	9efa00ad5dbfa2e0c96dc5cde7b0fc6f42de4c46	3112	implementation-or-test-data	context: not an editorial deletion candidate	True	not-started	
tests/verification/reliability/worker-terminal-resources.test.mts	d15dda5b3c48d7b92365062478a6ac618f34630b	8246	implementation-or-test-data	context: not an editorial deletion candidate	True	not-started	
tests/verification/run-fast-verification.sh	5e1f36e3237952512457a3baa2c8e2facfba48a1	1372	implementation-or-test-data	context: not an editorial deletion candidate	True	not-started	
tests/verification/run-full-verification.sh	66bd337c8f6bc858f1be9a4c4088a42b5772c913	2494	implementation-or-test-data	context: not an editorial deletion candidate	True	not-started	
tests/verification/run-local-acp-verification.sh	d21b14eb6ba4e4ac3ad966790fef4c5b3a02035a	539	implementation-or-test-data	context: not an editorial deletion candidate	True	not-started	
tools/native-worker-nri/go.mod	7029f571bde3447e30f1d7845fb0b48c7444aa2a	1039	implementation-or-test-data	context: not an editorial deletion candidate	False	not-started	
tools/native-worker-nri/go.sum	4573bfb0fda2dfcac0570019fdd692dd8fe9b5d2	9169	implementation-or-test-data	context: not an editorial deletion candidate	False	not-started	
tools/native-worker-nri/main.go	ad04fed37ab77ae77ab856e31448ab76cfd593f7	4781	implementation-or-test-data	context: not an editorial deletion candidate	True	not-started	
tools/native-worker-nri/main_test.go	1b0e255a11769be0436ba945339bd482e2c45532	5511	implementation-or-test-data	context: not an editorial deletion candidate	True	not-started	
tools/ops-mcp/Dockerfile	5ee1c0bddfc59d2839786fa263657ca0b8cba2d1	1847	implementation-or-test-data	context: not an editorial deletion candidate	False	not-started	
tools/ops-mcp/hubble/LICENSE	a2e486a803a5aba3295ad18ff7599db80c6cef3a	11350	license	excluded: legal license text	False	not-started	
tools/ops-mcp/hubble/README.md	3e914c3fabf421137ebde930605560211ab36818	838	component-or-root-documentation	in-scope	True	not-started	
tools/ops-mcp/hubble/go.mod	7e2565498c736739ef1c37c5639f542b7f088fd7	7386	implementation-or-test-data	context: not an editorial deletion candidate	False	not-started	
tools/ops-mcp/hubble/go.sum	1e6385a58908b48509f562a0d1adbf1b92604688	36305	implementation-or-test-data	context: not an editorial deletion candidate	False	not-started	
tools/ops-mcp/hubble/main.go	7db6a4a69bdcf4df7777af32b686b055e4a54556	317	implementation-or-test-data	context: not an editorial deletion candidate	True	not-started	
tools/ops-mcp/package-lock.json	9412f3b4f2d7d08eae49b9326c9ed491f89608fb	3067	implementation-or-test-data	context: not an editorial deletion candidate	False	not-started	
tools/ops-mcp/package.json	cebe4be2dd5b7dcbaf4475f4586be3a8632131d0	442	implementation-or-test-data	context: not an editorial deletion candidate	True	not-started	
tools/ops-mcp/src/authentication.mjs	84bf0eb74932e85f788f41b08111349a5a5ec6d0	1626	implementation-or-test-data	context: not an editorial deletion candidate	True	not-started	
tools/ops-mcp/src/config.mjs	7b96f17ad76c7817bd7ddc05122ad7dafaf4f2d5	1477	implementation-or-test-data	context: not an editorial deletion candidate	True	not-started	
tools/ops-mcp/src/diagnostics.mjs	653e2780a92e895c9d8eda90658d9f484d5d7a55	1626	implementation-or-test-data	context: not an editorial deletion candidate	True	not-started	
tools/ops-mcp/src/hubble.mjs	9c5e41caf82f8ba70584be048db078937b02a79e	6461	implementation-or-test-data	context: not an editorial deletion candidate	True	not-started	
tools/ops-mcp/src/kubernetes.mjs	45c598f3dbee0cce065c90019711257ced313d6d	4445	implementation-or-test-data	context: not an editorial deletion candidate	True	not-started	
tools/ops-mcp/src/server.mjs	ce6b859ea2692d5ebdebdf9e85270853a307d812	20550	implementation-or-test-data	context: not an editorial deletion candidate	True	not-started	
tools/ops-mcp/test-image.sh	178e25efa5c248be45ad5f7899ea8d5fbecec809	1929	implementation-or-test-data	context: not an editorial deletion candidate	True	not-started	
tools/ops-mcp/test/authentication.test.mjs	d47f0baa58a1fe337208b6fb882d4797ec00436b	4016	implementation-or-test-data	context: not an editorial deletion candidate	True	not-started	
tools/ops-mcp/test/bootstrap.test.mjs	add964e68cd1408de133ca166342cfbedc470f19	3568	implementation-or-test-data	context: not an editorial deletion candidate	True	not-started	modified
tools/ops-mcp/test/diagnostics.test.mjs	4d0adc63d29dbae6169506fa6fb15b20b4328c3c	1125	implementation-or-test-data	context: not an editorial deletion candidate	True	not-started	
tools/ops-mcp/test/http.test.mjs	211565ef695feb21de7008472b4f0e4d59bd5e9b	1482	implementation-or-test-data	context: not an editorial deletion candidate	True	not-started	
tools/ops-mcp/test/hubble.test.mjs	6e2ba45db63e70598f1b075d4a80d84e87f1f13e	3139	implementation-or-test-data	context: not an editorial deletion candidate	True	not-started	
tools/ops-mcp/test/kubernetes.test.mjs	dc8b14d7a9a94baba126802a658f1707dc3dd006	5213	implementation-or-test-data	context: not an editorial deletion candidate	True	not-started	
tools/ops-mcp/test/local.test.mjs	5667cec9505fa0f92c413d488a71521ac2ddb68b	2787	implementation-or-test-data	context: not an editorial deletion candidate	True	not-started	
tools/ops-mcp/test/policy_contract_test.py	0df741c253dda9e840e353aa2ce4c4d955b95ac4	3078	implementation-or-test-data	context: not an editorial deletion candidate	True	not-started	
tsconfig.base.json	1871814ddea4daa22e538000c8319e7e70f8fb02	390	implementation-or-test-data	context: not an editorial deletion candidate	False	not-started	
versions.json	7839d501fb517800db4ff474a403c080312ec007	7060	implementation-or-test-data	context: not an editorial deletion candidate	False	not-started	
